phase,mean_budget_fraction,median_budget_fraction,minimum_budget_fraction,maximum_budget_fraction
archive_fallback,0.08293951388888889,0.1,0.0042,0.1
budget_completion,0.5976437962962963,0.5865,0.3675,0.8346666666666667
center_local,0.06880083333333334,0.051,0.0,0.15
coordinate_sweep,0.20401329861111112,0.18426666666666666,0.107,0.3
far_basin,0.006420000000000001,0.0064,0.0,0.016
final_polish,0.03131922453703703,0.0405,0.0021,0.05
initial_design,0.008863333333333336,0.0078,0.00345,0.0165
