baseline,baseline_display,paired_problems,basingraph_better,basingraph_worse,ties,paired_win_probability_with_half_ties,median_basingraph_minus_baseline
Random,Random Search,1440,1375,64,1,0.9552083333333333,-7.5422376137650655
LHS,Latin Hypercube Sampling,1440,1369,69,2,0.9513888888888888,-8.695183038486398
MS_LBFGSB,Multi-start L-BFGS-B,1440,818,241,381,0.7003472222222222,-4.659852073984894e-06
DE,Differential Evolution,1440,685,602,153,0.5288194444444444,0.0
CMA_ES,CMA-ES,1440,319,798,323,0.33368055555555554,1.2019995665468741e-08
BIPOP_CMA_ES,BIPOP-CMA-ES,1440,238,883,319,0.2760416666666667,8.645880313906673e-07
