dimension,development_10_FE_per_dim,holdout_10_FE_per_dim,holdout_minus_development_10_FE_per_dim,development_100_FE_per_dim,holdout_100_FE_per_dim,holdout_minus_development_100_FE_per_dim,development_1000_FE_per_dim,holdout_1000_FE_per_dim,holdout_minus_development_1000_FE_per_dim,development_mean_final_value_rank,holdout_mean_final_value_rank
2,0.14406318143217176,0.14358660009861943,-0.00047658133355232835,0.5364923741233837,0.5206971667488494,-0.015795207374534326,0.7434640518847249,0.7124863850536927,-0.030977666831032202,3.3912037037037037,3.3586805555555554
5,0.05909585935787856,0.06059368151435455,0.0014978221564759878,0.3398692814486084,0.34769880013149246,0.007829518682884062,0.5604575149298707,0.5377178665351743,-0.022739648394696443,3.3912037037037037,3.3586805555555554
10,0.12663398531667763,0.13065087045255322,0.004016885135875586,0.2875816999506904,0.29316448882314267,0.005582788872452282,0.46296296296296297,0.47494553336620643,0.011982570403243464,3.3912037037037037,3.3586805555555554
