algorithm,algorithm_display,mean_final_rank,median_final_rank,best_or_tied_runs,median_final_normalized_gap,q25_final_normalized_gap,q75_final_normalized_gap,median_budget_ratio,mean_wall_time_seconds,records
BasinGraph_v2,BasinGraph 2.0.0-rc1,1.7527777777777778,1.0,509,0.0005933811942998655,0.0,0.0787891483957359,1.0,2.514577476907147,720
MS_LBFGSB,Multi-start L-BFGS-B,2.823611111111111,2.0,209,0.0357747849122119,2.519237567219094e-15,0.13392194588338016,1.0,0.04408729292499624,720
CMA_ES,CMA-ES,2.827777777777778,3.0,83,0.008078653454780904,0.00046914604989442413,0.06381242495158371,1.0,0.8943084840232688,720
BIPOP_CMA_ES,BIPOP-CMA-ES,3.0208333333333335,3.0,62,0.00910465455883404,0.0008462831665720325,0.07878948183737514,1.0,0.8535216376723838,720
DE,Differential Evolution,5.175694444444445,5.0,7,0.45873141848602317,0.14087898329736925,3.0164178399408406,1.0,0.09142755313203246,720
Random,Random Search,6.09375,6.0,0,0.5506352118851252,0.32779638431158226,1.8333333333333333,1.0,0.03810362789738262,720
LHS,Latin Hypercube Sampling,6.305555555555555,6.0,0,0.5452372973441912,0.33072434405850304,3.945997271662192,1.0,0.052014166496094985,720
