algorithm,algorithm_display,mean_ert_rank,median_ert_rank,best_ert_or_tied_blocks,solved_problem_target_blocks,fully_solved_problem_target_blocks,total_problem_target_blocks,mean_target_success_rate,median_finite_ert_per_dimension,q75_finite_ert_per_dimension
BasinGraph_v2,BasinGraph 2.0.0-rc1,1.9444444444444444,1.0,96,124,69,144,0.5650462962962963,38.592,499.16
MS_LBFGSB,Multi-start L-BFGS-B,3.138888888888889,4.0,29,73,56,144,0.44120370370370376,1.2,37.0
CMA_ES,CMA-ES,3.420138888888889,4.0,17,78,29,144,0.33888888888888885,117.62028985507246,475.11142857142863
BIPOP_CMA_ES,BIPOP-CMA-ES,3.9375,4.5,3,70,27,144,0.32222222222222224,108.04903846153846,287.38454545454545
DE,Differential Evolution,5.149305555555555,5.0,0,7,1,144,0.026620370370370367,129.30357142857142,344.6485714285715
Random,Random Search,5.190972222222222,5.0,1,1,1,144,0.006944444444444444,0.002,0.002
LHS,Latin Hypercube Sampling,5.21875,5.0,0,1,1,144,0.006944444444444444,0.0036,0.0036
