{
  "status": "STEP_B8D_CUTEST_HOLDOUT_ANALYSIS_OK",
  "created_utc": "2026-06-21T18:43:07.942002+00:00",
  "run_id": "v2rc1_cutest_holdout_20260621T175759Z",
  "package_manifest_entries": 23,
  "package_manifest_verified": true,
  "frozen_evidence_hashes_verified": true,
  "compact_job_records": 720,
  "raw_rows": 5040,
  "problems": 24,
  "algorithms": 7,
  "paired_seeds": 30,
  "problem_seed_jobs": 720,
  "target_runtime_records": 30240,
  "problem_target_blocks": 144,
  "analysis_plan_sha256": "d304dfbd763319ae9909ee0f3f07225852fa846c97aecbc2289bb2ba5626c2ce",
  "implementation_version": "2.0.0-rc1",
  "options_hash": "031b9c3df716889e48e2db753c73ec960b96a0239173ce791b4ed1ee63ed0f69",
  "basingraph_mean_ert_rank": 1.9444444444444444,
  "basingraph_overall_target_success_rate": 0.5650462962962963,
  "basingraph_mean_final_rank": 1.7527777777777778,
  "basingraph_best_or_tied_runs": 509,
  "friedman_statistic": 107.82089552238806,
  "friedman_p_value": 5.8265839499194574e-21,
  "archive_saturation_fraction": 1.0,
  "mean_graph_edges": 68.99444444444444
}