algorithm,function_index,dimension,instance_index,budget,seed
BasinGraph,1,5,21,5000,20365829
BasinGraph,1,5,22,5000,20365830
BasinGraph,1,5,23,5000,20365831
BasinGraph,1,5,24,5000,20365832
BasinGraph,1,5,25,5000,20365833
BasinGraph,1,5,26,5000,20365834
BasinGraph,1,5,27,5000,20365835
BasinGraph,1,5,28,5000,20365836
BasinGraph,1,5,29,5000,20365837
BasinGraph,1,5,30,5000,20365838
BasinGraph,2,5,21,5000,20465829
BasinGraph,2,5,22,5000,20465830
BasinGraph,2,5,23,5000,20465831
BasinGraph,2,5,24,5000,20465832
BasinGraph,2,5,25,5000,20465833
BasinGraph,2,5,26,5000,20465834
BasinGraph,2,5,27,5000,20465835
BasinGraph,2,5,28,5000,20465836
BasinGraph,2,5,29,5000,20465837
BasinGraph,2,5,30,5000,20465838
BasinGraph,3,5,21,5000,20565829
BasinGraph,3,5,22,5000,20565830
BasinGraph,3,5,23,5000,20565831
BasinGraph,3,5,24,5000,20565832
BasinGraph,3,5,25,5000,20565833
BasinGraph,3,5,26,5000,20565834
BasinGraph,3,5,27,5000,20565835
BasinGraph,3,5,28,5000,20565836
BasinGraph,3,5,29,5000,20565837
BasinGraph,3,5,30,5000,20565838
BasinGraph,4,5,21,5000,20665829
BasinGraph,4,5,22,5000,20665830
BasinGraph,4,5,23,5000,20665831
BasinGraph,4,5,24,5000,20665832
BasinGraph,4,5,25,5000,20665833
BasinGraph,4,5,26,5000,20665834
BasinGraph,4,5,27,5000,20665835
BasinGraph,4,5,28,5000,20665836
BasinGraph,4,5,29,5000,20665837
BasinGraph,4,5,30,5000,20665838
BasinGraph,5,5,21,5000,20765829
BasinGraph,5,5,22,5000,20765830
BasinGraph,5,5,23,5000,20765831
BasinGraph,5,5,24,5000,20765832
BasinGraph,5,5,25,5000,20765833
BasinGraph,5,5,26,5000,20765834
BasinGraph,5,5,27,5000,20765835
BasinGraph,5,5,28,5000,20765836
BasinGraph,5,5,29,5000,20765837
BasinGraph,5,5,30,5000,20765838
BasinGraph,6,5,21,5000,20865829
BasinGraph,6,5,22,5000,20865830
BasinGraph,6,5,23,5000,20865831
BasinGraph,6,5,24,5000,20865832
BasinGraph,6,5,25,5000,20865833
BasinGraph,6,5,26,5000,20865834
BasinGraph,6,5,27,5000,20865835
BasinGraph,6,5,28,5000,20865836
BasinGraph,6,5,29,5000,20865837
BasinGraph,6,5,30,5000,20865838
BasinGraph,7,5,21,5000,20965829
BasinGraph,7,5,22,5000,20965830
BasinGraph,7,5,23,5000,20965831
BasinGraph,7,5,24,5000,20965832
BasinGraph,7,5,25,5000,20965833
BasinGraph,7,5,26,5000,20965834
BasinGraph,7,5,27,5000,20965835
BasinGraph,7,5,28,5000,20965836
BasinGraph,7,5,29,5000,20965837
BasinGraph,7,5,30,5000,20965838
BasinGraph,8,5,21,5000,21065829
BasinGraph,8,5,22,5000,21065830
BasinGraph,8,5,23,5000,21065831
BasinGraph,8,5,24,5000,21065832
BasinGraph,8,5,25,5000,21065833
BasinGraph,8,5,26,5000,21065834
BasinGraph,8,5,27,5000,21065835
BasinGraph,8,5,28,5000,21065836
BasinGraph,8,5,29,5000,21065837
BasinGraph,8,5,30,5000,21065838
BasinGraph,9,5,21,5000,21165829
BasinGraph,9,5,22,5000,21165830
BasinGraph,9,5,23,5000,21165831
BasinGraph,9,5,24,5000,21165832
BasinGraph,9,5,25,5000,21165833
BasinGraph,9,5,26,5000,21165834
BasinGraph,9,5,27,5000,21165835
BasinGraph,9,5,28,5000,21165836
BasinGraph,9,5,29,5000,21165837
BasinGraph,9,5,30,5000,21165838
BasinGraph,10,5,21,5000,21265829
BasinGraph,10,5,22,5000,21265830
BasinGraph,10,5,23,5000,21265831
BasinGraph,10,5,24,5000,21265832
BasinGraph,10,5,25,5000,21265833
BasinGraph,10,5,26,5000,21265834
BasinGraph,10,5,27,5000,21265835
BasinGraph,10,5,28,5000,21265836
BasinGraph,10,5,29,5000,21265837
BasinGraph,10,5,30,5000,21265838
BasinGraph,11,5,21,5000,21365829
BasinGraph,11,5,22,5000,21365830
BasinGraph,11,5,23,5000,21365831
BasinGraph,11,5,24,5000,21365832
BasinGraph,11,5,25,5000,21365833
BasinGraph,11,5,26,5000,21365834
BasinGraph,11,5,27,5000,21365835
BasinGraph,11,5,28,5000,21365836
BasinGraph,11,5,29,5000,21365837
BasinGraph,11,5,30,5000,21365838
BasinGraph,12,5,21,5000,21465829
BasinGraph,12,5,22,5000,21465830
BasinGraph,12,5,23,5000,21465831
BasinGraph,12,5,24,5000,21465832
BasinGraph,12,5,25,5000,21465833
BasinGraph,12,5,26,5000,21465834
BasinGraph,12,5,27,5000,21465835
BasinGraph,12,5,28,5000,21465836
BasinGraph,12,5,29,5000,21465837
BasinGraph,12,5,30,5000,21465838
BasinGraph,13,5,21,5000,21565829
BasinGraph,13,5,22,5000,21565830
BasinGraph,13,5,23,5000,21565831
BasinGraph,13,5,24,5000,21565832
BasinGraph,13,5,25,5000,21565833
BasinGraph,13,5,26,5000,21565834
BasinGraph,13,5,27,5000,21565835
BasinGraph,13,5,28,5000,21565836
BasinGraph,13,5,29,5000,21565837
BasinGraph,13,5,30,5000,21565838
BasinGraph,14,5,21,5000,21665829
BasinGraph,14,5,22,5000,21665830
BasinGraph,14,5,23,5000,21665831
BasinGraph,14,5,24,5000,21665832
BasinGraph,14,5,25,5000,21665833
BasinGraph,14,5,26,5000,21665834
BasinGraph,14,5,27,5000,21665835
BasinGraph,14,5,28,5000,21665836
BasinGraph,14,5,29,5000,21665837
BasinGraph,14,5,30,5000,21665838
BasinGraph,15,5,21,5000,21765829
BasinGraph,15,5,22,5000,21765830
BasinGraph,15,5,23,5000,21765831
BasinGraph,15,5,24,5000,21765832
BasinGraph,15,5,25,5000,21765833
BasinGraph,15,5,26,5000,21765834
BasinGraph,15,5,27,5000,21765835
BasinGraph,15,5,28,5000,21765836
BasinGraph,15,5,29,5000,21765837
BasinGraph,15,5,30,5000,21765838
BasinGraph,16,5,21,5000,21865829
BasinGraph,16,5,22,5000,21865830
BasinGraph,16,5,23,5000,21865831
BasinGraph,16,5,24,5000,21865832
BasinGraph,16,5,25,5000,21865833
BasinGraph,16,5,26,5000,21865834
BasinGraph,16,5,27,5000,21865835
BasinGraph,16,5,28,5000,21865836
BasinGraph,16,5,29,5000,21865837
BasinGraph,16,5,30,5000,21865838
BasinGraph,17,5,21,5000,21965829
BasinGraph,17,5,22,5000,21965830
BasinGraph,17,5,23,5000,21965831
BasinGraph,17,5,24,5000,21965832
BasinGraph,17,5,25,5000,21965833
BasinGraph,17,5,26,5000,21965834
BasinGraph,17,5,27,5000,21965835
BasinGraph,17,5,28,5000,21965836
BasinGraph,17,5,29,5000,21965837
BasinGraph,17,5,30,5000,21965838
BasinGraph,18,5,21,5000,22065829
BasinGraph,18,5,22,5000,22065830
BasinGraph,18,5,23,5000,22065831
BasinGraph,18,5,24,5000,22065832
BasinGraph,18,5,25,5000,22065833
BasinGraph,18,5,26,5000,22065834
BasinGraph,18,5,27,5000,22065835
BasinGraph,18,5,28,5000,22065836
BasinGraph,18,5,29,5000,22065837
BasinGraph,18,5,30,5000,22065838
BasinGraph,19,5,21,5000,22165829
BasinGraph,19,5,22,5000,22165830
BasinGraph,19,5,23,5000,22165831
BasinGraph,19,5,24,5000,22165832
BasinGraph,19,5,25,5000,22165833
BasinGraph,19,5,26,5000,22165834
BasinGraph,19,5,27,5000,22165835
BasinGraph,19,5,28,5000,22165836
BasinGraph,19,5,29,5000,22165837
BasinGraph,19,5,30,5000,22165838
BasinGraph,20,5,21,5000,22265829
BasinGraph,20,5,22,5000,22265830
BasinGraph,20,5,23,5000,22265831
BasinGraph,20,5,24,5000,22265832
BasinGraph,20,5,25,5000,22265833
BasinGraph,20,5,26,5000,22265834
BasinGraph,20,5,27,5000,22265835
BasinGraph,20,5,28,5000,22265836
BasinGraph,20,5,29,5000,22265837
BasinGraph,20,5,30,5000,22265838
BasinGraph,21,5,21,5000,22365829
BasinGraph,21,5,22,5000,22365830
BasinGraph,21,5,23,5000,22365831
BasinGraph,21,5,24,5000,22365832
BasinGraph,21,5,25,5000,22365833
BasinGraph,21,5,26,5000,22365834
BasinGraph,21,5,27,5000,22365835
BasinGraph,21,5,28,5000,22365836
BasinGraph,21,5,29,5000,22365837
BasinGraph,21,5,30,5000,22365838
BasinGraph,22,5,21,5000,22465829
BasinGraph,22,5,22,5000,22465830
BasinGraph,22,5,23,5000,22465831
BasinGraph,22,5,24,5000,22465832
BasinGraph,22,5,25,5000,22465833
BasinGraph,22,5,26,5000,22465834
BasinGraph,22,5,27,5000,22465835
BasinGraph,22,5,28,5000,22465836
BasinGraph,22,5,29,5000,22465837
BasinGraph,22,5,30,5000,22465838
BasinGraph,23,5,21,5000,22565829
BasinGraph,23,5,22,5000,22565830
BasinGraph,23,5,23,5000,22565831
BasinGraph,23,5,24,5000,22565832
BasinGraph,23,5,25,5000,22565833
BasinGraph,23,5,26,5000,22565834
BasinGraph,23,5,27,5000,22565835
BasinGraph,23,5,28,5000,22565836
BasinGraph,23,5,29,5000,22565837
BasinGraph,23,5,30,5000,22565838
BasinGraph,24,5,21,5000,22665829
BasinGraph,24,5,22,5000,22665830
BasinGraph,24,5,23,5000,22665831
BasinGraph,24,5,24,5000,22665832
BasinGraph,24,5,25,5000,22665833
BasinGraph,24,5,26,5000,22665834
BasinGraph,24,5,27,5000,22665835
BasinGraph,24,5,28,5000,22665836
BasinGraph,24,5,29,5000,22665837
BasinGraph,24,5,30,5000,22665838
BasinGraph,1,20,21,20000,20380829
BasinGraph,1,20,22,20000,20380830
BasinGraph,1,20,23,20000,20380831
BasinGraph,1,20,24,20000,20380832
BasinGraph,1,20,25,20000,20380833
BasinGraph,1,20,26,20000,20380834
BasinGraph,1,20,27,20000,20380835
BasinGraph,1,20,28,20000,20380836
BasinGraph,1,20,29,20000,20380837
BasinGraph,1,20,30,20000,20380838
BasinGraph,2,20,21,20000,20480829
BasinGraph,2,20,22,20000,20480830
BasinGraph,2,20,23,20000,20480831
BasinGraph,2,20,24,20000,20480832
BasinGraph,2,20,25,20000,20480833
BasinGraph,2,20,26,20000,20480834
BasinGraph,2,20,27,20000,20480835
BasinGraph,2,20,28,20000,20480836
BasinGraph,2,20,29,20000,20480837
BasinGraph,2,20,30,20000,20480838
BasinGraph,3,20,21,20000,20580829
BasinGraph,3,20,22,20000,20580830
BasinGraph,3,20,23,20000,20580831
BasinGraph,3,20,24,20000,20580832
BasinGraph,3,20,25,20000,20580833
BasinGraph,3,20,26,20000,20580834
BasinGraph,3,20,27,20000,20580835
BasinGraph,3,20,28,20000,20580836
BasinGraph,3,20,29,20000,20580837
BasinGraph,3,20,30,20000,20580838
BasinGraph,4,20,21,20000,20680829
BasinGraph,4,20,22,20000,20680830
BasinGraph,4,20,23,20000,20680831
BasinGraph,4,20,24,20000,20680832
BasinGraph,4,20,25,20000,20680833
BasinGraph,4,20,26,20000,20680834
BasinGraph,4,20,27,20000,20680835
BasinGraph,4,20,28,20000,20680836
BasinGraph,4,20,29,20000,20680837
BasinGraph,4,20,30,20000,20680838
BasinGraph,5,20,21,20000,20780829
BasinGraph,5,20,22,20000,20780830
BasinGraph,5,20,23,20000,20780831
BasinGraph,5,20,24,20000,20780832
BasinGraph,5,20,25,20000,20780833
BasinGraph,5,20,26,20000,20780834
BasinGraph,5,20,27,20000,20780835
BasinGraph,5,20,28,20000,20780836
BasinGraph,5,20,29,20000,20780837
BasinGraph,5,20,30,20000,20780838
BasinGraph,6,20,21,20000,20880829
BasinGraph,6,20,22,20000,20880830
BasinGraph,6,20,23,20000,20880831
BasinGraph,6,20,24,20000,20880832
BasinGraph,6,20,25,20000,20880833
BasinGraph,6,20,26,20000,20880834
BasinGraph,6,20,27,20000,20880835
BasinGraph,6,20,28,20000,20880836
BasinGraph,6,20,29,20000,20880837
BasinGraph,6,20,30,20000,20880838
BasinGraph,7,20,21,20000,20980829
BasinGraph,7,20,22,20000,20980830
BasinGraph,7,20,23,20000,20980831
BasinGraph,7,20,24,20000,20980832
BasinGraph,7,20,25,20000,20980833
BasinGraph,7,20,26,20000,20980834
BasinGraph,7,20,27,20000,20980835
BasinGraph,7,20,28,20000,20980836
BasinGraph,7,20,29,20000,20980837
BasinGraph,7,20,30,20000,20980838
BasinGraph,8,20,21,20000,21080829
BasinGraph,8,20,22,20000,21080830
BasinGraph,8,20,23,20000,21080831
BasinGraph,8,20,24,20000,21080832
BasinGraph,8,20,25,20000,21080833
BasinGraph,8,20,26,20000,21080834
BasinGraph,8,20,27,20000,21080835
BasinGraph,8,20,28,20000,21080836
BasinGraph,8,20,29,20000,21080837
BasinGraph,8,20,30,20000,21080838
BasinGraph,9,20,21,20000,21180829
BasinGraph,9,20,22,20000,21180830
BasinGraph,9,20,23,20000,21180831
BasinGraph,9,20,24,20000,21180832
BasinGraph,9,20,25,20000,21180833
BasinGraph,9,20,26,20000,21180834
BasinGraph,9,20,27,20000,21180835
BasinGraph,9,20,28,20000,21180836
BasinGraph,9,20,29,20000,21180837
BasinGraph,9,20,30,20000,21180838
BasinGraph,10,20,21,20000,21280829
BasinGraph,10,20,22,20000,21280830
BasinGraph,10,20,23,20000,21280831
BasinGraph,10,20,24,20000,21280832
BasinGraph,10,20,25,20000,21280833
BasinGraph,10,20,26,20000,21280834
BasinGraph,10,20,27,20000,21280835
BasinGraph,10,20,28,20000,21280836
BasinGraph,10,20,29,20000,21280837
BasinGraph,10,20,30,20000,21280838
BasinGraph,11,20,21,20000,21380829
BasinGraph,11,20,22,20000,21380830
BasinGraph,11,20,23,20000,21380831
BasinGraph,11,20,24,20000,21380832
BasinGraph,11,20,25,20000,21380833
BasinGraph,11,20,26,20000,21380834
BasinGraph,11,20,27,20000,21380835
BasinGraph,11,20,28,20000,21380836
BasinGraph,11,20,29,20000,21380837
BasinGraph,11,20,30,20000,21380838
BasinGraph,12,20,21,20000,21480829
BasinGraph,12,20,22,20000,21480830
BasinGraph,12,20,23,20000,21480831
BasinGraph,12,20,24,20000,21480832
BasinGraph,12,20,25,20000,21480833
BasinGraph,12,20,26,20000,21480834
BasinGraph,12,20,27,20000,21480835
BasinGraph,12,20,28,20000,21480836
BasinGraph,12,20,29,20000,21480837
BasinGraph,12,20,30,20000,21480838
BasinGraph,13,20,21,20000,21580829
BasinGraph,13,20,22,20000,21580830
BasinGraph,13,20,23,20000,21580831
BasinGraph,13,20,24,20000,21580832
BasinGraph,13,20,25,20000,21580833
BasinGraph,13,20,26,20000,21580834
BasinGraph,13,20,27,20000,21580835
BasinGraph,13,20,28,20000,21580836
BasinGraph,13,20,29,20000,21580837
BasinGraph,13,20,30,20000,21580838
BasinGraph,14,20,21,20000,21680829
BasinGraph,14,20,22,20000,21680830
BasinGraph,14,20,23,20000,21680831
BasinGraph,14,20,24,20000,21680832
BasinGraph,14,20,25,20000,21680833
BasinGraph,14,20,26,20000,21680834
BasinGraph,14,20,27,20000,21680835
BasinGraph,14,20,28,20000,21680836
BasinGraph,14,20,29,20000,21680837
BasinGraph,14,20,30,20000,21680838
BasinGraph,15,20,21,20000,21780829
BasinGraph,15,20,22,20000,21780830
BasinGraph,15,20,23,20000,21780831
BasinGraph,15,20,24,20000,21780832
BasinGraph,15,20,25,20000,21780833
BasinGraph,15,20,26,20000,21780834
BasinGraph,15,20,27,20000,21780835
BasinGraph,15,20,28,20000,21780836
BasinGraph,15,20,29,20000,21780837
BasinGraph,15,20,30,20000,21780838
BasinGraph,16,20,21,20000,21880829
BasinGraph,16,20,22,20000,21880830
BasinGraph,16,20,23,20000,21880831
BasinGraph,16,20,24,20000,21880832
BasinGraph,16,20,25,20000,21880833
BasinGraph,16,20,26,20000,21880834
BasinGraph,16,20,27,20000,21880835
BasinGraph,16,20,28,20000,21880836
BasinGraph,16,20,29,20000,21880837
BasinGraph,16,20,30,20000,21880838
BasinGraph,17,20,21,20000,21980829
BasinGraph,17,20,22,20000,21980830
BasinGraph,17,20,23,20000,21980831
BasinGraph,17,20,24,20000,21980832
BasinGraph,17,20,25,20000,21980833
BasinGraph,17,20,26,20000,21980834
BasinGraph,17,20,27,20000,21980835
BasinGraph,17,20,28,20000,21980836
BasinGraph,17,20,29,20000,21980837
BasinGraph,17,20,30,20000,21980838
BasinGraph,18,20,21,20000,22080829
BasinGraph,18,20,22,20000,22080830
BasinGraph,18,20,23,20000,22080831
BasinGraph,18,20,24,20000,22080832
BasinGraph,18,20,25,20000,22080833
BasinGraph,18,20,26,20000,22080834
BasinGraph,18,20,27,20000,22080835
BasinGraph,18,20,28,20000,22080836
BasinGraph,18,20,29,20000,22080837
BasinGraph,18,20,30,20000,22080838
BasinGraph,19,20,21,20000,22180829
BasinGraph,19,20,22,20000,22180830
BasinGraph,19,20,23,20000,22180831
BasinGraph,19,20,24,20000,22180832
BasinGraph,19,20,25,20000,22180833
BasinGraph,19,20,26,20000,22180834
BasinGraph,19,20,27,20000,22180835
BasinGraph,19,20,28,20000,22180836
BasinGraph,19,20,29,20000,22180837
BasinGraph,19,20,30,20000,22180838
BasinGraph,20,20,21,20000,22280829
BasinGraph,20,20,22,20000,22280830
BasinGraph,20,20,23,20000,22280831
BasinGraph,20,20,24,20000,22280832
BasinGraph,20,20,25,20000,22280833
BasinGraph,20,20,26,20000,22280834
BasinGraph,20,20,27,20000,22280835
BasinGraph,20,20,28,20000,22280836
BasinGraph,20,20,29,20000,22280837
BasinGraph,20,20,30,20000,22280838
BasinGraph,21,20,21,20000,22380829
BasinGraph,21,20,22,20000,22380830
BasinGraph,21,20,23,20000,22380831
BasinGraph,21,20,24,20000,22380832
BasinGraph,21,20,25,20000,22380833
BasinGraph,21,20,26,20000,22380834
BasinGraph,21,20,27,20000,22380835
BasinGraph,21,20,28,20000,22380836
BasinGraph,21,20,29,20000,22380837
BasinGraph,21,20,30,20000,22380838
BasinGraph,22,20,21,20000,22480829
BasinGraph,22,20,22,20000,22480830
BasinGraph,22,20,23,20000,22480831
BasinGraph,22,20,24,20000,22480832
BasinGraph,22,20,25,20000,22480833
BasinGraph,22,20,26,20000,22480834
BasinGraph,22,20,27,20000,22480835
BasinGraph,22,20,28,20000,22480836
BasinGraph,22,20,29,20000,22480837
BasinGraph,22,20,30,20000,22480838
BasinGraph,23,20,21,20000,22580829
BasinGraph,23,20,22,20000,22580830
BasinGraph,23,20,23,20000,22580831
BasinGraph,23,20,24,20000,22580832
BasinGraph,23,20,25,20000,22580833
BasinGraph,23,20,26,20000,22580834
BasinGraph,23,20,27,20000,22580835
BasinGraph,23,20,28,20000,22580836
BasinGraph,23,20,29,20000,22580837
BasinGraph,23,20,30,20000,22580838
BasinGraph,24,20,21,20000,22680829
BasinGraph,24,20,22,20000,22680830
BasinGraph,24,20,23,20000,22680831
BasinGraph,24,20,24,20000,22680832
BasinGraph,24,20,25,20000,22680833
BasinGraph,24,20,26,20000,22680834
BasinGraph,24,20,27,20000,22680835
BasinGraph,24,20,28,20000,22680836
BasinGraph,24,20,29,20000,22680837
BasinGraph,24,20,30,20000,22680838
CMA_ES,1,5,21,5000,20365829
CMA_ES,1,5,22,5000,20365830
CMA_ES,1,5,23,5000,20365831
CMA_ES,1,5,24,5000,20365832
CMA_ES,1,5,25,5000,20365833
CMA_ES,1,5,26,5000,20365834
CMA_ES,1,5,27,5000,20365835
CMA_ES,1,5,28,5000,20365836
CMA_ES,1,5,29,5000,20365837
CMA_ES,1,5,30,5000,20365838
CMA_ES,2,5,21,5000,20465829
CMA_ES,2,5,22,5000,20465830
CMA_ES,2,5,23,5000,20465831
CMA_ES,2,5,24,5000,20465832
CMA_ES,2,5,25,5000,20465833
CMA_ES,2,5,26,5000,20465834
CMA_ES,2,5,27,5000,20465835
CMA_ES,2,5,28,5000,20465836
CMA_ES,2,5,29,5000,20465837
CMA_ES,2,5,30,5000,20465838
CMA_ES,3,5,21,5000,20565829
CMA_ES,3,5,22,5000,20565830
CMA_ES,3,5,23,5000,20565831
CMA_ES,3,5,24,5000,20565832
CMA_ES,3,5,25,5000,20565833
CMA_ES,3,5,26,5000,20565834
CMA_ES,3,5,27,5000,20565835
CMA_ES,3,5,28,5000,20565836
CMA_ES,3,5,29,5000,20565837
CMA_ES,3,5,30,5000,20565838
CMA_ES,4,5,21,5000,20665829
CMA_ES,4,5,22,5000,20665830
CMA_ES,4,5,23,5000,20665831
CMA_ES,4,5,24,5000,20665832
CMA_ES,4,5,25,5000,20665833
CMA_ES,4,5,26,5000,20665834
CMA_ES,4,5,27,5000,20665835
CMA_ES,4,5,28,5000,20665836
CMA_ES,4,5,29,5000,20665837
CMA_ES,4,5,30,5000,20665838
CMA_ES,5,5,21,5000,20765829
CMA_ES,5,5,22,5000,20765830
CMA_ES,5,5,23,5000,20765831
CMA_ES,5,5,24,5000,20765832
CMA_ES,5,5,25,5000,20765833
CMA_ES,5,5,26,5000,20765834
CMA_ES,5,5,27,5000,20765835
CMA_ES,5,5,28,5000,20765836
CMA_ES,5,5,29,5000,20765837
CMA_ES,5,5,30,5000,20765838
CMA_ES,6,5,21,5000,20865829
CMA_ES,6,5,22,5000,20865830
CMA_ES,6,5,23,5000,20865831
CMA_ES,6,5,24,5000,20865832
CMA_ES,6,5,25,5000,20865833
CMA_ES,6,5,26,5000,20865834
CMA_ES,6,5,27,5000,20865835
CMA_ES,6,5,28,5000,20865836
CMA_ES,6,5,29,5000,20865837
CMA_ES,6,5,30,5000,20865838
CMA_ES,7,5,21,5000,20965829
CMA_ES,7,5,22,5000,20965830
CMA_ES,7,5,23,5000,20965831
CMA_ES,7,5,24,5000,20965832
CMA_ES,7,5,25,5000,20965833
CMA_ES,7,5,26,5000,20965834
CMA_ES,7,5,27,5000,20965835
CMA_ES,7,5,28,5000,20965836
CMA_ES,7,5,29,5000,20965837
CMA_ES,7,5,30,5000,20965838
CMA_ES,8,5,21,5000,21065829
CMA_ES,8,5,22,5000,21065830
CMA_ES,8,5,23,5000,21065831
CMA_ES,8,5,24,5000,21065832
CMA_ES,8,5,25,5000,21065833
CMA_ES,8,5,26,5000,21065834
CMA_ES,8,5,27,5000,21065835
CMA_ES,8,5,28,5000,21065836
CMA_ES,8,5,29,5000,21065837
CMA_ES,8,5,30,5000,21065838
CMA_ES,9,5,21,5000,21165829
CMA_ES,9,5,22,5000,21165830
CMA_ES,9,5,23,5000,21165831
CMA_ES,9,5,24,5000,21165832
CMA_ES,9,5,25,5000,21165833
CMA_ES,9,5,26,5000,21165834
CMA_ES,9,5,27,5000,21165835
CMA_ES,9,5,28,5000,21165836
CMA_ES,9,5,29,5000,21165837
CMA_ES,9,5,30,5000,21165838
CMA_ES,10,5,21,5000,21265829
CMA_ES,10,5,22,5000,21265830
CMA_ES,10,5,23,5000,21265831
CMA_ES,10,5,24,5000,21265832
CMA_ES,10,5,25,5000,21265833
CMA_ES,10,5,26,5000,21265834
CMA_ES,10,5,27,5000,21265835
CMA_ES,10,5,28,5000,21265836
CMA_ES,10,5,29,5000,21265837
CMA_ES,10,5,30,5000,21265838
CMA_ES,11,5,21,5000,21365829
CMA_ES,11,5,22,5000,21365830
CMA_ES,11,5,23,5000,21365831
CMA_ES,11,5,24,5000,21365832
CMA_ES,11,5,25,5000,21365833
CMA_ES,11,5,26,5000,21365834
CMA_ES,11,5,27,5000,21365835
CMA_ES,11,5,28,5000,21365836
CMA_ES,11,5,29,5000,21365837
CMA_ES,11,5,30,5000,21365838
CMA_ES,12,5,21,5000,21465829
CMA_ES,12,5,22,5000,21465830
CMA_ES,12,5,23,5000,21465831
CMA_ES,12,5,24,5000,21465832
CMA_ES,12,5,25,5000,21465833
CMA_ES,12,5,26,5000,21465834
CMA_ES,12,5,27,5000,21465835
CMA_ES,12,5,28,5000,21465836
CMA_ES,12,5,29,5000,21465837
CMA_ES,12,5,30,5000,21465838
CMA_ES,13,5,21,5000,21565829
CMA_ES,13,5,22,5000,21565830
CMA_ES,13,5,23,5000,21565831
CMA_ES,13,5,24,5000,21565832
CMA_ES,13,5,25,5000,21565833
CMA_ES,13,5,26,5000,21565834
CMA_ES,13,5,27,5000,21565835
CMA_ES,13,5,28,5000,21565836
CMA_ES,13,5,29,5000,21565837
CMA_ES,13,5,30,5000,21565838
CMA_ES,14,5,21,5000,21665829
CMA_ES,14,5,22,5000,21665830
CMA_ES,14,5,23,5000,21665831
CMA_ES,14,5,24,5000,21665832
CMA_ES,14,5,25,5000,21665833
CMA_ES,14,5,26,5000,21665834
CMA_ES,14,5,27,5000,21665835
CMA_ES,14,5,28,5000,21665836
CMA_ES,14,5,29,5000,21665837
CMA_ES,14,5,30,5000,21665838
CMA_ES,15,5,21,5000,21765829
CMA_ES,15,5,22,5000,21765830
CMA_ES,15,5,23,5000,21765831
CMA_ES,15,5,24,5000,21765832
CMA_ES,15,5,25,5000,21765833
CMA_ES,15,5,26,5000,21765834
CMA_ES,15,5,27,5000,21765835
CMA_ES,15,5,28,5000,21765836
CMA_ES,15,5,29,5000,21765837
CMA_ES,15,5,30,5000,21765838
CMA_ES,16,5,21,5000,21865829
CMA_ES,16,5,22,5000,21865830
CMA_ES,16,5,23,5000,21865831
CMA_ES,16,5,24,5000,21865832
CMA_ES,16,5,25,5000,21865833
CMA_ES,16,5,26,5000,21865834
CMA_ES,16,5,27,5000,21865835
CMA_ES,16,5,28,5000,21865836
CMA_ES,16,5,29,5000,21865837
CMA_ES,16,5,30,5000,21865838
CMA_ES,17,5,21,5000,21965829
CMA_ES,17,5,22,5000,21965830
CMA_ES,17,5,23,5000,21965831
CMA_ES,17,5,24,5000,21965832
CMA_ES,17,5,25,5000,21965833
CMA_ES,17,5,26,5000,21965834
CMA_ES,17,5,27,5000,21965835
CMA_ES,17,5,28,5000,21965836
CMA_ES,17,5,29,5000,21965837
CMA_ES,17,5,30,5000,21965838
CMA_ES,18,5,21,5000,22065829
CMA_ES,18,5,22,5000,22065830
CMA_ES,18,5,23,5000,22065831
CMA_ES,18,5,24,5000,22065832
CMA_ES,18,5,25,5000,22065833
CMA_ES,18,5,26,5000,22065834
CMA_ES,18,5,27,5000,22065835
CMA_ES,18,5,28,5000,22065836
CMA_ES,18,5,29,5000,22065837
CMA_ES,18,5,30,5000,22065838
CMA_ES,19,5,21,5000,22165829
CMA_ES,19,5,22,5000,22165830
CMA_ES,19,5,23,5000,22165831
CMA_ES,19,5,24,5000,22165832
CMA_ES,19,5,25,5000,22165833
CMA_ES,19,5,26,5000,22165834
CMA_ES,19,5,27,5000,22165835
CMA_ES,19,5,28,5000,22165836
CMA_ES,19,5,29,5000,22165837
CMA_ES,19,5,30,5000,22165838
CMA_ES,20,5,21,5000,22265829
CMA_ES,20,5,22,5000,22265830
CMA_ES,20,5,23,5000,22265831
CMA_ES,20,5,24,5000,22265832
CMA_ES,20,5,25,5000,22265833
CMA_ES,20,5,26,5000,22265834
CMA_ES,20,5,27,5000,22265835
CMA_ES,20,5,28,5000,22265836
CMA_ES,20,5,29,5000,22265837
CMA_ES,20,5,30,5000,22265838
CMA_ES,21,5,21,5000,22365829
CMA_ES,21,5,22,5000,22365830
CMA_ES,21,5,23,5000,22365831
CMA_ES,21,5,24,5000,22365832
CMA_ES,21,5,25,5000,22365833
CMA_ES,21,5,26,5000,22365834
CMA_ES,21,5,27,5000,22365835
CMA_ES,21,5,28,5000,22365836
CMA_ES,21,5,29,5000,22365837
CMA_ES,21,5,30,5000,22365838
CMA_ES,22,5,21,5000,22465829
CMA_ES,22,5,22,5000,22465830
CMA_ES,22,5,23,5000,22465831
CMA_ES,22,5,24,5000,22465832
CMA_ES,22,5,25,5000,22465833
CMA_ES,22,5,26,5000,22465834
CMA_ES,22,5,27,5000,22465835
CMA_ES,22,5,28,5000,22465836
CMA_ES,22,5,29,5000,22465837
CMA_ES,22,5,30,5000,22465838
CMA_ES,23,5,21,5000,22565829
CMA_ES,23,5,22,5000,22565830
CMA_ES,23,5,23,5000,22565831
CMA_ES,23,5,24,5000,22565832
CMA_ES,23,5,25,5000,22565833
CMA_ES,23,5,26,5000,22565834
CMA_ES,23,5,27,5000,22565835
CMA_ES,23,5,28,5000,22565836
CMA_ES,23,5,29,5000,22565837
CMA_ES,23,5,30,5000,22565838
CMA_ES,24,5,21,5000,22665829
CMA_ES,24,5,22,5000,22665830
CMA_ES,24,5,23,5000,22665831
CMA_ES,24,5,24,5000,22665832
CMA_ES,24,5,25,5000,22665833
CMA_ES,24,5,26,5000,22665834
CMA_ES,24,5,27,5000,22665835
CMA_ES,24,5,28,5000,22665836
CMA_ES,24,5,29,5000,22665837
CMA_ES,24,5,30,5000,22665838
CMA_ES,1,20,21,20000,20380829
CMA_ES,1,20,22,20000,20380830
CMA_ES,1,20,23,20000,20380831
CMA_ES,1,20,24,20000,20380832
CMA_ES,1,20,25,20000,20380833
CMA_ES,1,20,26,20000,20380834
CMA_ES,1,20,27,20000,20380835
CMA_ES,1,20,28,20000,20380836
CMA_ES,1,20,29,20000,20380837
CMA_ES,1,20,30,20000,20380838
CMA_ES,2,20,21,20000,20480829
CMA_ES,2,20,22,20000,20480830
CMA_ES,2,20,23,20000,20480831
CMA_ES,2,20,24,20000,20480832
CMA_ES,2,20,25,20000,20480833
CMA_ES,2,20,26,20000,20480834
CMA_ES,2,20,27,20000,20480835
CMA_ES,2,20,28,20000,20480836
CMA_ES,2,20,29,20000,20480837
CMA_ES,2,20,30,20000,20480838
CMA_ES,3,20,21,20000,20580829
CMA_ES,3,20,22,20000,20580830
CMA_ES,3,20,23,20000,20580831
CMA_ES,3,20,24,20000,20580832
CMA_ES,3,20,25,20000,20580833
CMA_ES,3,20,26,20000,20580834
CMA_ES,3,20,27,20000,20580835
CMA_ES,3,20,28,20000,20580836
CMA_ES,3,20,29,20000,20580837
CMA_ES,3,20,30,20000,20580838
CMA_ES,4,20,21,20000,20680829
CMA_ES,4,20,22,20000,20680830
CMA_ES,4,20,23,20000,20680831
CMA_ES,4,20,24,20000,20680832
CMA_ES,4,20,25,20000,20680833
CMA_ES,4,20,26,20000,20680834
CMA_ES,4,20,27,20000,20680835
CMA_ES,4,20,28,20000,20680836
CMA_ES,4,20,29,20000,20680837
CMA_ES,4,20,30,20000,20680838
CMA_ES,5,20,21,20000,20780829
CMA_ES,5,20,22,20000,20780830
CMA_ES,5,20,23,20000,20780831
CMA_ES,5,20,24,20000,20780832
CMA_ES,5,20,25,20000,20780833
CMA_ES,5,20,26,20000,20780834
CMA_ES,5,20,27,20000,20780835
CMA_ES,5,20,28,20000,20780836
CMA_ES,5,20,29,20000,20780837
CMA_ES,5,20,30,20000,20780838
CMA_ES,6,20,21,20000,20880829
CMA_ES,6,20,22,20000,20880830
CMA_ES,6,20,23,20000,20880831
CMA_ES,6,20,24,20000,20880832
CMA_ES,6,20,25,20000,20880833
CMA_ES,6,20,26,20000,20880834
CMA_ES,6,20,27,20000,20880835
CMA_ES,6,20,28,20000,20880836
CMA_ES,6,20,29,20000,20880837
CMA_ES,6,20,30,20000,20880838
CMA_ES,7,20,21,20000,20980829
CMA_ES,7,20,22,20000,20980830
CMA_ES,7,20,23,20000,20980831
CMA_ES,7,20,24,20000,20980832
CMA_ES,7,20,25,20000,20980833
CMA_ES,7,20,26,20000,20980834
CMA_ES,7,20,27,20000,20980835
CMA_ES,7,20,28,20000,20980836
CMA_ES,7,20,29,20000,20980837
CMA_ES,7,20,30,20000,20980838
CMA_ES,8,20,21,20000,21080829
CMA_ES,8,20,22,20000,21080830
CMA_ES,8,20,23,20000,21080831
CMA_ES,8,20,24,20000,21080832
CMA_ES,8,20,25,20000,21080833
CMA_ES,8,20,26,20000,21080834
CMA_ES,8,20,27,20000,21080835
CMA_ES,8,20,28,20000,21080836
CMA_ES,8,20,29,20000,21080837
CMA_ES,8,20,30,20000,21080838
CMA_ES,9,20,21,20000,21180829
CMA_ES,9,20,22,20000,21180830
CMA_ES,9,20,23,20000,21180831
CMA_ES,9,20,24,20000,21180832
CMA_ES,9,20,25,20000,21180833
CMA_ES,9,20,26,20000,21180834
CMA_ES,9,20,27,20000,21180835
CMA_ES,9,20,28,20000,21180836
CMA_ES,9,20,29,20000,21180837
CMA_ES,9,20,30,20000,21180838
CMA_ES,10,20,21,20000,21280829
CMA_ES,10,20,22,20000,21280830
CMA_ES,10,20,23,20000,21280831
CMA_ES,10,20,24,20000,21280832
CMA_ES,10,20,25,20000,21280833
CMA_ES,10,20,26,20000,21280834
CMA_ES,10,20,27,20000,21280835
CMA_ES,10,20,28,20000,21280836
CMA_ES,10,20,29,20000,21280837
CMA_ES,10,20,30,20000,21280838
CMA_ES,11,20,21,20000,21380829
CMA_ES,11,20,22,20000,21380830
CMA_ES,11,20,23,20000,21380831
CMA_ES,11,20,24,20000,21380832
CMA_ES,11,20,25,20000,21380833
CMA_ES,11,20,26,20000,21380834
CMA_ES,11,20,27,20000,21380835
CMA_ES,11,20,28,20000,21380836
CMA_ES,11,20,29,20000,21380837
CMA_ES,11,20,30,20000,21380838
CMA_ES,12,20,21,20000,21480829
CMA_ES,12,20,22,20000,21480830
CMA_ES,12,20,23,20000,21480831
CMA_ES,12,20,24,20000,21480832
CMA_ES,12,20,25,20000,21480833
CMA_ES,12,20,26,20000,21480834
CMA_ES,12,20,27,20000,21480835
CMA_ES,12,20,28,20000,21480836
CMA_ES,12,20,29,20000,21480837
CMA_ES,12,20,30,20000,21480838
CMA_ES,13,20,21,20000,21580829
CMA_ES,13,20,22,20000,21580830
CMA_ES,13,20,23,20000,21580831
CMA_ES,13,20,24,20000,21580832
CMA_ES,13,20,25,20000,21580833
CMA_ES,13,20,26,20000,21580834
CMA_ES,13,20,27,20000,21580835
CMA_ES,13,20,28,20000,21580836
CMA_ES,13,20,29,20000,21580837
CMA_ES,13,20,30,20000,21580838
CMA_ES,14,20,21,20000,21680829
CMA_ES,14,20,22,20000,21680830
CMA_ES,14,20,23,20000,21680831
CMA_ES,14,20,24,20000,21680832
CMA_ES,14,20,25,20000,21680833
CMA_ES,14,20,26,20000,21680834
CMA_ES,14,20,27,20000,21680835
CMA_ES,14,20,28,20000,21680836
CMA_ES,14,20,29,20000,21680837
CMA_ES,14,20,30,20000,21680838
CMA_ES,15,20,21,20000,21780829
CMA_ES,15,20,22,20000,21780830
CMA_ES,15,20,23,20000,21780831
CMA_ES,15,20,24,20000,21780832
CMA_ES,15,20,25,20000,21780833
CMA_ES,15,20,26,20000,21780834
CMA_ES,15,20,27,20000,21780835
CMA_ES,15,20,28,20000,21780836
CMA_ES,15,20,29,20000,21780837
CMA_ES,15,20,30,20000,21780838
CMA_ES,16,20,21,20000,21880829
CMA_ES,16,20,22,20000,21880830
CMA_ES,16,20,23,20000,21880831
CMA_ES,16,20,24,20000,21880832
CMA_ES,16,20,25,20000,21880833
CMA_ES,16,20,26,20000,21880834
CMA_ES,16,20,27,20000,21880835
CMA_ES,16,20,28,20000,21880836
CMA_ES,16,20,29,20000,21880837
CMA_ES,16,20,30,20000,21880838
CMA_ES,17,20,21,20000,21980829
CMA_ES,17,20,22,20000,21980830
CMA_ES,17,20,23,20000,21980831
CMA_ES,17,20,24,20000,21980832
CMA_ES,17,20,25,20000,21980833
CMA_ES,17,20,26,20000,21980834
CMA_ES,17,20,27,20000,21980835
CMA_ES,17,20,28,20000,21980836
CMA_ES,17,20,29,20000,21980837
CMA_ES,17,20,30,20000,21980838
CMA_ES,18,20,21,20000,22080829
CMA_ES,18,20,22,20000,22080830
CMA_ES,18,20,23,20000,22080831
CMA_ES,18,20,24,20000,22080832
CMA_ES,18,20,25,20000,22080833
CMA_ES,18,20,26,20000,22080834
CMA_ES,18,20,27,20000,22080835
CMA_ES,18,20,28,20000,22080836
CMA_ES,18,20,29,20000,22080837
CMA_ES,18,20,30,20000,22080838
CMA_ES,19,20,21,20000,22180829
CMA_ES,19,20,22,20000,22180830
CMA_ES,19,20,23,20000,22180831
CMA_ES,19,20,24,20000,22180832
CMA_ES,19,20,25,20000,22180833
CMA_ES,19,20,26,20000,22180834
CMA_ES,19,20,27,20000,22180835
CMA_ES,19,20,28,20000,22180836
CMA_ES,19,20,29,20000,22180837
CMA_ES,19,20,30,20000,22180838
CMA_ES,20,20,21,20000,22280829
CMA_ES,20,20,22,20000,22280830
CMA_ES,20,20,23,20000,22280831
CMA_ES,20,20,24,20000,22280832
CMA_ES,20,20,25,20000,22280833
CMA_ES,20,20,26,20000,22280834
CMA_ES,20,20,27,20000,22280835
CMA_ES,20,20,28,20000,22280836
CMA_ES,20,20,29,20000,22280837
CMA_ES,20,20,30,20000,22280838
CMA_ES,21,20,21,20000,22380829
CMA_ES,21,20,22,20000,22380830
CMA_ES,21,20,23,20000,22380831
CMA_ES,21,20,24,20000,22380832
CMA_ES,21,20,25,20000,22380833
CMA_ES,21,20,26,20000,22380834
CMA_ES,21,20,27,20000,22380835
CMA_ES,21,20,28,20000,22380836
CMA_ES,21,20,29,20000,22380837
CMA_ES,21,20,30,20000,22380838
CMA_ES,22,20,21,20000,22480829
CMA_ES,22,20,22,20000,22480830
CMA_ES,22,20,23,20000,22480831
CMA_ES,22,20,24,20000,22480832
CMA_ES,22,20,25,20000,22480833
CMA_ES,22,20,26,20000,22480834
CMA_ES,22,20,27,20000,22480835
CMA_ES,22,20,28,20000,22480836
CMA_ES,22,20,29,20000,22480837
CMA_ES,22,20,30,20000,22480838
CMA_ES,23,20,21,20000,22580829
CMA_ES,23,20,22,20000,22580830
CMA_ES,23,20,23,20000,22580831
CMA_ES,23,20,24,20000,22580832
CMA_ES,23,20,25,20000,22580833
CMA_ES,23,20,26,20000,22580834
CMA_ES,23,20,27,20000,22580835
CMA_ES,23,20,28,20000,22580836
CMA_ES,23,20,29,20000,22580837
CMA_ES,23,20,30,20000,22580838
CMA_ES,24,20,21,20000,22680829
CMA_ES,24,20,22,20000,22680830
CMA_ES,24,20,23,20000,22680831
CMA_ES,24,20,24,20000,22680832
CMA_ES,24,20,25,20000,22680833
CMA_ES,24,20,26,20000,22680834
CMA_ES,24,20,27,20000,22680835
CMA_ES,24,20,28,20000,22680836
CMA_ES,24,20,29,20000,22680837
CMA_ES,24,20,30,20000,22680838
BIPOP_CMA_ES,1,5,21,5000,20365829
BIPOP_CMA_ES,1,5,22,5000,20365830
BIPOP_CMA_ES,1,5,23,5000,20365831
BIPOP_CMA_ES,1,5,24,5000,20365832
BIPOP_CMA_ES,1,5,25,5000,20365833
BIPOP_CMA_ES,1,5,26,5000,20365834
BIPOP_CMA_ES,1,5,27,5000,20365835
BIPOP_CMA_ES,1,5,28,5000,20365836
BIPOP_CMA_ES,1,5,29,5000,20365837
BIPOP_CMA_ES,1,5,30,5000,20365838
BIPOP_CMA_ES,2,5,21,5000,20465829
BIPOP_CMA_ES,2,5,22,5000,20465830
BIPOP_CMA_ES,2,5,23,5000,20465831
BIPOP_CMA_ES,2,5,24,5000,20465832
BIPOP_CMA_ES,2,5,25,5000,20465833
BIPOP_CMA_ES,2,5,26,5000,20465834
BIPOP_CMA_ES,2,5,27,5000,20465835
BIPOP_CMA_ES,2,5,28,5000,20465836
BIPOP_CMA_ES,2,5,29,5000,20465837
BIPOP_CMA_ES,2,5,30,5000,20465838
BIPOP_CMA_ES,3,5,21,5000,20565829
BIPOP_CMA_ES,3,5,22,5000,20565830
BIPOP_CMA_ES,3,5,23,5000,20565831
BIPOP_CMA_ES,3,5,24,5000,20565832
BIPOP_CMA_ES,3,5,25,5000,20565833
BIPOP_CMA_ES,3,5,26,5000,20565834
BIPOP_CMA_ES,3,5,27,5000,20565835
BIPOP_CMA_ES,3,5,28,5000,20565836
BIPOP_CMA_ES,3,5,29,5000,20565837
BIPOP_CMA_ES,3,5,30,5000,20565838
BIPOP_CMA_ES,4,5,21,5000,20665829
BIPOP_CMA_ES,4,5,22,5000,20665830
BIPOP_CMA_ES,4,5,23,5000,20665831
BIPOP_CMA_ES,4,5,24,5000,20665832
BIPOP_CMA_ES,4,5,25,5000,20665833
BIPOP_CMA_ES,4,5,26,5000,20665834
BIPOP_CMA_ES,4,5,27,5000,20665835
BIPOP_CMA_ES,4,5,28,5000,20665836
BIPOP_CMA_ES,4,5,29,5000,20665837
BIPOP_CMA_ES,4,5,30,5000,20665838
BIPOP_CMA_ES,5,5,21,5000,20765829
BIPOP_CMA_ES,5,5,22,5000,20765830
BIPOP_CMA_ES,5,5,23,5000,20765831
BIPOP_CMA_ES,5,5,24,5000,20765832
BIPOP_CMA_ES,5,5,25,5000,20765833
BIPOP_CMA_ES,5,5,26,5000,20765834
BIPOP_CMA_ES,5,5,27,5000,20765835
BIPOP_CMA_ES,5,5,28,5000,20765836
BIPOP_CMA_ES,5,5,29,5000,20765837
BIPOP_CMA_ES,5,5,30,5000,20765838
BIPOP_CMA_ES,6,5,21,5000,20865829
BIPOP_CMA_ES,6,5,22,5000,20865830
BIPOP_CMA_ES,6,5,23,5000,20865831
BIPOP_CMA_ES,6,5,24,5000,20865832
BIPOP_CMA_ES,6,5,25,5000,20865833
BIPOP_CMA_ES,6,5,26,5000,20865834
BIPOP_CMA_ES,6,5,27,5000,20865835
BIPOP_CMA_ES,6,5,28,5000,20865836
BIPOP_CMA_ES,6,5,29,5000,20865837
BIPOP_CMA_ES,6,5,30,5000,20865838
BIPOP_CMA_ES,7,5,21,5000,20965829
BIPOP_CMA_ES,7,5,22,5000,20965830
BIPOP_CMA_ES,7,5,23,5000,20965831
BIPOP_CMA_ES,7,5,24,5000,20965832
BIPOP_CMA_ES,7,5,25,5000,20965833
BIPOP_CMA_ES,7,5,26,5000,20965834
BIPOP_CMA_ES,7,5,27,5000,20965835
BIPOP_CMA_ES,7,5,28,5000,20965836
BIPOP_CMA_ES,7,5,29,5000,20965837
BIPOP_CMA_ES,7,5,30,5000,20965838
BIPOP_CMA_ES,8,5,21,5000,21065829
BIPOP_CMA_ES,8,5,22,5000,21065830
BIPOP_CMA_ES,8,5,23,5000,21065831
BIPOP_CMA_ES,8,5,24,5000,21065832
BIPOP_CMA_ES,8,5,25,5000,21065833
BIPOP_CMA_ES,8,5,26,5000,21065834
BIPOP_CMA_ES,8,5,27,5000,21065835
BIPOP_CMA_ES,8,5,28,5000,21065836
BIPOP_CMA_ES,8,5,29,5000,21065837
BIPOP_CMA_ES,8,5,30,5000,21065838
BIPOP_CMA_ES,9,5,21,5000,21165829
BIPOP_CMA_ES,9,5,22,5000,21165830
BIPOP_CMA_ES,9,5,23,5000,21165831
BIPOP_CMA_ES,9,5,24,5000,21165832
BIPOP_CMA_ES,9,5,25,5000,21165833
BIPOP_CMA_ES,9,5,26,5000,21165834
BIPOP_CMA_ES,9,5,27,5000,21165835
BIPOP_CMA_ES,9,5,28,5000,21165836
BIPOP_CMA_ES,9,5,29,5000,21165837
BIPOP_CMA_ES,9,5,30,5000,21165838
BIPOP_CMA_ES,10,5,21,5000,21265829
BIPOP_CMA_ES,10,5,22,5000,21265830
BIPOP_CMA_ES,10,5,23,5000,21265831
BIPOP_CMA_ES,10,5,24,5000,21265832
BIPOP_CMA_ES,10,5,25,5000,21265833
BIPOP_CMA_ES,10,5,26,5000,21265834
BIPOP_CMA_ES,10,5,27,5000,21265835
BIPOP_CMA_ES,10,5,28,5000,21265836
BIPOP_CMA_ES,10,5,29,5000,21265837
BIPOP_CMA_ES,10,5,30,5000,21265838
BIPOP_CMA_ES,11,5,21,5000,21365829
BIPOP_CMA_ES,11,5,22,5000,21365830
BIPOP_CMA_ES,11,5,23,5000,21365831
BIPOP_CMA_ES,11,5,24,5000,21365832
BIPOP_CMA_ES,11,5,25,5000,21365833
BIPOP_CMA_ES,11,5,26,5000,21365834
BIPOP_CMA_ES,11,5,27,5000,21365835
BIPOP_CMA_ES,11,5,28,5000,21365836
BIPOP_CMA_ES,11,5,29,5000,21365837
BIPOP_CMA_ES,11,5,30,5000,21365838
BIPOP_CMA_ES,12,5,21,5000,21465829
BIPOP_CMA_ES,12,5,22,5000,21465830
BIPOP_CMA_ES,12,5,23,5000,21465831
BIPOP_CMA_ES,12,5,24,5000,21465832
BIPOP_CMA_ES,12,5,25,5000,21465833
BIPOP_CMA_ES,12,5,26,5000,21465834
BIPOP_CMA_ES,12,5,27,5000,21465835
BIPOP_CMA_ES,12,5,28,5000,21465836
BIPOP_CMA_ES,12,5,29,5000,21465837
BIPOP_CMA_ES,12,5,30,5000,21465838
BIPOP_CMA_ES,13,5,21,5000,21565829
BIPOP_CMA_ES,13,5,22,5000,21565830
BIPOP_CMA_ES,13,5,23,5000,21565831
BIPOP_CMA_ES,13,5,24,5000,21565832
BIPOP_CMA_ES,13,5,25,5000,21565833
BIPOP_CMA_ES,13,5,26,5000,21565834
BIPOP_CMA_ES,13,5,27,5000,21565835
BIPOP_CMA_ES,13,5,28,5000,21565836
BIPOP_CMA_ES,13,5,29,5000,21565837
BIPOP_CMA_ES,13,5,30,5000,21565838
BIPOP_CMA_ES,14,5,21,5000,21665829
BIPOP_CMA_ES,14,5,22,5000,21665830
BIPOP_CMA_ES,14,5,23,5000,21665831
BIPOP_CMA_ES,14,5,24,5000,21665832
BIPOP_CMA_ES,14,5,25,5000,21665833
BIPOP_CMA_ES,14,5,26,5000,21665834
BIPOP_CMA_ES,14,5,27,5000,21665835
BIPOP_CMA_ES,14,5,28,5000,21665836
BIPOP_CMA_ES,14,5,29,5000,21665837
BIPOP_CMA_ES,14,5,30,5000,21665838
BIPOP_CMA_ES,15,5,21,5000,21765829
BIPOP_CMA_ES,15,5,22,5000,21765830
BIPOP_CMA_ES,15,5,23,5000,21765831
BIPOP_CMA_ES,15,5,24,5000,21765832
BIPOP_CMA_ES,15,5,25,5000,21765833
BIPOP_CMA_ES,15,5,26,5000,21765834
BIPOP_CMA_ES,15,5,27,5000,21765835
BIPOP_CMA_ES,15,5,28,5000,21765836
BIPOP_CMA_ES,15,5,29,5000,21765837
BIPOP_CMA_ES,15,5,30,5000,21765838
BIPOP_CMA_ES,16,5,21,5000,21865829
BIPOP_CMA_ES,16,5,22,5000,21865830
BIPOP_CMA_ES,16,5,23,5000,21865831
BIPOP_CMA_ES,16,5,24,5000,21865832
BIPOP_CMA_ES,16,5,25,5000,21865833
BIPOP_CMA_ES,16,5,26,5000,21865834
BIPOP_CMA_ES,16,5,27,5000,21865835
BIPOP_CMA_ES,16,5,28,5000,21865836
BIPOP_CMA_ES,16,5,29,5000,21865837
BIPOP_CMA_ES,16,5,30,5000,21865838
BIPOP_CMA_ES,17,5,21,5000,21965829
BIPOP_CMA_ES,17,5,22,5000,21965830
BIPOP_CMA_ES,17,5,23,5000,21965831
BIPOP_CMA_ES,17,5,24,5000,21965832
BIPOP_CMA_ES,17,5,25,5000,21965833
BIPOP_CMA_ES,17,5,26,5000,21965834
BIPOP_CMA_ES,17,5,27,5000,21965835
BIPOP_CMA_ES,17,5,28,5000,21965836
BIPOP_CMA_ES,17,5,29,5000,21965837
BIPOP_CMA_ES,17,5,30,5000,21965838
BIPOP_CMA_ES,18,5,21,5000,22065829
BIPOP_CMA_ES,18,5,22,5000,22065830
BIPOP_CMA_ES,18,5,23,5000,22065831
BIPOP_CMA_ES,18,5,24,5000,22065832
BIPOP_CMA_ES,18,5,25,5000,22065833
BIPOP_CMA_ES,18,5,26,5000,22065834
BIPOP_CMA_ES,18,5,27,5000,22065835
BIPOP_CMA_ES,18,5,28,5000,22065836
BIPOP_CMA_ES,18,5,29,5000,22065837
BIPOP_CMA_ES,18,5,30,5000,22065838
BIPOP_CMA_ES,19,5,21,5000,22165829
BIPOP_CMA_ES,19,5,22,5000,22165830
BIPOP_CMA_ES,19,5,23,5000,22165831
BIPOP_CMA_ES,19,5,24,5000,22165832
BIPOP_CMA_ES,19,5,25,5000,22165833
BIPOP_CMA_ES,19,5,26,5000,22165834
BIPOP_CMA_ES,19,5,27,5000,22165835
BIPOP_CMA_ES,19,5,28,5000,22165836
BIPOP_CMA_ES,19,5,29,5000,22165837
BIPOP_CMA_ES,19,5,30,5000,22165838
BIPOP_CMA_ES,20,5,21,5000,22265829
BIPOP_CMA_ES,20,5,22,5000,22265830
BIPOP_CMA_ES,20,5,23,5000,22265831
BIPOP_CMA_ES,20,5,24,5000,22265832
BIPOP_CMA_ES,20,5,25,5000,22265833
BIPOP_CMA_ES,20,5,26,5000,22265834
BIPOP_CMA_ES,20,5,27,5000,22265835
BIPOP_CMA_ES,20,5,28,5000,22265836
BIPOP_CMA_ES,20,5,29,5000,22265837
BIPOP_CMA_ES,20,5,30,5000,22265838
BIPOP_CMA_ES,21,5,21,5000,22365829
BIPOP_CMA_ES,21,5,22,5000,22365830
BIPOP_CMA_ES,21,5,23,5000,22365831
BIPOP_CMA_ES,21,5,24,5000,22365832
BIPOP_CMA_ES,21,5,25,5000,22365833
BIPOP_CMA_ES,21,5,26,5000,22365834
BIPOP_CMA_ES,21,5,27,5000,22365835
BIPOP_CMA_ES,21,5,28,5000,22365836
BIPOP_CMA_ES,21,5,29,5000,22365837
BIPOP_CMA_ES,21,5,30,5000,22365838
BIPOP_CMA_ES,22,5,21,5000,22465829
BIPOP_CMA_ES,22,5,22,5000,22465830
BIPOP_CMA_ES,22,5,23,5000,22465831
BIPOP_CMA_ES,22,5,24,5000,22465832
BIPOP_CMA_ES,22,5,25,5000,22465833
BIPOP_CMA_ES,22,5,26,5000,22465834
BIPOP_CMA_ES,22,5,27,5000,22465835
BIPOP_CMA_ES,22,5,28,5000,22465836
BIPOP_CMA_ES,22,5,29,5000,22465837
BIPOP_CMA_ES,22,5,30,5000,22465838
BIPOP_CMA_ES,23,5,21,5000,22565829
BIPOP_CMA_ES,23,5,22,5000,22565830
BIPOP_CMA_ES,23,5,23,5000,22565831
BIPOP_CMA_ES,23,5,24,5000,22565832
BIPOP_CMA_ES,23,5,25,5000,22565833
BIPOP_CMA_ES,23,5,26,5000,22565834
BIPOP_CMA_ES,23,5,27,5000,22565835
BIPOP_CMA_ES,23,5,28,5000,22565836
BIPOP_CMA_ES,23,5,29,5000,22565837
BIPOP_CMA_ES,23,5,30,5000,22565838
BIPOP_CMA_ES,24,5,21,5000,22665829
BIPOP_CMA_ES,24,5,22,5000,22665830
BIPOP_CMA_ES,24,5,23,5000,22665831
BIPOP_CMA_ES,24,5,24,5000,22665832
BIPOP_CMA_ES,24,5,25,5000,22665833
BIPOP_CMA_ES,24,5,26,5000,22665834
BIPOP_CMA_ES,24,5,27,5000,22665835
BIPOP_CMA_ES,24,5,28,5000,22665836
BIPOP_CMA_ES,24,5,29,5000,22665837
BIPOP_CMA_ES,24,5,30,5000,22665838
BIPOP_CMA_ES,1,20,21,20000,20380829
BIPOP_CMA_ES,1,20,22,20000,20380830
BIPOP_CMA_ES,1,20,23,20000,20380831
BIPOP_CMA_ES,1,20,24,20000,20380832
BIPOP_CMA_ES,1,20,25,20000,20380833
BIPOP_CMA_ES,1,20,26,20000,20380834
BIPOP_CMA_ES,1,20,27,20000,20380835
BIPOP_CMA_ES,1,20,28,20000,20380836
BIPOP_CMA_ES,1,20,29,20000,20380837
BIPOP_CMA_ES,1,20,30,20000,20380838
BIPOP_CMA_ES,2,20,21,20000,20480829
BIPOP_CMA_ES,2,20,22,20000,20480830
BIPOP_CMA_ES,2,20,23,20000,20480831
BIPOP_CMA_ES,2,20,24,20000,20480832
BIPOP_CMA_ES,2,20,25,20000,20480833
BIPOP_CMA_ES,2,20,26,20000,20480834
BIPOP_CMA_ES,2,20,27,20000,20480835
BIPOP_CMA_ES,2,20,28,20000,20480836
BIPOP_CMA_ES,2,20,29,20000,20480837
BIPOP_CMA_ES,2,20,30,20000,20480838
BIPOP_CMA_ES,3,20,21,20000,20580829
BIPOP_CMA_ES,3,20,22,20000,20580830
BIPOP_CMA_ES,3,20,23,20000,20580831
BIPOP_CMA_ES,3,20,24,20000,20580832
BIPOP_CMA_ES,3,20,25,20000,20580833
BIPOP_CMA_ES,3,20,26,20000,20580834
BIPOP_CMA_ES,3,20,27,20000,20580835
BIPOP_CMA_ES,3,20,28,20000,20580836
BIPOP_CMA_ES,3,20,29,20000,20580837
BIPOP_CMA_ES,3,20,30,20000,20580838
BIPOP_CMA_ES,4,20,21,20000,20680829
BIPOP_CMA_ES,4,20,22,20000,20680830
BIPOP_CMA_ES,4,20,23,20000,20680831
BIPOP_CMA_ES,4,20,24,20000,20680832
BIPOP_CMA_ES,4,20,25,20000,20680833
BIPOP_CMA_ES,4,20,26,20000,20680834
BIPOP_CMA_ES,4,20,27,20000,20680835
BIPOP_CMA_ES,4,20,28,20000,20680836
BIPOP_CMA_ES,4,20,29,20000,20680837
BIPOP_CMA_ES,4,20,30,20000,20680838
BIPOP_CMA_ES,5,20,21,20000,20780829
BIPOP_CMA_ES,5,20,22,20000,20780830
BIPOP_CMA_ES,5,20,23,20000,20780831
BIPOP_CMA_ES,5,20,24,20000,20780832
BIPOP_CMA_ES,5,20,25,20000,20780833
BIPOP_CMA_ES,5,20,26,20000,20780834
BIPOP_CMA_ES,5,20,27,20000,20780835
BIPOP_CMA_ES,5,20,28,20000,20780836
BIPOP_CMA_ES,5,20,29,20000,20780837
BIPOP_CMA_ES,5,20,30,20000,20780838
BIPOP_CMA_ES,6,20,21,20000,20880829
BIPOP_CMA_ES,6,20,22,20000,20880830
BIPOP_CMA_ES,6,20,23,20000,20880831
BIPOP_CMA_ES,6,20,24,20000,20880832
BIPOP_CMA_ES,6,20,25,20000,20880833
BIPOP_CMA_ES,6,20,26,20000,20880834
BIPOP_CMA_ES,6,20,27,20000,20880835
BIPOP_CMA_ES,6,20,28,20000,20880836
BIPOP_CMA_ES,6,20,29,20000,20880837
BIPOP_CMA_ES,6,20,30,20000,20880838
BIPOP_CMA_ES,7,20,21,20000,20980829
BIPOP_CMA_ES,7,20,22,20000,20980830
BIPOP_CMA_ES,7,20,23,20000,20980831
BIPOP_CMA_ES,7,20,24,20000,20980832
BIPOP_CMA_ES,7,20,25,20000,20980833
BIPOP_CMA_ES,7,20,26,20000,20980834
BIPOP_CMA_ES,7,20,27,20000,20980835
BIPOP_CMA_ES,7,20,28,20000,20980836
BIPOP_CMA_ES,7,20,29,20000,20980837
BIPOP_CMA_ES,7,20,30,20000,20980838
BIPOP_CMA_ES,8,20,21,20000,21080829
BIPOP_CMA_ES,8,20,22,20000,21080830
BIPOP_CMA_ES,8,20,23,20000,21080831
BIPOP_CMA_ES,8,20,24,20000,21080832
BIPOP_CMA_ES,8,20,25,20000,21080833
BIPOP_CMA_ES,8,20,26,20000,21080834
BIPOP_CMA_ES,8,20,27,20000,21080835
BIPOP_CMA_ES,8,20,28,20000,21080836
BIPOP_CMA_ES,8,20,29,20000,21080837
BIPOP_CMA_ES,8,20,30,20000,21080838
BIPOP_CMA_ES,9,20,21,20000,21180829
BIPOP_CMA_ES,9,20,22,20000,21180830
BIPOP_CMA_ES,9,20,23,20000,21180831
BIPOP_CMA_ES,9,20,24,20000,21180832
BIPOP_CMA_ES,9,20,25,20000,21180833
BIPOP_CMA_ES,9,20,26,20000,21180834
BIPOP_CMA_ES,9,20,27,20000,21180835
BIPOP_CMA_ES,9,20,28,20000,21180836
BIPOP_CMA_ES,9,20,29,20000,21180837
BIPOP_CMA_ES,9,20,30,20000,21180838
BIPOP_CMA_ES,10,20,21,20000,21280829
BIPOP_CMA_ES,10,20,22,20000,21280830
BIPOP_CMA_ES,10,20,23,20000,21280831
BIPOP_CMA_ES,10,20,24,20000,21280832
BIPOP_CMA_ES,10,20,25,20000,21280833
BIPOP_CMA_ES,10,20,26,20000,21280834
BIPOP_CMA_ES,10,20,27,20000,21280835
BIPOP_CMA_ES,10,20,28,20000,21280836
BIPOP_CMA_ES,10,20,29,20000,21280837
BIPOP_CMA_ES,10,20,30,20000,21280838
BIPOP_CMA_ES,11,20,21,20000,21380829
BIPOP_CMA_ES,11,20,22,20000,21380830
BIPOP_CMA_ES,11,20,23,20000,21380831
BIPOP_CMA_ES,11,20,24,20000,21380832
BIPOP_CMA_ES,11,20,25,20000,21380833
BIPOP_CMA_ES,11,20,26,20000,21380834
BIPOP_CMA_ES,11,20,27,20000,21380835
BIPOP_CMA_ES,11,20,28,20000,21380836
BIPOP_CMA_ES,11,20,29,20000,21380837
BIPOP_CMA_ES,11,20,30,20000,21380838
BIPOP_CMA_ES,12,20,21,20000,21480829
BIPOP_CMA_ES,12,20,22,20000,21480830
BIPOP_CMA_ES,12,20,23,20000,21480831
BIPOP_CMA_ES,12,20,24,20000,21480832
BIPOP_CMA_ES,12,20,25,20000,21480833
BIPOP_CMA_ES,12,20,26,20000,21480834
BIPOP_CMA_ES,12,20,27,20000,21480835
BIPOP_CMA_ES,12,20,28,20000,21480836
BIPOP_CMA_ES,12,20,29,20000,21480837
BIPOP_CMA_ES,12,20,30,20000,21480838
BIPOP_CMA_ES,13,20,21,20000,21580829
BIPOP_CMA_ES,13,20,22,20000,21580830
BIPOP_CMA_ES,13,20,23,20000,21580831
BIPOP_CMA_ES,13,20,24,20000,21580832
BIPOP_CMA_ES,13,20,25,20000,21580833
BIPOP_CMA_ES,13,20,26,20000,21580834
BIPOP_CMA_ES,13,20,27,20000,21580835
BIPOP_CMA_ES,13,20,28,20000,21580836
BIPOP_CMA_ES,13,20,29,20000,21580837
BIPOP_CMA_ES,13,20,30,20000,21580838
BIPOP_CMA_ES,14,20,21,20000,21680829
BIPOP_CMA_ES,14,20,22,20000,21680830
BIPOP_CMA_ES,14,20,23,20000,21680831
BIPOP_CMA_ES,14,20,24,20000,21680832
BIPOP_CMA_ES,14,20,25,20000,21680833
BIPOP_CMA_ES,14,20,26,20000,21680834
BIPOP_CMA_ES,14,20,27,20000,21680835
BIPOP_CMA_ES,14,20,28,20000,21680836
BIPOP_CMA_ES,14,20,29,20000,21680837
BIPOP_CMA_ES,14,20,30,20000,21680838
BIPOP_CMA_ES,15,20,21,20000,21780829
BIPOP_CMA_ES,15,20,22,20000,21780830
BIPOP_CMA_ES,15,20,23,20000,21780831
BIPOP_CMA_ES,15,20,24,20000,21780832
BIPOP_CMA_ES,15,20,25,20000,21780833
BIPOP_CMA_ES,15,20,26,20000,21780834
BIPOP_CMA_ES,15,20,27,20000,21780835
BIPOP_CMA_ES,15,20,28,20000,21780836
BIPOP_CMA_ES,15,20,29,20000,21780837
BIPOP_CMA_ES,15,20,30,20000,21780838
BIPOP_CMA_ES,16,20,21,20000,21880829
BIPOP_CMA_ES,16,20,22,20000,21880830
BIPOP_CMA_ES,16,20,23,20000,21880831
BIPOP_CMA_ES,16,20,24,20000,21880832
BIPOP_CMA_ES,16,20,25,20000,21880833
BIPOP_CMA_ES,16,20,26,20000,21880834
BIPOP_CMA_ES,16,20,27,20000,21880835
BIPOP_CMA_ES,16,20,28,20000,21880836
BIPOP_CMA_ES,16,20,29,20000,21880837
BIPOP_CMA_ES,16,20,30,20000,21880838
BIPOP_CMA_ES,17,20,21,20000,21980829
BIPOP_CMA_ES,17,20,22,20000,21980830
BIPOP_CMA_ES,17,20,23,20000,21980831
BIPOP_CMA_ES,17,20,24,20000,21980832
BIPOP_CMA_ES,17,20,25,20000,21980833
BIPOP_CMA_ES,17,20,26,20000,21980834
BIPOP_CMA_ES,17,20,27,20000,21980835
BIPOP_CMA_ES,17,20,28,20000,21980836
BIPOP_CMA_ES,17,20,29,20000,21980837
BIPOP_CMA_ES,17,20,30,20000,21980838
BIPOP_CMA_ES,18,20,21,20000,22080829
BIPOP_CMA_ES,18,20,22,20000,22080830
BIPOP_CMA_ES,18,20,23,20000,22080831
BIPOP_CMA_ES,18,20,24,20000,22080832
BIPOP_CMA_ES,18,20,25,20000,22080833
BIPOP_CMA_ES,18,20,26,20000,22080834
BIPOP_CMA_ES,18,20,27,20000,22080835
BIPOP_CMA_ES,18,20,28,20000,22080836
BIPOP_CMA_ES,18,20,29,20000,22080837
BIPOP_CMA_ES,18,20,30,20000,22080838
BIPOP_CMA_ES,19,20,21,20000,22180829
BIPOP_CMA_ES,19,20,22,20000,22180830
BIPOP_CMA_ES,19,20,23,20000,22180831
BIPOP_CMA_ES,19,20,24,20000,22180832
BIPOP_CMA_ES,19,20,25,20000,22180833
BIPOP_CMA_ES,19,20,26,20000,22180834
BIPOP_CMA_ES,19,20,27,20000,22180835
BIPOP_CMA_ES,19,20,28,20000,22180836
BIPOP_CMA_ES,19,20,29,20000,22180837
BIPOP_CMA_ES,19,20,30,20000,22180838
BIPOP_CMA_ES,20,20,21,20000,22280829
BIPOP_CMA_ES,20,20,22,20000,22280830
BIPOP_CMA_ES,20,20,23,20000,22280831
BIPOP_CMA_ES,20,20,24,20000,22280832
BIPOP_CMA_ES,20,20,25,20000,22280833
BIPOP_CMA_ES,20,20,26,20000,22280834
BIPOP_CMA_ES,20,20,27,20000,22280835
BIPOP_CMA_ES,20,20,28,20000,22280836
BIPOP_CMA_ES,20,20,29,20000,22280837
BIPOP_CMA_ES,20,20,30,20000,22280838
BIPOP_CMA_ES,21,20,21,20000,22380829
BIPOP_CMA_ES,21,20,22,20000,22380830
BIPOP_CMA_ES,21,20,23,20000,22380831
BIPOP_CMA_ES,21,20,24,20000,22380832
BIPOP_CMA_ES,21,20,25,20000,22380833
BIPOP_CMA_ES,21,20,26,20000,22380834
BIPOP_CMA_ES,21,20,27,20000,22380835
BIPOP_CMA_ES,21,20,28,20000,22380836
BIPOP_CMA_ES,21,20,29,20000,22380837
BIPOP_CMA_ES,21,20,30,20000,22380838
BIPOP_CMA_ES,22,20,21,20000,22480829
BIPOP_CMA_ES,22,20,22,20000,22480830
BIPOP_CMA_ES,22,20,23,20000,22480831
BIPOP_CMA_ES,22,20,24,20000,22480832
BIPOP_CMA_ES,22,20,25,20000,22480833
BIPOP_CMA_ES,22,20,26,20000,22480834
BIPOP_CMA_ES,22,20,27,20000,22480835
BIPOP_CMA_ES,22,20,28,20000,22480836
BIPOP_CMA_ES,22,20,29,20000,22480837
BIPOP_CMA_ES,22,20,30,20000,22480838
BIPOP_CMA_ES,23,20,21,20000,22580829
BIPOP_CMA_ES,23,20,22,20000,22580830
BIPOP_CMA_ES,23,20,23,20000,22580831
BIPOP_CMA_ES,23,20,24,20000,22580832
BIPOP_CMA_ES,23,20,25,20000,22580833
BIPOP_CMA_ES,23,20,26,20000,22580834
BIPOP_CMA_ES,23,20,27,20000,22580835
BIPOP_CMA_ES,23,20,28,20000,22580836
BIPOP_CMA_ES,23,20,29,20000,22580837
BIPOP_CMA_ES,23,20,30,20000,22580838
BIPOP_CMA_ES,24,20,21,20000,22680829
BIPOP_CMA_ES,24,20,22,20000,22680830
BIPOP_CMA_ES,24,20,23,20000,22680831
BIPOP_CMA_ES,24,20,24,20000,22680832
BIPOP_CMA_ES,24,20,25,20000,22680833
BIPOP_CMA_ES,24,20,26,20000,22680834
BIPOP_CMA_ES,24,20,27,20000,22680835
BIPOP_CMA_ES,24,20,28,20000,22680836
BIPOP_CMA_ES,24,20,29,20000,22680837
BIPOP_CMA_ES,24,20,30,20000,22680838
L_SHADE_1_0_1,1,5,21,5000,20365829
L_SHADE_1_0_1,1,5,22,5000,20365830
L_SHADE_1_0_1,1,5,23,5000,20365831
L_SHADE_1_0_1,1,5,24,5000,20365832
L_SHADE_1_0_1,1,5,25,5000,20365833
L_SHADE_1_0_1,1,5,26,5000,20365834
L_SHADE_1_0_1,1,5,27,5000,20365835
L_SHADE_1_0_1,1,5,28,5000,20365836
L_SHADE_1_0_1,1,5,29,5000,20365837
L_SHADE_1_0_1,1,5,30,5000,20365838
L_SHADE_1_0_1,2,5,21,5000,20465829
L_SHADE_1_0_1,2,5,22,5000,20465830
L_SHADE_1_0_1,2,5,23,5000,20465831
L_SHADE_1_0_1,2,5,24,5000,20465832
L_SHADE_1_0_1,2,5,25,5000,20465833
L_SHADE_1_0_1,2,5,26,5000,20465834
L_SHADE_1_0_1,2,5,27,5000,20465835
L_SHADE_1_0_1,2,5,28,5000,20465836
L_SHADE_1_0_1,2,5,29,5000,20465837
L_SHADE_1_0_1,2,5,30,5000,20465838
L_SHADE_1_0_1,3,5,21,5000,20565829
L_SHADE_1_0_1,3,5,22,5000,20565830
L_SHADE_1_0_1,3,5,23,5000,20565831
L_SHADE_1_0_1,3,5,24,5000,20565832
L_SHADE_1_0_1,3,5,25,5000,20565833
L_SHADE_1_0_1,3,5,26,5000,20565834
L_SHADE_1_0_1,3,5,27,5000,20565835
L_SHADE_1_0_1,3,5,28,5000,20565836
L_SHADE_1_0_1,3,5,29,5000,20565837
L_SHADE_1_0_1,3,5,30,5000,20565838
L_SHADE_1_0_1,4,5,21,5000,20665829
L_SHADE_1_0_1,4,5,22,5000,20665830
L_SHADE_1_0_1,4,5,23,5000,20665831
L_SHADE_1_0_1,4,5,24,5000,20665832
L_SHADE_1_0_1,4,5,25,5000,20665833
L_SHADE_1_0_1,4,5,26,5000,20665834
L_SHADE_1_0_1,4,5,27,5000,20665835
L_SHADE_1_0_1,4,5,28,5000,20665836
L_SHADE_1_0_1,4,5,29,5000,20665837
L_SHADE_1_0_1,4,5,30,5000,20665838
L_SHADE_1_0_1,5,5,21,5000,20765829
L_SHADE_1_0_1,5,5,22,5000,20765830
L_SHADE_1_0_1,5,5,23,5000,20765831
L_SHADE_1_0_1,5,5,24,5000,20765832
L_SHADE_1_0_1,5,5,25,5000,20765833
L_SHADE_1_0_1,5,5,26,5000,20765834
L_SHADE_1_0_1,5,5,27,5000,20765835
L_SHADE_1_0_1,5,5,28,5000,20765836
L_SHADE_1_0_1,5,5,29,5000,20765837
L_SHADE_1_0_1,5,5,30,5000,20765838
L_SHADE_1_0_1,6,5,21,5000,20865829
L_SHADE_1_0_1,6,5,22,5000,20865830
L_SHADE_1_0_1,6,5,23,5000,20865831
L_SHADE_1_0_1,6,5,24,5000,20865832
L_SHADE_1_0_1,6,5,25,5000,20865833
L_SHADE_1_0_1,6,5,26,5000,20865834
L_SHADE_1_0_1,6,5,27,5000,20865835
L_SHADE_1_0_1,6,5,28,5000,20865836
L_SHADE_1_0_1,6,5,29,5000,20865837
L_SHADE_1_0_1,6,5,30,5000,20865838
L_SHADE_1_0_1,7,5,21,5000,20965829
L_SHADE_1_0_1,7,5,22,5000,20965830
L_SHADE_1_0_1,7,5,23,5000,20965831
L_SHADE_1_0_1,7,5,24,5000,20965832
L_SHADE_1_0_1,7,5,25,5000,20965833
L_SHADE_1_0_1,7,5,26,5000,20965834
L_SHADE_1_0_1,7,5,27,5000,20965835
L_SHADE_1_0_1,7,5,28,5000,20965836
L_SHADE_1_0_1,7,5,29,5000,20965837
L_SHADE_1_0_1,7,5,30,5000,20965838
L_SHADE_1_0_1,8,5,21,5000,21065829
L_SHADE_1_0_1,8,5,22,5000,21065830
L_SHADE_1_0_1,8,5,23,5000,21065831
L_SHADE_1_0_1,8,5,24,5000,21065832
L_SHADE_1_0_1,8,5,25,5000,21065833
L_SHADE_1_0_1,8,5,26,5000,21065834
L_SHADE_1_0_1,8,5,27,5000,21065835
L_SHADE_1_0_1,8,5,28,5000,21065836
L_SHADE_1_0_1,8,5,29,5000,21065837
L_SHADE_1_0_1,8,5,30,5000,21065838
L_SHADE_1_0_1,9,5,21,5000,21165829
L_SHADE_1_0_1,9,5,22,5000,21165830
L_SHADE_1_0_1,9,5,23,5000,21165831
L_SHADE_1_0_1,9,5,24,5000,21165832
L_SHADE_1_0_1,9,5,25,5000,21165833
L_SHADE_1_0_1,9,5,26,5000,21165834
L_SHADE_1_0_1,9,5,27,5000,21165835
L_SHADE_1_0_1,9,5,28,5000,21165836
L_SHADE_1_0_1,9,5,29,5000,21165837
L_SHADE_1_0_1,9,5,30,5000,21165838
L_SHADE_1_0_1,10,5,21,5000,21265829
L_SHADE_1_0_1,10,5,22,5000,21265830
L_SHADE_1_0_1,10,5,23,5000,21265831
L_SHADE_1_0_1,10,5,24,5000,21265832
L_SHADE_1_0_1,10,5,25,5000,21265833
L_SHADE_1_0_1,10,5,26,5000,21265834
L_SHADE_1_0_1,10,5,27,5000,21265835
L_SHADE_1_0_1,10,5,28,5000,21265836
L_SHADE_1_0_1,10,5,29,5000,21265837
L_SHADE_1_0_1,10,5,30,5000,21265838
L_SHADE_1_0_1,11,5,21,5000,21365829
L_SHADE_1_0_1,11,5,22,5000,21365830
L_SHADE_1_0_1,11,5,23,5000,21365831
L_SHADE_1_0_1,11,5,24,5000,21365832
L_SHADE_1_0_1,11,5,25,5000,21365833
L_SHADE_1_0_1,11,5,26,5000,21365834
L_SHADE_1_0_1,11,5,27,5000,21365835
L_SHADE_1_0_1,11,5,28,5000,21365836
L_SHADE_1_0_1,11,5,29,5000,21365837
L_SHADE_1_0_1,11,5,30,5000,21365838
L_SHADE_1_0_1,12,5,21,5000,21465829
L_SHADE_1_0_1,12,5,22,5000,21465830
L_SHADE_1_0_1,12,5,23,5000,21465831
L_SHADE_1_0_1,12,5,24,5000,21465832
L_SHADE_1_0_1,12,5,25,5000,21465833
L_SHADE_1_0_1,12,5,26,5000,21465834
L_SHADE_1_0_1,12,5,27,5000,21465835
L_SHADE_1_0_1,12,5,28,5000,21465836
L_SHADE_1_0_1,12,5,29,5000,21465837
L_SHADE_1_0_1,12,5,30,5000,21465838
L_SHADE_1_0_1,13,5,21,5000,21565829
L_SHADE_1_0_1,13,5,22,5000,21565830
L_SHADE_1_0_1,13,5,23,5000,21565831
L_SHADE_1_0_1,13,5,24,5000,21565832
L_SHADE_1_0_1,13,5,25,5000,21565833
L_SHADE_1_0_1,13,5,26,5000,21565834
L_SHADE_1_0_1,13,5,27,5000,21565835
L_SHADE_1_0_1,13,5,28,5000,21565836
L_SHADE_1_0_1,13,5,29,5000,21565837
L_SHADE_1_0_1,13,5,30,5000,21565838
L_SHADE_1_0_1,14,5,21,5000,21665829
L_SHADE_1_0_1,14,5,22,5000,21665830
L_SHADE_1_0_1,14,5,23,5000,21665831
L_SHADE_1_0_1,14,5,24,5000,21665832
L_SHADE_1_0_1,14,5,25,5000,21665833
L_SHADE_1_0_1,14,5,26,5000,21665834
L_SHADE_1_0_1,14,5,27,5000,21665835
L_SHADE_1_0_1,14,5,28,5000,21665836
L_SHADE_1_0_1,14,5,29,5000,21665837
L_SHADE_1_0_1,14,5,30,5000,21665838
L_SHADE_1_0_1,15,5,21,5000,21765829
L_SHADE_1_0_1,15,5,22,5000,21765830
L_SHADE_1_0_1,15,5,23,5000,21765831
L_SHADE_1_0_1,15,5,24,5000,21765832
L_SHADE_1_0_1,15,5,25,5000,21765833
L_SHADE_1_0_1,15,5,26,5000,21765834
L_SHADE_1_0_1,15,5,27,5000,21765835
L_SHADE_1_0_1,15,5,28,5000,21765836
L_SHADE_1_0_1,15,5,29,5000,21765837
L_SHADE_1_0_1,15,5,30,5000,21765838
L_SHADE_1_0_1,16,5,21,5000,21865829
L_SHADE_1_0_1,16,5,22,5000,21865830
L_SHADE_1_0_1,16,5,23,5000,21865831
L_SHADE_1_0_1,16,5,24,5000,21865832
L_SHADE_1_0_1,16,5,25,5000,21865833
L_SHADE_1_0_1,16,5,26,5000,21865834
L_SHADE_1_0_1,16,5,27,5000,21865835
L_SHADE_1_0_1,16,5,28,5000,21865836
L_SHADE_1_0_1,16,5,29,5000,21865837
L_SHADE_1_0_1,16,5,30,5000,21865838
L_SHADE_1_0_1,17,5,21,5000,21965829
L_SHADE_1_0_1,17,5,22,5000,21965830
L_SHADE_1_0_1,17,5,23,5000,21965831
L_SHADE_1_0_1,17,5,24,5000,21965832
L_SHADE_1_0_1,17,5,25,5000,21965833
L_SHADE_1_0_1,17,5,26,5000,21965834
L_SHADE_1_0_1,17,5,27,5000,21965835
L_SHADE_1_0_1,17,5,28,5000,21965836
L_SHADE_1_0_1,17,5,29,5000,21965837
L_SHADE_1_0_1,17,5,30,5000,21965838
L_SHADE_1_0_1,18,5,21,5000,22065829
L_SHADE_1_0_1,18,5,22,5000,22065830
L_SHADE_1_0_1,18,5,23,5000,22065831
L_SHADE_1_0_1,18,5,24,5000,22065832
L_SHADE_1_0_1,18,5,25,5000,22065833
L_SHADE_1_0_1,18,5,26,5000,22065834
L_SHADE_1_0_1,18,5,27,5000,22065835
L_SHADE_1_0_1,18,5,28,5000,22065836
L_SHADE_1_0_1,18,5,29,5000,22065837
L_SHADE_1_0_1,18,5,30,5000,22065838
L_SHADE_1_0_1,19,5,21,5000,22165829
L_SHADE_1_0_1,19,5,22,5000,22165830
L_SHADE_1_0_1,19,5,23,5000,22165831
L_SHADE_1_0_1,19,5,24,5000,22165832
L_SHADE_1_0_1,19,5,25,5000,22165833
L_SHADE_1_0_1,19,5,26,5000,22165834
L_SHADE_1_0_1,19,5,27,5000,22165835
L_SHADE_1_0_1,19,5,28,5000,22165836
L_SHADE_1_0_1,19,5,29,5000,22165837
L_SHADE_1_0_1,19,5,30,5000,22165838
L_SHADE_1_0_1,20,5,21,5000,22265829
L_SHADE_1_0_1,20,5,22,5000,22265830
L_SHADE_1_0_1,20,5,23,5000,22265831
L_SHADE_1_0_1,20,5,24,5000,22265832
L_SHADE_1_0_1,20,5,25,5000,22265833
L_SHADE_1_0_1,20,5,26,5000,22265834
L_SHADE_1_0_1,20,5,27,5000,22265835
L_SHADE_1_0_1,20,5,28,5000,22265836
L_SHADE_1_0_1,20,5,29,5000,22265837
L_SHADE_1_0_1,20,5,30,5000,22265838
L_SHADE_1_0_1,21,5,21,5000,22365829
L_SHADE_1_0_1,21,5,22,5000,22365830
L_SHADE_1_0_1,21,5,23,5000,22365831
L_SHADE_1_0_1,21,5,24,5000,22365832
L_SHADE_1_0_1,21,5,25,5000,22365833
L_SHADE_1_0_1,21,5,26,5000,22365834
L_SHADE_1_0_1,21,5,27,5000,22365835
L_SHADE_1_0_1,21,5,28,5000,22365836
L_SHADE_1_0_1,21,5,29,5000,22365837
L_SHADE_1_0_1,21,5,30,5000,22365838
L_SHADE_1_0_1,22,5,21,5000,22465829
L_SHADE_1_0_1,22,5,22,5000,22465830
L_SHADE_1_0_1,22,5,23,5000,22465831
L_SHADE_1_0_1,22,5,24,5000,22465832
L_SHADE_1_0_1,22,5,25,5000,22465833
L_SHADE_1_0_1,22,5,26,5000,22465834
L_SHADE_1_0_1,22,5,27,5000,22465835
L_SHADE_1_0_1,22,5,28,5000,22465836
L_SHADE_1_0_1,22,5,29,5000,22465837
L_SHADE_1_0_1,22,5,30,5000,22465838
L_SHADE_1_0_1,23,5,21,5000,22565829
L_SHADE_1_0_1,23,5,22,5000,22565830
L_SHADE_1_0_1,23,5,23,5000,22565831
L_SHADE_1_0_1,23,5,24,5000,22565832
L_SHADE_1_0_1,23,5,25,5000,22565833
L_SHADE_1_0_1,23,5,26,5000,22565834
L_SHADE_1_0_1,23,5,27,5000,22565835
L_SHADE_1_0_1,23,5,28,5000,22565836
L_SHADE_1_0_1,23,5,29,5000,22565837
L_SHADE_1_0_1,23,5,30,5000,22565838
L_SHADE_1_0_1,24,5,21,5000,22665829
L_SHADE_1_0_1,24,5,22,5000,22665830
L_SHADE_1_0_1,24,5,23,5000,22665831
L_SHADE_1_0_1,24,5,24,5000,22665832
L_SHADE_1_0_1,24,5,25,5000,22665833
L_SHADE_1_0_1,24,5,26,5000,22665834
L_SHADE_1_0_1,24,5,27,5000,22665835
L_SHADE_1_0_1,24,5,28,5000,22665836
L_SHADE_1_0_1,24,5,29,5000,22665837
L_SHADE_1_0_1,24,5,30,5000,22665838
L_SHADE_1_0_1,1,20,21,20000,20380829
L_SHADE_1_0_1,1,20,22,20000,20380830
L_SHADE_1_0_1,1,20,23,20000,20380831
L_SHADE_1_0_1,1,20,24,20000,20380832
L_SHADE_1_0_1,1,20,25,20000,20380833
L_SHADE_1_0_1,1,20,26,20000,20380834
L_SHADE_1_0_1,1,20,27,20000,20380835
L_SHADE_1_0_1,1,20,28,20000,20380836
L_SHADE_1_0_1,1,20,29,20000,20380837
L_SHADE_1_0_1,1,20,30,20000,20380838
L_SHADE_1_0_1,2,20,21,20000,20480829
L_SHADE_1_0_1,2,20,22,20000,20480830
L_SHADE_1_0_1,2,20,23,20000,20480831
L_SHADE_1_0_1,2,20,24,20000,20480832
L_SHADE_1_0_1,2,20,25,20000,20480833
L_SHADE_1_0_1,2,20,26,20000,20480834
L_SHADE_1_0_1,2,20,27,20000,20480835
L_SHADE_1_0_1,2,20,28,20000,20480836
L_SHADE_1_0_1,2,20,29,20000,20480837
L_SHADE_1_0_1,2,20,30,20000,20480838
L_SHADE_1_0_1,3,20,21,20000,20580829
L_SHADE_1_0_1,3,20,22,20000,20580830
L_SHADE_1_0_1,3,20,23,20000,20580831
L_SHADE_1_0_1,3,20,24,20000,20580832
L_SHADE_1_0_1,3,20,25,20000,20580833
L_SHADE_1_0_1,3,20,26,20000,20580834
L_SHADE_1_0_1,3,20,27,20000,20580835
L_SHADE_1_0_1,3,20,28,20000,20580836
L_SHADE_1_0_1,3,20,29,20000,20580837
L_SHADE_1_0_1,3,20,30,20000,20580838
L_SHADE_1_0_1,4,20,21,20000,20680829
L_SHADE_1_0_1,4,20,22,20000,20680830
L_SHADE_1_0_1,4,20,23,20000,20680831
L_SHADE_1_0_1,4,20,24,20000,20680832
L_SHADE_1_0_1,4,20,25,20000,20680833
L_SHADE_1_0_1,4,20,26,20000,20680834
L_SHADE_1_0_1,4,20,27,20000,20680835
L_SHADE_1_0_1,4,20,28,20000,20680836
L_SHADE_1_0_1,4,20,29,20000,20680837
L_SHADE_1_0_1,4,20,30,20000,20680838
L_SHADE_1_0_1,5,20,21,20000,20780829
L_SHADE_1_0_1,5,20,22,20000,20780830
L_SHADE_1_0_1,5,20,23,20000,20780831
L_SHADE_1_0_1,5,20,24,20000,20780832
L_SHADE_1_0_1,5,20,25,20000,20780833
L_SHADE_1_0_1,5,20,26,20000,20780834
L_SHADE_1_0_1,5,20,27,20000,20780835
L_SHADE_1_0_1,5,20,28,20000,20780836
L_SHADE_1_0_1,5,20,29,20000,20780837
L_SHADE_1_0_1,5,20,30,20000,20780838
L_SHADE_1_0_1,6,20,21,20000,20880829
L_SHADE_1_0_1,6,20,22,20000,20880830
L_SHADE_1_0_1,6,20,23,20000,20880831
L_SHADE_1_0_1,6,20,24,20000,20880832
L_SHADE_1_0_1,6,20,25,20000,20880833
L_SHADE_1_0_1,6,20,26,20000,20880834
L_SHADE_1_0_1,6,20,27,20000,20880835
L_SHADE_1_0_1,6,20,28,20000,20880836
L_SHADE_1_0_1,6,20,29,20000,20880837
L_SHADE_1_0_1,6,20,30,20000,20880838
L_SHADE_1_0_1,7,20,21,20000,20980829
L_SHADE_1_0_1,7,20,22,20000,20980830
L_SHADE_1_0_1,7,20,23,20000,20980831
L_SHADE_1_0_1,7,20,24,20000,20980832
L_SHADE_1_0_1,7,20,25,20000,20980833
L_SHADE_1_0_1,7,20,26,20000,20980834
L_SHADE_1_0_1,7,20,27,20000,20980835
L_SHADE_1_0_1,7,20,28,20000,20980836
L_SHADE_1_0_1,7,20,29,20000,20980837
L_SHADE_1_0_1,7,20,30,20000,20980838
L_SHADE_1_0_1,8,20,21,20000,21080829
L_SHADE_1_0_1,8,20,22,20000,21080830
L_SHADE_1_0_1,8,20,23,20000,21080831
L_SHADE_1_0_1,8,20,24,20000,21080832
L_SHADE_1_0_1,8,20,25,20000,21080833
L_SHADE_1_0_1,8,20,26,20000,21080834
L_SHADE_1_0_1,8,20,27,20000,21080835
L_SHADE_1_0_1,8,20,28,20000,21080836
L_SHADE_1_0_1,8,20,29,20000,21080837
L_SHADE_1_0_1,8,20,30,20000,21080838
L_SHADE_1_0_1,9,20,21,20000,21180829
L_SHADE_1_0_1,9,20,22,20000,21180830
L_SHADE_1_0_1,9,20,23,20000,21180831
L_SHADE_1_0_1,9,20,24,20000,21180832
L_SHADE_1_0_1,9,20,25,20000,21180833
L_SHADE_1_0_1,9,20,26,20000,21180834
L_SHADE_1_0_1,9,20,27,20000,21180835
L_SHADE_1_0_1,9,20,28,20000,21180836
L_SHADE_1_0_1,9,20,29,20000,21180837
L_SHADE_1_0_1,9,20,30,20000,21180838
L_SHADE_1_0_1,10,20,21,20000,21280829
L_SHADE_1_0_1,10,20,22,20000,21280830
L_SHADE_1_0_1,10,20,23,20000,21280831
L_SHADE_1_0_1,10,20,24,20000,21280832
L_SHADE_1_0_1,10,20,25,20000,21280833
L_SHADE_1_0_1,10,20,26,20000,21280834
L_SHADE_1_0_1,10,20,27,20000,21280835
L_SHADE_1_0_1,10,20,28,20000,21280836
L_SHADE_1_0_1,10,20,29,20000,21280837
L_SHADE_1_0_1,10,20,30,20000,21280838
L_SHADE_1_0_1,11,20,21,20000,21380829
L_SHADE_1_0_1,11,20,22,20000,21380830
L_SHADE_1_0_1,11,20,23,20000,21380831
L_SHADE_1_0_1,11,20,24,20000,21380832
L_SHADE_1_0_1,11,20,25,20000,21380833
L_SHADE_1_0_1,11,20,26,20000,21380834
L_SHADE_1_0_1,11,20,27,20000,21380835
L_SHADE_1_0_1,11,20,28,20000,21380836
L_SHADE_1_0_1,11,20,29,20000,21380837
L_SHADE_1_0_1,11,20,30,20000,21380838
L_SHADE_1_0_1,12,20,21,20000,21480829
L_SHADE_1_0_1,12,20,22,20000,21480830
L_SHADE_1_0_1,12,20,23,20000,21480831
L_SHADE_1_0_1,12,20,24,20000,21480832
L_SHADE_1_0_1,12,20,25,20000,21480833
L_SHADE_1_0_1,12,20,26,20000,21480834
L_SHADE_1_0_1,12,20,27,20000,21480835
L_SHADE_1_0_1,12,20,28,20000,21480836
L_SHADE_1_0_1,12,20,29,20000,21480837
L_SHADE_1_0_1,12,20,30,20000,21480838
L_SHADE_1_0_1,13,20,21,20000,21580829
L_SHADE_1_0_1,13,20,22,20000,21580830
L_SHADE_1_0_1,13,20,23,20000,21580831
L_SHADE_1_0_1,13,20,24,20000,21580832
L_SHADE_1_0_1,13,20,25,20000,21580833
L_SHADE_1_0_1,13,20,26,20000,21580834
L_SHADE_1_0_1,13,20,27,20000,21580835
L_SHADE_1_0_1,13,20,28,20000,21580836
L_SHADE_1_0_1,13,20,29,20000,21580837
L_SHADE_1_0_1,13,20,30,20000,21580838
L_SHADE_1_0_1,14,20,21,20000,21680829
L_SHADE_1_0_1,14,20,22,20000,21680830
L_SHADE_1_0_1,14,20,23,20000,21680831
L_SHADE_1_0_1,14,20,24,20000,21680832
L_SHADE_1_0_1,14,20,25,20000,21680833
L_SHADE_1_0_1,14,20,26,20000,21680834
L_SHADE_1_0_1,14,20,27,20000,21680835
L_SHADE_1_0_1,14,20,28,20000,21680836
L_SHADE_1_0_1,14,20,29,20000,21680837
L_SHADE_1_0_1,14,20,30,20000,21680838
L_SHADE_1_0_1,15,20,21,20000,21780829
L_SHADE_1_0_1,15,20,22,20000,21780830
L_SHADE_1_0_1,15,20,23,20000,21780831
L_SHADE_1_0_1,15,20,24,20000,21780832
L_SHADE_1_0_1,15,20,25,20000,21780833
L_SHADE_1_0_1,15,20,26,20000,21780834
L_SHADE_1_0_1,15,20,27,20000,21780835
L_SHADE_1_0_1,15,20,28,20000,21780836
L_SHADE_1_0_1,15,20,29,20000,21780837
L_SHADE_1_0_1,15,20,30,20000,21780838
L_SHADE_1_0_1,16,20,21,20000,21880829
L_SHADE_1_0_1,16,20,22,20000,21880830
L_SHADE_1_0_1,16,20,23,20000,21880831
L_SHADE_1_0_1,16,20,24,20000,21880832
L_SHADE_1_0_1,16,20,25,20000,21880833
L_SHADE_1_0_1,16,20,26,20000,21880834
L_SHADE_1_0_1,16,20,27,20000,21880835
L_SHADE_1_0_1,16,20,28,20000,21880836
L_SHADE_1_0_1,16,20,29,20000,21880837
L_SHADE_1_0_1,16,20,30,20000,21880838
L_SHADE_1_0_1,17,20,21,20000,21980829
L_SHADE_1_0_1,17,20,22,20000,21980830
L_SHADE_1_0_1,17,20,23,20000,21980831
L_SHADE_1_0_1,17,20,24,20000,21980832
L_SHADE_1_0_1,17,20,25,20000,21980833
L_SHADE_1_0_1,17,20,26,20000,21980834
L_SHADE_1_0_1,17,20,27,20000,21980835
L_SHADE_1_0_1,17,20,28,20000,21980836
L_SHADE_1_0_1,17,20,29,20000,21980837
L_SHADE_1_0_1,17,20,30,20000,21980838
L_SHADE_1_0_1,18,20,21,20000,22080829
L_SHADE_1_0_1,18,20,22,20000,22080830
L_SHADE_1_0_1,18,20,23,20000,22080831
L_SHADE_1_0_1,18,20,24,20000,22080832
L_SHADE_1_0_1,18,20,25,20000,22080833
L_SHADE_1_0_1,18,20,26,20000,22080834
L_SHADE_1_0_1,18,20,27,20000,22080835
L_SHADE_1_0_1,18,20,28,20000,22080836
L_SHADE_1_0_1,18,20,29,20000,22080837
L_SHADE_1_0_1,18,20,30,20000,22080838
L_SHADE_1_0_1,19,20,21,20000,22180829
L_SHADE_1_0_1,19,20,22,20000,22180830
L_SHADE_1_0_1,19,20,23,20000,22180831
L_SHADE_1_0_1,19,20,24,20000,22180832
L_SHADE_1_0_1,19,20,25,20000,22180833
L_SHADE_1_0_1,19,20,26,20000,22180834
L_SHADE_1_0_1,19,20,27,20000,22180835
L_SHADE_1_0_1,19,20,28,20000,22180836
L_SHADE_1_0_1,19,20,29,20000,22180837
L_SHADE_1_0_1,19,20,30,20000,22180838
L_SHADE_1_0_1,20,20,21,20000,22280829
L_SHADE_1_0_1,20,20,22,20000,22280830
L_SHADE_1_0_1,20,20,23,20000,22280831
L_SHADE_1_0_1,20,20,24,20000,22280832
L_SHADE_1_0_1,20,20,25,20000,22280833
L_SHADE_1_0_1,20,20,26,20000,22280834
L_SHADE_1_0_1,20,20,27,20000,22280835
L_SHADE_1_0_1,20,20,28,20000,22280836
L_SHADE_1_0_1,20,20,29,20000,22280837
L_SHADE_1_0_1,20,20,30,20000,22280838
L_SHADE_1_0_1,21,20,21,20000,22380829
L_SHADE_1_0_1,21,20,22,20000,22380830
L_SHADE_1_0_1,21,20,23,20000,22380831
L_SHADE_1_0_1,21,20,24,20000,22380832
L_SHADE_1_0_1,21,20,25,20000,22380833
L_SHADE_1_0_1,21,20,26,20000,22380834
L_SHADE_1_0_1,21,20,27,20000,22380835
L_SHADE_1_0_1,21,20,28,20000,22380836
L_SHADE_1_0_1,21,20,29,20000,22380837
L_SHADE_1_0_1,21,20,30,20000,22380838
L_SHADE_1_0_1,22,20,21,20000,22480829
L_SHADE_1_0_1,22,20,22,20000,22480830
L_SHADE_1_0_1,22,20,23,20000,22480831
L_SHADE_1_0_1,22,20,24,20000,22480832
L_SHADE_1_0_1,22,20,25,20000,22480833
L_SHADE_1_0_1,22,20,26,20000,22480834
L_SHADE_1_0_1,22,20,27,20000,22480835
L_SHADE_1_0_1,22,20,28,20000,22480836
L_SHADE_1_0_1,22,20,29,20000,22480837
L_SHADE_1_0_1,22,20,30,20000,22480838
L_SHADE_1_0_1,23,20,21,20000,22580829
L_SHADE_1_0_1,23,20,22,20000,22580830
L_SHADE_1_0_1,23,20,23,20000,22580831
L_SHADE_1_0_1,23,20,24,20000,22580832
L_SHADE_1_0_1,23,20,25,20000,22580833
L_SHADE_1_0_1,23,20,26,20000,22580834
L_SHADE_1_0_1,23,20,27,20000,22580835
L_SHADE_1_0_1,23,20,28,20000,22580836
L_SHADE_1_0_1,23,20,29,20000,22580837
L_SHADE_1_0_1,23,20,30,20000,22580838
L_SHADE_1_0_1,24,20,21,20000,22680829
L_SHADE_1_0_1,24,20,22,20000,22680830
L_SHADE_1_0_1,24,20,23,20000,22680831
L_SHADE_1_0_1,24,20,24,20000,22680832
L_SHADE_1_0_1,24,20,25,20000,22680833
L_SHADE_1_0_1,24,20,26,20000,22680834
L_SHADE_1_0_1,24,20,27,20000,22680835
L_SHADE_1_0_1,24,20,28,20000,22680836
L_SHADE_1_0_1,24,20,29,20000,22680837
L_SHADE_1_0_1,24,20,30,20000,22680838
jSO,1,5,21,5000,20365829
jSO,1,5,22,5000,20365830
jSO,1,5,23,5000,20365831
jSO,1,5,24,5000,20365832
jSO,1,5,25,5000,20365833
jSO,1,5,26,5000,20365834
jSO,1,5,27,5000,20365835
jSO,1,5,28,5000,20365836
jSO,1,5,29,5000,20365837
jSO,1,5,30,5000,20365838
jSO,2,5,21,5000,20465829
jSO,2,5,22,5000,20465830
jSO,2,5,23,5000,20465831
jSO,2,5,24,5000,20465832
jSO,2,5,25,5000,20465833
jSO,2,5,26,5000,20465834
jSO,2,5,27,5000,20465835
jSO,2,5,28,5000,20465836
jSO,2,5,29,5000,20465837
jSO,2,5,30,5000,20465838
jSO,3,5,21,5000,20565829
jSO,3,5,22,5000,20565830
jSO,3,5,23,5000,20565831
jSO,3,5,24,5000,20565832
jSO,3,5,25,5000,20565833
jSO,3,5,26,5000,20565834
jSO,3,5,27,5000,20565835
jSO,3,5,28,5000,20565836
jSO,3,5,29,5000,20565837
jSO,3,5,30,5000,20565838
jSO,4,5,21,5000,20665829
jSO,4,5,22,5000,20665830
jSO,4,5,23,5000,20665831
jSO,4,5,24,5000,20665832
jSO,4,5,25,5000,20665833
jSO,4,5,26,5000,20665834
jSO,4,5,27,5000,20665835
jSO,4,5,28,5000,20665836
jSO,4,5,29,5000,20665837
jSO,4,5,30,5000,20665838
jSO,5,5,21,5000,20765829
jSO,5,5,22,5000,20765830
jSO,5,5,23,5000,20765831
jSO,5,5,24,5000,20765832
jSO,5,5,25,5000,20765833
jSO,5,5,26,5000,20765834
jSO,5,5,27,5000,20765835
jSO,5,5,28,5000,20765836
jSO,5,5,29,5000,20765837
jSO,5,5,30,5000,20765838
jSO,6,5,21,5000,20865829
jSO,6,5,22,5000,20865830
jSO,6,5,23,5000,20865831
jSO,6,5,24,5000,20865832
jSO,6,5,25,5000,20865833
jSO,6,5,26,5000,20865834
jSO,6,5,27,5000,20865835
jSO,6,5,28,5000,20865836
jSO,6,5,29,5000,20865837
jSO,6,5,30,5000,20865838
jSO,7,5,21,5000,20965829
jSO,7,5,22,5000,20965830
jSO,7,5,23,5000,20965831
jSO,7,5,24,5000,20965832
jSO,7,5,25,5000,20965833
jSO,7,5,26,5000,20965834
jSO,7,5,27,5000,20965835
jSO,7,5,28,5000,20965836
jSO,7,5,29,5000,20965837
jSO,7,5,30,5000,20965838
jSO,8,5,21,5000,21065829
jSO,8,5,22,5000,21065830
jSO,8,5,23,5000,21065831
jSO,8,5,24,5000,21065832
jSO,8,5,25,5000,21065833
jSO,8,5,26,5000,21065834
jSO,8,5,27,5000,21065835
jSO,8,5,28,5000,21065836
jSO,8,5,29,5000,21065837
jSO,8,5,30,5000,21065838
jSO,9,5,21,5000,21165829
jSO,9,5,22,5000,21165830
jSO,9,5,23,5000,21165831
jSO,9,5,24,5000,21165832
jSO,9,5,25,5000,21165833
jSO,9,5,26,5000,21165834
jSO,9,5,27,5000,21165835
jSO,9,5,28,5000,21165836
jSO,9,5,29,5000,21165837
jSO,9,5,30,5000,21165838
jSO,10,5,21,5000,21265829
jSO,10,5,22,5000,21265830
jSO,10,5,23,5000,21265831
jSO,10,5,24,5000,21265832
jSO,10,5,25,5000,21265833
jSO,10,5,26,5000,21265834
jSO,10,5,27,5000,21265835
jSO,10,5,28,5000,21265836
jSO,10,5,29,5000,21265837
jSO,10,5,30,5000,21265838
jSO,11,5,21,5000,21365829
jSO,11,5,22,5000,21365830
jSO,11,5,23,5000,21365831
jSO,11,5,24,5000,21365832
jSO,11,5,25,5000,21365833
jSO,11,5,26,5000,21365834
jSO,11,5,27,5000,21365835
jSO,11,5,28,5000,21365836
jSO,11,5,29,5000,21365837
jSO,11,5,30,5000,21365838
jSO,12,5,21,5000,21465829
jSO,12,5,22,5000,21465830
jSO,12,5,23,5000,21465831
jSO,12,5,24,5000,21465832
jSO,12,5,25,5000,21465833
jSO,12,5,26,5000,21465834
jSO,12,5,27,5000,21465835
jSO,12,5,28,5000,21465836
jSO,12,5,29,5000,21465837
jSO,12,5,30,5000,21465838
jSO,13,5,21,5000,21565829
jSO,13,5,22,5000,21565830
jSO,13,5,23,5000,21565831
jSO,13,5,24,5000,21565832
jSO,13,5,25,5000,21565833
jSO,13,5,26,5000,21565834
jSO,13,5,27,5000,21565835
jSO,13,5,28,5000,21565836
jSO,13,5,29,5000,21565837
jSO,13,5,30,5000,21565838
jSO,14,5,21,5000,21665829
jSO,14,5,22,5000,21665830
jSO,14,5,23,5000,21665831
jSO,14,5,24,5000,21665832
jSO,14,5,25,5000,21665833
jSO,14,5,26,5000,21665834
jSO,14,5,27,5000,21665835
jSO,14,5,28,5000,21665836
jSO,14,5,29,5000,21665837
jSO,14,5,30,5000,21665838
jSO,15,5,21,5000,21765829
jSO,15,5,22,5000,21765830
jSO,15,5,23,5000,21765831
jSO,15,5,24,5000,21765832
jSO,15,5,25,5000,21765833
jSO,15,5,26,5000,21765834
jSO,15,5,27,5000,21765835
jSO,15,5,28,5000,21765836
jSO,15,5,29,5000,21765837
jSO,15,5,30,5000,21765838
jSO,16,5,21,5000,21865829
jSO,16,5,22,5000,21865830
jSO,16,5,23,5000,21865831
jSO,16,5,24,5000,21865832
jSO,16,5,25,5000,21865833
jSO,16,5,26,5000,21865834
jSO,16,5,27,5000,21865835
jSO,16,5,28,5000,21865836
jSO,16,5,29,5000,21865837
jSO,16,5,30,5000,21865838
jSO,17,5,21,5000,21965829
jSO,17,5,22,5000,21965830
jSO,17,5,23,5000,21965831
jSO,17,5,24,5000,21965832
jSO,17,5,25,5000,21965833
jSO,17,5,26,5000,21965834
jSO,17,5,27,5000,21965835
jSO,17,5,28,5000,21965836
jSO,17,5,29,5000,21965837
jSO,17,5,30,5000,21965838
jSO,18,5,21,5000,22065829
jSO,18,5,22,5000,22065830
jSO,18,5,23,5000,22065831
jSO,18,5,24,5000,22065832
jSO,18,5,25,5000,22065833
jSO,18,5,26,5000,22065834
jSO,18,5,27,5000,22065835
jSO,18,5,28,5000,22065836
jSO,18,5,29,5000,22065837
jSO,18,5,30,5000,22065838
jSO,19,5,21,5000,22165829
jSO,19,5,22,5000,22165830
jSO,19,5,23,5000,22165831
jSO,19,5,24,5000,22165832
jSO,19,5,25,5000,22165833
jSO,19,5,26,5000,22165834
jSO,19,5,27,5000,22165835
jSO,19,5,28,5000,22165836
jSO,19,5,29,5000,22165837
jSO,19,5,30,5000,22165838
jSO,20,5,21,5000,22265829
jSO,20,5,22,5000,22265830
jSO,20,5,23,5000,22265831
jSO,20,5,24,5000,22265832
jSO,20,5,25,5000,22265833
jSO,20,5,26,5000,22265834
jSO,20,5,27,5000,22265835
jSO,20,5,28,5000,22265836
jSO,20,5,29,5000,22265837
jSO,20,5,30,5000,22265838
jSO,21,5,21,5000,22365829
jSO,21,5,22,5000,22365830
jSO,21,5,23,5000,22365831
jSO,21,5,24,5000,22365832
jSO,21,5,25,5000,22365833
jSO,21,5,26,5000,22365834
jSO,21,5,27,5000,22365835
jSO,21,5,28,5000,22365836
jSO,21,5,29,5000,22365837
jSO,21,5,30,5000,22365838
jSO,22,5,21,5000,22465829
jSO,22,5,22,5000,22465830
jSO,22,5,23,5000,22465831
jSO,22,5,24,5000,22465832
jSO,22,5,25,5000,22465833
jSO,22,5,26,5000,22465834
jSO,22,5,27,5000,22465835
jSO,22,5,28,5000,22465836
jSO,22,5,29,5000,22465837
jSO,22,5,30,5000,22465838
jSO,23,5,21,5000,22565829
jSO,23,5,22,5000,22565830
jSO,23,5,23,5000,22565831
jSO,23,5,24,5000,22565832
jSO,23,5,25,5000,22565833
jSO,23,5,26,5000,22565834
jSO,23,5,27,5000,22565835
jSO,23,5,28,5000,22565836
jSO,23,5,29,5000,22565837
jSO,23,5,30,5000,22565838
jSO,24,5,21,5000,22665829
jSO,24,5,22,5000,22665830
jSO,24,5,23,5000,22665831
jSO,24,5,24,5000,22665832
jSO,24,5,25,5000,22665833
jSO,24,5,26,5000,22665834
jSO,24,5,27,5000,22665835
jSO,24,5,28,5000,22665836
jSO,24,5,29,5000,22665837
jSO,24,5,30,5000,22665838
jSO,1,20,21,20000,20380829
jSO,1,20,22,20000,20380830
jSO,1,20,23,20000,20380831
jSO,1,20,24,20000,20380832
jSO,1,20,25,20000,20380833
jSO,1,20,26,20000,20380834
jSO,1,20,27,20000,20380835
jSO,1,20,28,20000,20380836
jSO,1,20,29,20000,20380837
jSO,1,20,30,20000,20380838
jSO,2,20,21,20000,20480829
jSO,2,20,22,20000,20480830
jSO,2,20,23,20000,20480831
jSO,2,20,24,20000,20480832
jSO,2,20,25,20000,20480833
jSO,2,20,26,20000,20480834
jSO,2,20,27,20000,20480835
jSO,2,20,28,20000,20480836
jSO,2,20,29,20000,20480837
jSO,2,20,30,20000,20480838
jSO,3,20,21,20000,20580829
jSO,3,20,22,20000,20580830
jSO,3,20,23,20000,20580831
jSO,3,20,24,20000,20580832
jSO,3,20,25,20000,20580833
jSO,3,20,26,20000,20580834
jSO,3,20,27,20000,20580835
jSO,3,20,28,20000,20580836
jSO,3,20,29,20000,20580837
jSO,3,20,30,20000,20580838
jSO,4,20,21,20000,20680829
jSO,4,20,22,20000,20680830
jSO,4,20,23,20000,20680831
jSO,4,20,24,20000,20680832
jSO,4,20,25,20000,20680833
jSO,4,20,26,20000,20680834
jSO,4,20,27,20000,20680835
jSO,4,20,28,20000,20680836
jSO,4,20,29,20000,20680837
jSO,4,20,30,20000,20680838
jSO,5,20,21,20000,20780829
jSO,5,20,22,20000,20780830
jSO,5,20,23,20000,20780831
jSO,5,20,24,20000,20780832
jSO,5,20,25,20000,20780833
jSO,5,20,26,20000,20780834
jSO,5,20,27,20000,20780835
jSO,5,20,28,20000,20780836
jSO,5,20,29,20000,20780837
jSO,5,20,30,20000,20780838
jSO,6,20,21,20000,20880829
jSO,6,20,22,20000,20880830
jSO,6,20,23,20000,20880831
jSO,6,20,24,20000,20880832
jSO,6,20,25,20000,20880833
jSO,6,20,26,20000,20880834
jSO,6,20,27,20000,20880835
jSO,6,20,28,20000,20880836
jSO,6,20,29,20000,20880837
jSO,6,20,30,20000,20880838
jSO,7,20,21,20000,20980829
jSO,7,20,22,20000,20980830
jSO,7,20,23,20000,20980831
jSO,7,20,24,20000,20980832
jSO,7,20,25,20000,20980833
jSO,7,20,26,20000,20980834
jSO,7,20,27,20000,20980835
jSO,7,20,28,20000,20980836
jSO,7,20,29,20000,20980837
jSO,7,20,30,20000,20980838
jSO,8,20,21,20000,21080829
jSO,8,20,22,20000,21080830
jSO,8,20,23,20000,21080831
jSO,8,20,24,20000,21080832
jSO,8,20,25,20000,21080833
jSO,8,20,26,20000,21080834
jSO,8,20,27,20000,21080835
jSO,8,20,28,20000,21080836
jSO,8,20,29,20000,21080837
jSO,8,20,30,20000,21080838
jSO,9,20,21,20000,21180829
jSO,9,20,22,20000,21180830
jSO,9,20,23,20000,21180831
jSO,9,20,24,20000,21180832
jSO,9,20,25,20000,21180833
jSO,9,20,26,20000,21180834
jSO,9,20,27,20000,21180835
jSO,9,20,28,20000,21180836
jSO,9,20,29,20000,21180837
jSO,9,20,30,20000,21180838
jSO,10,20,21,20000,21280829
jSO,10,20,22,20000,21280830
jSO,10,20,23,20000,21280831
jSO,10,20,24,20000,21280832
jSO,10,20,25,20000,21280833
jSO,10,20,26,20000,21280834
jSO,10,20,27,20000,21280835
jSO,10,20,28,20000,21280836
jSO,10,20,29,20000,21280837
jSO,10,20,30,20000,21280838
jSO,11,20,21,20000,21380829
jSO,11,20,22,20000,21380830
jSO,11,20,23,20000,21380831
jSO,11,20,24,20000,21380832
jSO,11,20,25,20000,21380833
jSO,11,20,26,20000,21380834
jSO,11,20,27,20000,21380835
jSO,11,20,28,20000,21380836
jSO,11,20,29,20000,21380837
jSO,11,20,30,20000,21380838
jSO,12,20,21,20000,21480829
jSO,12,20,22,20000,21480830
jSO,12,20,23,20000,21480831
jSO,12,20,24,20000,21480832
jSO,12,20,25,20000,21480833
jSO,12,20,26,20000,21480834
jSO,12,20,27,20000,21480835
jSO,12,20,28,20000,21480836
jSO,12,20,29,20000,21480837
jSO,12,20,30,20000,21480838
jSO,13,20,21,20000,21580829
jSO,13,20,22,20000,21580830
jSO,13,20,23,20000,21580831
jSO,13,20,24,20000,21580832
jSO,13,20,25,20000,21580833
jSO,13,20,26,20000,21580834
jSO,13,20,27,20000,21580835
jSO,13,20,28,20000,21580836
jSO,13,20,29,20000,21580837
jSO,13,20,30,20000,21580838
jSO,14,20,21,20000,21680829
jSO,14,20,22,20000,21680830
jSO,14,20,23,20000,21680831
jSO,14,20,24,20000,21680832
jSO,14,20,25,20000,21680833
jSO,14,20,26,20000,21680834
jSO,14,20,27,20000,21680835
jSO,14,20,28,20000,21680836
jSO,14,20,29,20000,21680837
jSO,14,20,30,20000,21680838
jSO,15,20,21,20000,21780829
jSO,15,20,22,20000,21780830
jSO,15,20,23,20000,21780831
jSO,15,20,24,20000,21780832
jSO,15,20,25,20000,21780833
jSO,15,20,26,20000,21780834
jSO,15,20,27,20000,21780835
jSO,15,20,28,20000,21780836
jSO,15,20,29,20000,21780837
jSO,15,20,30,20000,21780838
jSO,16,20,21,20000,21880829
jSO,16,20,22,20000,21880830
jSO,16,20,23,20000,21880831
jSO,16,20,24,20000,21880832
jSO,16,20,25,20000,21880833
jSO,16,20,26,20000,21880834
jSO,16,20,27,20000,21880835
jSO,16,20,28,20000,21880836
jSO,16,20,29,20000,21880837
jSO,16,20,30,20000,21880838
jSO,17,20,21,20000,21980829
jSO,17,20,22,20000,21980830
jSO,17,20,23,20000,21980831
jSO,17,20,24,20000,21980832
jSO,17,20,25,20000,21980833
jSO,17,20,26,20000,21980834
jSO,17,20,27,20000,21980835
jSO,17,20,28,20000,21980836
jSO,17,20,29,20000,21980837
jSO,17,20,30,20000,21980838
jSO,18,20,21,20000,22080829
jSO,18,20,22,20000,22080830
jSO,18,20,23,20000,22080831
jSO,18,20,24,20000,22080832
jSO,18,20,25,20000,22080833
jSO,18,20,26,20000,22080834
jSO,18,20,27,20000,22080835
jSO,18,20,28,20000,22080836
jSO,18,20,29,20000,22080837
jSO,18,20,30,20000,22080838
jSO,19,20,21,20000,22180829
jSO,19,20,22,20000,22180830
jSO,19,20,23,20000,22180831
jSO,19,20,24,20000,22180832
jSO,19,20,25,20000,22180833
jSO,19,20,26,20000,22180834
jSO,19,20,27,20000,22180835
jSO,19,20,28,20000,22180836
jSO,19,20,29,20000,22180837
jSO,19,20,30,20000,22180838
jSO,20,20,21,20000,22280829
jSO,20,20,22,20000,22280830
jSO,20,20,23,20000,22280831
jSO,20,20,24,20000,22280832
jSO,20,20,25,20000,22280833
jSO,20,20,26,20000,22280834
jSO,20,20,27,20000,22280835
jSO,20,20,28,20000,22280836
jSO,20,20,29,20000,22280837
jSO,20,20,30,20000,22280838
jSO,21,20,21,20000,22380829
jSO,21,20,22,20000,22380830
jSO,21,20,23,20000,22380831
jSO,21,20,24,20000,22380832
jSO,21,20,25,20000,22380833
jSO,21,20,26,20000,22380834
jSO,21,20,27,20000,22380835
jSO,21,20,28,20000,22380836
jSO,21,20,29,20000,22380837
jSO,21,20,30,20000,22380838
jSO,22,20,21,20000,22480829
jSO,22,20,22,20000,22480830
jSO,22,20,23,20000,22480831
jSO,22,20,24,20000,22480832
jSO,22,20,25,20000,22480833
jSO,22,20,26,20000,22480834
jSO,22,20,27,20000,22480835
jSO,22,20,28,20000,22480836
jSO,22,20,29,20000,22480837
jSO,22,20,30,20000,22480838
jSO,23,20,21,20000,22580829
jSO,23,20,22,20000,22580830
jSO,23,20,23,20000,22580831
jSO,23,20,24,20000,22580832
jSO,23,20,25,20000,22580833
jSO,23,20,26,20000,22580834
jSO,23,20,27,20000,22580835
jSO,23,20,28,20000,22580836
jSO,23,20,29,20000,22580837
jSO,23,20,30,20000,22580838
jSO,24,20,21,20000,22680829
jSO,24,20,22,20000,22680830
jSO,24,20,23,20000,22680831
jSO,24,20,24,20000,22680832
jSO,24,20,25,20000,22680833
jSO,24,20,26,20000,22680834
jSO,24,20,27,20000,22680835
jSO,24,20,28,20000,22680836
jSO,24,20,29,20000,22680837
jSO,24,20,30,20000,22680838
L_SRTDE,1,5,21,5000,20365829
L_SRTDE,1,5,22,5000,20365830
L_SRTDE,1,5,23,5000,20365831
L_SRTDE,1,5,24,5000,20365832
L_SRTDE,1,5,25,5000,20365833
L_SRTDE,1,5,26,5000,20365834
L_SRTDE,1,5,27,5000,20365835
L_SRTDE,1,5,28,5000,20365836
L_SRTDE,1,5,29,5000,20365837
L_SRTDE,1,5,30,5000,20365838
L_SRTDE,2,5,21,5000,20465829
L_SRTDE,2,5,22,5000,20465830
L_SRTDE,2,5,23,5000,20465831
L_SRTDE,2,5,24,5000,20465832
L_SRTDE,2,5,25,5000,20465833
L_SRTDE,2,5,26,5000,20465834
L_SRTDE,2,5,27,5000,20465835
L_SRTDE,2,5,28,5000,20465836
L_SRTDE,2,5,29,5000,20465837
L_SRTDE,2,5,30,5000,20465838
L_SRTDE,3,5,21,5000,20565829
L_SRTDE,3,5,22,5000,20565830
L_SRTDE,3,5,23,5000,20565831
L_SRTDE,3,5,24,5000,20565832
L_SRTDE,3,5,25,5000,20565833
L_SRTDE,3,5,26,5000,20565834
L_SRTDE,3,5,27,5000,20565835
L_SRTDE,3,5,28,5000,20565836
L_SRTDE,3,5,29,5000,20565837
L_SRTDE,3,5,30,5000,20565838
L_SRTDE,4,5,21,5000,20665829
L_SRTDE,4,5,22,5000,20665830
L_SRTDE,4,5,23,5000,20665831
L_SRTDE,4,5,24,5000,20665832
L_SRTDE,4,5,25,5000,20665833
L_SRTDE,4,5,26,5000,20665834
L_SRTDE,4,5,27,5000,20665835
L_SRTDE,4,5,28,5000,20665836
L_SRTDE,4,5,29,5000,20665837
L_SRTDE,4,5,30,5000,20665838
L_SRTDE,5,5,21,5000,20765829
L_SRTDE,5,5,22,5000,20765830
L_SRTDE,5,5,23,5000,20765831
L_SRTDE,5,5,24,5000,20765832
L_SRTDE,5,5,25,5000,20765833
L_SRTDE,5,5,26,5000,20765834
L_SRTDE,5,5,27,5000,20765835
L_SRTDE,5,5,28,5000,20765836
L_SRTDE,5,5,29,5000,20765837
L_SRTDE,5,5,30,5000,20765838
L_SRTDE,6,5,21,5000,20865829
L_SRTDE,6,5,22,5000,20865830
L_SRTDE,6,5,23,5000,20865831
L_SRTDE,6,5,24,5000,20865832
L_SRTDE,6,5,25,5000,20865833
L_SRTDE,6,5,26,5000,20865834
L_SRTDE,6,5,27,5000,20865835
L_SRTDE,6,5,28,5000,20865836
L_SRTDE,6,5,29,5000,20865837
L_SRTDE,6,5,30,5000,20865838
L_SRTDE,7,5,21,5000,20965829
L_SRTDE,7,5,22,5000,20965830
L_SRTDE,7,5,23,5000,20965831
L_SRTDE,7,5,24,5000,20965832
L_SRTDE,7,5,25,5000,20965833
L_SRTDE,7,5,26,5000,20965834
L_SRTDE,7,5,27,5000,20965835
L_SRTDE,7,5,28,5000,20965836
L_SRTDE,7,5,29,5000,20965837
L_SRTDE,7,5,30,5000,20965838
L_SRTDE,8,5,21,5000,21065829
L_SRTDE,8,5,22,5000,21065830
L_SRTDE,8,5,23,5000,21065831
L_SRTDE,8,5,24,5000,21065832
L_SRTDE,8,5,25,5000,21065833
L_SRTDE,8,5,26,5000,21065834
L_SRTDE,8,5,27,5000,21065835
L_SRTDE,8,5,28,5000,21065836
L_SRTDE,8,5,29,5000,21065837
L_SRTDE,8,5,30,5000,21065838
L_SRTDE,9,5,21,5000,21165829
L_SRTDE,9,5,22,5000,21165830
L_SRTDE,9,5,23,5000,21165831
L_SRTDE,9,5,24,5000,21165832
L_SRTDE,9,5,25,5000,21165833
L_SRTDE,9,5,26,5000,21165834
L_SRTDE,9,5,27,5000,21165835
L_SRTDE,9,5,28,5000,21165836
L_SRTDE,9,5,29,5000,21165837
L_SRTDE,9,5,30,5000,21165838
L_SRTDE,10,5,21,5000,21265829
L_SRTDE,10,5,22,5000,21265830
L_SRTDE,10,5,23,5000,21265831
L_SRTDE,10,5,24,5000,21265832
L_SRTDE,10,5,25,5000,21265833
L_SRTDE,10,5,26,5000,21265834
L_SRTDE,10,5,27,5000,21265835
L_SRTDE,10,5,28,5000,21265836
L_SRTDE,10,5,29,5000,21265837
L_SRTDE,10,5,30,5000,21265838
L_SRTDE,11,5,21,5000,21365829
L_SRTDE,11,5,22,5000,21365830
L_SRTDE,11,5,23,5000,21365831
L_SRTDE,11,5,24,5000,21365832
L_SRTDE,11,5,25,5000,21365833
L_SRTDE,11,5,26,5000,21365834
L_SRTDE,11,5,27,5000,21365835
L_SRTDE,11,5,28,5000,21365836
L_SRTDE,11,5,29,5000,21365837
L_SRTDE,11,5,30,5000,21365838
L_SRTDE,12,5,21,5000,21465829
L_SRTDE,12,5,22,5000,21465830
L_SRTDE,12,5,23,5000,21465831
L_SRTDE,12,5,24,5000,21465832
L_SRTDE,12,5,25,5000,21465833
L_SRTDE,12,5,26,5000,21465834
L_SRTDE,12,5,27,5000,21465835
L_SRTDE,12,5,28,5000,21465836
L_SRTDE,12,5,29,5000,21465837
L_SRTDE,12,5,30,5000,21465838
L_SRTDE,13,5,21,5000,21565829
L_SRTDE,13,5,22,5000,21565830
L_SRTDE,13,5,23,5000,21565831
L_SRTDE,13,5,24,5000,21565832
L_SRTDE,13,5,25,5000,21565833
L_SRTDE,13,5,26,5000,21565834
L_SRTDE,13,5,27,5000,21565835
L_SRTDE,13,5,28,5000,21565836
L_SRTDE,13,5,29,5000,21565837
L_SRTDE,13,5,30,5000,21565838
L_SRTDE,14,5,21,5000,21665829
L_SRTDE,14,5,22,5000,21665830
L_SRTDE,14,5,23,5000,21665831
L_SRTDE,14,5,24,5000,21665832
L_SRTDE,14,5,25,5000,21665833
L_SRTDE,14,5,26,5000,21665834
L_SRTDE,14,5,27,5000,21665835
L_SRTDE,14,5,28,5000,21665836
L_SRTDE,14,5,29,5000,21665837
L_SRTDE,14,5,30,5000,21665838
L_SRTDE,15,5,21,5000,21765829
L_SRTDE,15,5,22,5000,21765830
L_SRTDE,15,5,23,5000,21765831
L_SRTDE,15,5,24,5000,21765832
L_SRTDE,15,5,25,5000,21765833
L_SRTDE,15,5,26,5000,21765834
L_SRTDE,15,5,27,5000,21765835
L_SRTDE,15,5,28,5000,21765836
L_SRTDE,15,5,29,5000,21765837
L_SRTDE,15,5,30,5000,21765838
L_SRTDE,16,5,21,5000,21865829
L_SRTDE,16,5,22,5000,21865830
L_SRTDE,16,5,23,5000,21865831
L_SRTDE,16,5,24,5000,21865832
L_SRTDE,16,5,25,5000,21865833
L_SRTDE,16,5,26,5000,21865834
L_SRTDE,16,5,27,5000,21865835
L_SRTDE,16,5,28,5000,21865836
L_SRTDE,16,5,29,5000,21865837
L_SRTDE,16,5,30,5000,21865838
L_SRTDE,17,5,21,5000,21965829
L_SRTDE,17,5,22,5000,21965830
L_SRTDE,17,5,23,5000,21965831
L_SRTDE,17,5,24,5000,21965832
L_SRTDE,17,5,25,5000,21965833
L_SRTDE,17,5,26,5000,21965834
L_SRTDE,17,5,27,5000,21965835
L_SRTDE,17,5,28,5000,21965836
L_SRTDE,17,5,29,5000,21965837
L_SRTDE,17,5,30,5000,21965838
L_SRTDE,18,5,21,5000,22065829
L_SRTDE,18,5,22,5000,22065830
L_SRTDE,18,5,23,5000,22065831
L_SRTDE,18,5,24,5000,22065832
L_SRTDE,18,5,25,5000,22065833
L_SRTDE,18,5,26,5000,22065834
L_SRTDE,18,5,27,5000,22065835
L_SRTDE,18,5,28,5000,22065836
L_SRTDE,18,5,29,5000,22065837
L_SRTDE,18,5,30,5000,22065838
L_SRTDE,19,5,21,5000,22165829
L_SRTDE,19,5,22,5000,22165830
L_SRTDE,19,5,23,5000,22165831
L_SRTDE,19,5,24,5000,22165832
L_SRTDE,19,5,25,5000,22165833
L_SRTDE,19,5,26,5000,22165834
L_SRTDE,19,5,27,5000,22165835
L_SRTDE,19,5,28,5000,22165836
L_SRTDE,19,5,29,5000,22165837
L_SRTDE,19,5,30,5000,22165838
L_SRTDE,20,5,21,5000,22265829
L_SRTDE,20,5,22,5000,22265830
L_SRTDE,20,5,23,5000,22265831
L_SRTDE,20,5,24,5000,22265832
L_SRTDE,20,5,25,5000,22265833
L_SRTDE,20,5,26,5000,22265834
L_SRTDE,20,5,27,5000,22265835
L_SRTDE,20,5,28,5000,22265836
L_SRTDE,20,5,29,5000,22265837
L_SRTDE,20,5,30,5000,22265838
L_SRTDE,21,5,21,5000,22365829
L_SRTDE,21,5,22,5000,22365830
L_SRTDE,21,5,23,5000,22365831
L_SRTDE,21,5,24,5000,22365832
L_SRTDE,21,5,25,5000,22365833
L_SRTDE,21,5,26,5000,22365834
L_SRTDE,21,5,27,5000,22365835
L_SRTDE,21,5,28,5000,22365836
L_SRTDE,21,5,29,5000,22365837
L_SRTDE,21,5,30,5000,22365838
L_SRTDE,22,5,21,5000,22465829
L_SRTDE,22,5,22,5000,22465830
L_SRTDE,22,5,23,5000,22465831
L_SRTDE,22,5,24,5000,22465832
L_SRTDE,22,5,25,5000,22465833
L_SRTDE,22,5,26,5000,22465834
L_SRTDE,22,5,27,5000,22465835
L_SRTDE,22,5,28,5000,22465836
L_SRTDE,22,5,29,5000,22465837
L_SRTDE,22,5,30,5000,22465838
L_SRTDE,23,5,21,5000,22565829
L_SRTDE,23,5,22,5000,22565830
L_SRTDE,23,5,23,5000,22565831
L_SRTDE,23,5,24,5000,22565832
L_SRTDE,23,5,25,5000,22565833
L_SRTDE,23,5,26,5000,22565834
L_SRTDE,23,5,27,5000,22565835
L_SRTDE,23,5,28,5000,22565836
L_SRTDE,23,5,29,5000,22565837
L_SRTDE,23,5,30,5000,22565838
L_SRTDE,24,5,21,5000,22665829
L_SRTDE,24,5,22,5000,22665830
L_SRTDE,24,5,23,5000,22665831
L_SRTDE,24,5,24,5000,22665832
L_SRTDE,24,5,25,5000,22665833
L_SRTDE,24,5,26,5000,22665834
L_SRTDE,24,5,27,5000,22665835
L_SRTDE,24,5,28,5000,22665836
L_SRTDE,24,5,29,5000,22665837
L_SRTDE,24,5,30,5000,22665838
L_SRTDE,1,20,21,20000,20380829
L_SRTDE,1,20,22,20000,20380830
L_SRTDE,1,20,23,20000,20380831
L_SRTDE,1,20,24,20000,20380832
L_SRTDE,1,20,25,20000,20380833
L_SRTDE,1,20,26,20000,20380834
L_SRTDE,1,20,27,20000,20380835
L_SRTDE,1,20,28,20000,20380836
L_SRTDE,1,20,29,20000,20380837
L_SRTDE,1,20,30,20000,20380838
L_SRTDE,2,20,21,20000,20480829
L_SRTDE,2,20,22,20000,20480830
L_SRTDE,2,20,23,20000,20480831
L_SRTDE,2,20,24,20000,20480832
L_SRTDE,2,20,25,20000,20480833
L_SRTDE,2,20,26,20000,20480834
L_SRTDE,2,20,27,20000,20480835
L_SRTDE,2,20,28,20000,20480836
L_SRTDE,2,20,29,20000,20480837
L_SRTDE,2,20,30,20000,20480838
L_SRTDE,3,20,21,20000,20580829
L_SRTDE,3,20,22,20000,20580830
L_SRTDE,3,20,23,20000,20580831
L_SRTDE,3,20,24,20000,20580832
L_SRTDE,3,20,25,20000,20580833
L_SRTDE,3,20,26,20000,20580834
L_SRTDE,3,20,27,20000,20580835
L_SRTDE,3,20,28,20000,20580836
L_SRTDE,3,20,29,20000,20580837
L_SRTDE,3,20,30,20000,20580838
L_SRTDE,4,20,21,20000,20680829
L_SRTDE,4,20,22,20000,20680830
L_SRTDE,4,20,23,20000,20680831
L_SRTDE,4,20,24,20000,20680832
L_SRTDE,4,20,25,20000,20680833
L_SRTDE,4,20,26,20000,20680834
L_SRTDE,4,20,27,20000,20680835
L_SRTDE,4,20,28,20000,20680836
L_SRTDE,4,20,29,20000,20680837
L_SRTDE,4,20,30,20000,20680838
L_SRTDE,5,20,21,20000,20780829
L_SRTDE,5,20,22,20000,20780830
L_SRTDE,5,20,23,20000,20780831
L_SRTDE,5,20,24,20000,20780832
L_SRTDE,5,20,25,20000,20780833
L_SRTDE,5,20,26,20000,20780834
L_SRTDE,5,20,27,20000,20780835
L_SRTDE,5,20,28,20000,20780836
L_SRTDE,5,20,29,20000,20780837
L_SRTDE,5,20,30,20000,20780838
L_SRTDE,6,20,21,20000,20880829
L_SRTDE,6,20,22,20000,20880830
L_SRTDE,6,20,23,20000,20880831
L_SRTDE,6,20,24,20000,20880832
L_SRTDE,6,20,25,20000,20880833
L_SRTDE,6,20,26,20000,20880834
L_SRTDE,6,20,27,20000,20880835
L_SRTDE,6,20,28,20000,20880836
L_SRTDE,6,20,29,20000,20880837
L_SRTDE,6,20,30,20000,20880838
L_SRTDE,7,20,21,20000,20980829
L_SRTDE,7,20,22,20000,20980830
L_SRTDE,7,20,23,20000,20980831
L_SRTDE,7,20,24,20000,20980832
L_SRTDE,7,20,25,20000,20980833
L_SRTDE,7,20,26,20000,20980834
L_SRTDE,7,20,27,20000,20980835
L_SRTDE,7,20,28,20000,20980836
L_SRTDE,7,20,29,20000,20980837
L_SRTDE,7,20,30,20000,20980838
L_SRTDE,8,20,21,20000,21080829
L_SRTDE,8,20,22,20000,21080830
L_SRTDE,8,20,23,20000,21080831
L_SRTDE,8,20,24,20000,21080832
L_SRTDE,8,20,25,20000,21080833
L_SRTDE,8,20,26,20000,21080834
L_SRTDE,8,20,27,20000,21080835
L_SRTDE,8,20,28,20000,21080836
L_SRTDE,8,20,29,20000,21080837
L_SRTDE,8,20,30,20000,21080838
L_SRTDE,9,20,21,20000,21180829
L_SRTDE,9,20,22,20000,21180830
L_SRTDE,9,20,23,20000,21180831
L_SRTDE,9,20,24,20000,21180832
L_SRTDE,9,20,25,20000,21180833
L_SRTDE,9,20,26,20000,21180834
L_SRTDE,9,20,27,20000,21180835
L_SRTDE,9,20,28,20000,21180836
L_SRTDE,9,20,29,20000,21180837
L_SRTDE,9,20,30,20000,21180838
L_SRTDE,10,20,21,20000,21280829
L_SRTDE,10,20,22,20000,21280830
L_SRTDE,10,20,23,20000,21280831
L_SRTDE,10,20,24,20000,21280832
L_SRTDE,10,20,25,20000,21280833
L_SRTDE,10,20,26,20000,21280834
L_SRTDE,10,20,27,20000,21280835
L_SRTDE,10,20,28,20000,21280836
L_SRTDE,10,20,29,20000,21280837
L_SRTDE,10,20,30,20000,21280838
L_SRTDE,11,20,21,20000,21380829
L_SRTDE,11,20,22,20000,21380830
L_SRTDE,11,20,23,20000,21380831
L_SRTDE,11,20,24,20000,21380832
L_SRTDE,11,20,25,20000,21380833
L_SRTDE,11,20,26,20000,21380834
L_SRTDE,11,20,27,20000,21380835
L_SRTDE,11,20,28,20000,21380836
L_SRTDE,11,20,29,20000,21380837
L_SRTDE,11,20,30,20000,21380838
L_SRTDE,12,20,21,20000,21480829
L_SRTDE,12,20,22,20000,21480830
L_SRTDE,12,20,23,20000,21480831
L_SRTDE,12,20,24,20000,21480832
L_SRTDE,12,20,25,20000,21480833
L_SRTDE,12,20,26,20000,21480834
L_SRTDE,12,20,27,20000,21480835
L_SRTDE,12,20,28,20000,21480836
L_SRTDE,12,20,29,20000,21480837
L_SRTDE,12,20,30,20000,21480838
L_SRTDE,13,20,21,20000,21580829
L_SRTDE,13,20,22,20000,21580830
L_SRTDE,13,20,23,20000,21580831
L_SRTDE,13,20,24,20000,21580832
L_SRTDE,13,20,25,20000,21580833
L_SRTDE,13,20,26,20000,21580834
L_SRTDE,13,20,27,20000,21580835
L_SRTDE,13,20,28,20000,21580836
L_SRTDE,13,20,29,20000,21580837
L_SRTDE,13,20,30,20000,21580838
L_SRTDE,14,20,21,20000,21680829
L_SRTDE,14,20,22,20000,21680830
L_SRTDE,14,20,23,20000,21680831
L_SRTDE,14,20,24,20000,21680832
L_SRTDE,14,20,25,20000,21680833
L_SRTDE,14,20,26,20000,21680834
L_SRTDE,14,20,27,20000,21680835
L_SRTDE,14,20,28,20000,21680836
L_SRTDE,14,20,29,20000,21680837
L_SRTDE,14,20,30,20000,21680838
L_SRTDE,15,20,21,20000,21780829
L_SRTDE,15,20,22,20000,21780830
L_SRTDE,15,20,23,20000,21780831
L_SRTDE,15,20,24,20000,21780832
L_SRTDE,15,20,25,20000,21780833
L_SRTDE,15,20,26,20000,21780834
L_SRTDE,15,20,27,20000,21780835
L_SRTDE,15,20,28,20000,21780836
L_SRTDE,15,20,29,20000,21780837
L_SRTDE,15,20,30,20000,21780838
L_SRTDE,16,20,21,20000,21880829
L_SRTDE,16,20,22,20000,21880830
L_SRTDE,16,20,23,20000,21880831
L_SRTDE,16,20,24,20000,21880832
L_SRTDE,16,20,25,20000,21880833
L_SRTDE,16,20,26,20000,21880834
L_SRTDE,16,20,27,20000,21880835
L_SRTDE,16,20,28,20000,21880836
L_SRTDE,16,20,29,20000,21880837
L_SRTDE,16,20,30,20000,21880838
L_SRTDE,17,20,21,20000,21980829
L_SRTDE,17,20,22,20000,21980830
L_SRTDE,17,20,23,20000,21980831
L_SRTDE,17,20,24,20000,21980832
L_SRTDE,17,20,25,20000,21980833
L_SRTDE,17,20,26,20000,21980834
L_SRTDE,17,20,27,20000,21980835
L_SRTDE,17,20,28,20000,21980836
L_SRTDE,17,20,29,20000,21980837
L_SRTDE,17,20,30,20000,21980838
L_SRTDE,18,20,21,20000,22080829
L_SRTDE,18,20,22,20000,22080830
L_SRTDE,18,20,23,20000,22080831
L_SRTDE,18,20,24,20000,22080832
L_SRTDE,18,20,25,20000,22080833
L_SRTDE,18,20,26,20000,22080834
L_SRTDE,18,20,27,20000,22080835
L_SRTDE,18,20,28,20000,22080836
L_SRTDE,18,20,29,20000,22080837
L_SRTDE,18,20,30,20000,22080838
L_SRTDE,19,20,21,20000,22180829
L_SRTDE,19,20,22,20000,22180830
L_SRTDE,19,20,23,20000,22180831
L_SRTDE,19,20,24,20000,22180832
L_SRTDE,19,20,25,20000,22180833
L_SRTDE,19,20,26,20000,22180834
L_SRTDE,19,20,27,20000,22180835
L_SRTDE,19,20,28,20000,22180836
L_SRTDE,19,20,29,20000,22180837
L_SRTDE,19,20,30,20000,22180838
L_SRTDE,20,20,21,20000,22280829
L_SRTDE,20,20,22,20000,22280830
L_SRTDE,20,20,23,20000,22280831
L_SRTDE,20,20,24,20000,22280832
L_SRTDE,20,20,25,20000,22280833
L_SRTDE,20,20,26,20000,22280834
L_SRTDE,20,20,27,20000,22280835
L_SRTDE,20,20,28,20000,22280836
L_SRTDE,20,20,29,20000,22280837
L_SRTDE,20,20,30,20000,22280838
L_SRTDE,21,20,21,20000,22380829
L_SRTDE,21,20,22,20000,22380830
L_SRTDE,21,20,23,20000,22380831
L_SRTDE,21,20,24,20000,22380832
L_SRTDE,21,20,25,20000,22380833
L_SRTDE,21,20,26,20000,22380834
L_SRTDE,21,20,27,20000,22380835
L_SRTDE,21,20,28,20000,22380836
L_SRTDE,21,20,29,20000,22380837
L_SRTDE,21,20,30,20000,22380838
L_SRTDE,22,20,21,20000,22480829
L_SRTDE,22,20,22,20000,22480830
L_SRTDE,22,20,23,20000,22480831
L_SRTDE,22,20,24,20000,22480832
L_SRTDE,22,20,25,20000,22480833
L_SRTDE,22,20,26,20000,22480834
L_SRTDE,22,20,27,20000,22480835
L_SRTDE,22,20,28,20000,22480836
L_SRTDE,22,20,29,20000,22480837
L_SRTDE,22,20,30,20000,22480838
L_SRTDE,23,20,21,20000,22580829
L_SRTDE,23,20,22,20000,22580830
L_SRTDE,23,20,23,20000,22580831
L_SRTDE,23,20,24,20000,22580832
L_SRTDE,23,20,25,20000,22580833
L_SRTDE,23,20,26,20000,22580834
L_SRTDE,23,20,27,20000,22580835
L_SRTDE,23,20,28,20000,22580836
L_SRTDE,23,20,29,20000,22580837
L_SRTDE,23,20,30,20000,22580838
L_SRTDE,24,20,21,20000,22680829
L_SRTDE,24,20,22,20000,22680830
L_SRTDE,24,20,23,20000,22680831
L_SRTDE,24,20,24,20000,22680832
L_SRTDE,24,20,25,20000,22680833
L_SRTDE,24,20,26,20000,22680834
L_SRTDE,24,20,27,20000,22680835
L_SRTDE,24,20,28,20000,22680836
L_SRTDE,24,20,29,20000,22680837
L_SRTDE,24,20,30,20000,22680838
DIRECT_L,1,5,21,5000,20365829
DIRECT_L,1,5,22,5000,20365830
DIRECT_L,1,5,23,5000,20365831
DIRECT_L,1,5,24,5000,20365832
DIRECT_L,1,5,25,5000,20365833
DIRECT_L,1,5,26,5000,20365834
DIRECT_L,1,5,27,5000,20365835
DIRECT_L,1,5,28,5000,20365836
DIRECT_L,1,5,29,5000,20365837
DIRECT_L,1,5,30,5000,20365838
DIRECT_L,2,5,21,5000,20465829
DIRECT_L,2,5,22,5000,20465830
DIRECT_L,2,5,23,5000,20465831
DIRECT_L,2,5,24,5000,20465832
DIRECT_L,2,5,25,5000,20465833
DIRECT_L,2,5,26,5000,20465834
DIRECT_L,2,5,27,5000,20465835
DIRECT_L,2,5,28,5000,20465836
DIRECT_L,2,5,29,5000,20465837
DIRECT_L,2,5,30,5000,20465838
DIRECT_L,3,5,21,5000,20565829
DIRECT_L,3,5,22,5000,20565830
DIRECT_L,3,5,23,5000,20565831
DIRECT_L,3,5,24,5000,20565832
DIRECT_L,3,5,25,5000,20565833
DIRECT_L,3,5,26,5000,20565834
DIRECT_L,3,5,27,5000,20565835
DIRECT_L,3,5,28,5000,20565836
DIRECT_L,3,5,29,5000,20565837
DIRECT_L,3,5,30,5000,20565838
DIRECT_L,4,5,21,5000,20665829
DIRECT_L,4,5,22,5000,20665830
DIRECT_L,4,5,23,5000,20665831
DIRECT_L,4,5,24,5000,20665832
DIRECT_L,4,5,25,5000,20665833
DIRECT_L,4,5,26,5000,20665834
DIRECT_L,4,5,27,5000,20665835
DIRECT_L,4,5,28,5000,20665836
DIRECT_L,4,5,29,5000,20665837
DIRECT_L,4,5,30,5000,20665838
DIRECT_L,5,5,21,5000,20765829
DIRECT_L,5,5,22,5000,20765830
DIRECT_L,5,5,23,5000,20765831
DIRECT_L,5,5,24,5000,20765832
DIRECT_L,5,5,25,5000,20765833
DIRECT_L,5,5,26,5000,20765834
DIRECT_L,5,5,27,5000,20765835
DIRECT_L,5,5,28,5000,20765836
DIRECT_L,5,5,29,5000,20765837
DIRECT_L,5,5,30,5000,20765838
DIRECT_L,6,5,21,5000,20865829
DIRECT_L,6,5,22,5000,20865830
DIRECT_L,6,5,23,5000,20865831
DIRECT_L,6,5,24,5000,20865832
DIRECT_L,6,5,25,5000,20865833
DIRECT_L,6,5,26,5000,20865834
DIRECT_L,6,5,27,5000,20865835
DIRECT_L,6,5,28,5000,20865836
DIRECT_L,6,5,29,5000,20865837
DIRECT_L,6,5,30,5000,20865838
DIRECT_L,7,5,21,5000,20965829
DIRECT_L,7,5,22,5000,20965830
DIRECT_L,7,5,23,5000,20965831
DIRECT_L,7,5,24,5000,20965832
DIRECT_L,7,5,25,5000,20965833
DIRECT_L,7,5,26,5000,20965834
DIRECT_L,7,5,27,5000,20965835
DIRECT_L,7,5,28,5000,20965836
DIRECT_L,7,5,29,5000,20965837
DIRECT_L,7,5,30,5000,20965838
DIRECT_L,8,5,21,5000,21065829
DIRECT_L,8,5,22,5000,21065830
DIRECT_L,8,5,23,5000,21065831
DIRECT_L,8,5,24,5000,21065832
DIRECT_L,8,5,25,5000,21065833
DIRECT_L,8,5,26,5000,21065834
DIRECT_L,8,5,27,5000,21065835
DIRECT_L,8,5,28,5000,21065836
DIRECT_L,8,5,29,5000,21065837
DIRECT_L,8,5,30,5000,21065838
DIRECT_L,9,5,21,5000,21165829
DIRECT_L,9,5,22,5000,21165830
DIRECT_L,9,5,23,5000,21165831
DIRECT_L,9,5,24,5000,21165832
DIRECT_L,9,5,25,5000,21165833
DIRECT_L,9,5,26,5000,21165834
DIRECT_L,9,5,27,5000,21165835
DIRECT_L,9,5,28,5000,21165836
DIRECT_L,9,5,29,5000,21165837
DIRECT_L,9,5,30,5000,21165838
DIRECT_L,10,5,21,5000,21265829
DIRECT_L,10,5,22,5000,21265830
DIRECT_L,10,5,23,5000,21265831
DIRECT_L,10,5,24,5000,21265832
DIRECT_L,10,5,25,5000,21265833
DIRECT_L,10,5,26,5000,21265834
DIRECT_L,10,5,27,5000,21265835
DIRECT_L,10,5,28,5000,21265836
DIRECT_L,10,5,29,5000,21265837
DIRECT_L,10,5,30,5000,21265838
DIRECT_L,11,5,21,5000,21365829
DIRECT_L,11,5,22,5000,21365830
DIRECT_L,11,5,23,5000,21365831
DIRECT_L,11,5,24,5000,21365832
DIRECT_L,11,5,25,5000,21365833
DIRECT_L,11,5,26,5000,21365834
DIRECT_L,11,5,27,5000,21365835
DIRECT_L,11,5,28,5000,21365836
DIRECT_L,11,5,29,5000,21365837
DIRECT_L,11,5,30,5000,21365838
DIRECT_L,12,5,21,5000,21465829
DIRECT_L,12,5,22,5000,21465830
DIRECT_L,12,5,23,5000,21465831
DIRECT_L,12,5,24,5000,21465832
DIRECT_L,12,5,25,5000,21465833
DIRECT_L,12,5,26,5000,21465834
DIRECT_L,12,5,27,5000,21465835
DIRECT_L,12,5,28,5000,21465836
DIRECT_L,12,5,29,5000,21465837
DIRECT_L,12,5,30,5000,21465838
DIRECT_L,13,5,21,5000,21565829
DIRECT_L,13,5,22,5000,21565830
DIRECT_L,13,5,23,5000,21565831
DIRECT_L,13,5,24,5000,21565832
DIRECT_L,13,5,25,5000,21565833
DIRECT_L,13,5,26,5000,21565834
DIRECT_L,13,5,27,5000,21565835
DIRECT_L,13,5,28,5000,21565836
DIRECT_L,13,5,29,5000,21565837
DIRECT_L,13,5,30,5000,21565838
DIRECT_L,14,5,21,5000,21665829
DIRECT_L,14,5,22,5000,21665830
DIRECT_L,14,5,23,5000,21665831
DIRECT_L,14,5,24,5000,21665832
DIRECT_L,14,5,25,5000,21665833
DIRECT_L,14,5,26,5000,21665834
DIRECT_L,14,5,27,5000,21665835
DIRECT_L,14,5,28,5000,21665836
DIRECT_L,14,5,29,5000,21665837
DIRECT_L,14,5,30,5000,21665838
DIRECT_L,15,5,21,5000,21765829
DIRECT_L,15,5,22,5000,21765830
DIRECT_L,15,5,23,5000,21765831
DIRECT_L,15,5,24,5000,21765832
DIRECT_L,15,5,25,5000,21765833
DIRECT_L,15,5,26,5000,21765834
DIRECT_L,15,5,27,5000,21765835
DIRECT_L,15,5,28,5000,21765836
DIRECT_L,15,5,29,5000,21765837
DIRECT_L,15,5,30,5000,21765838
DIRECT_L,16,5,21,5000,21865829
DIRECT_L,16,5,22,5000,21865830
DIRECT_L,16,5,23,5000,21865831
DIRECT_L,16,5,24,5000,21865832
DIRECT_L,16,5,25,5000,21865833
DIRECT_L,16,5,26,5000,21865834
DIRECT_L,16,5,27,5000,21865835
DIRECT_L,16,5,28,5000,21865836
DIRECT_L,16,5,29,5000,21865837
DIRECT_L,16,5,30,5000,21865838
DIRECT_L,17,5,21,5000,21965829
DIRECT_L,17,5,22,5000,21965830
DIRECT_L,17,5,23,5000,21965831
DIRECT_L,17,5,24,5000,21965832
DIRECT_L,17,5,25,5000,21965833
DIRECT_L,17,5,26,5000,21965834
DIRECT_L,17,5,27,5000,21965835
DIRECT_L,17,5,28,5000,21965836
DIRECT_L,17,5,29,5000,21965837
DIRECT_L,17,5,30,5000,21965838
DIRECT_L,18,5,21,5000,22065829
DIRECT_L,18,5,22,5000,22065830
DIRECT_L,18,5,23,5000,22065831
DIRECT_L,18,5,24,5000,22065832
DIRECT_L,18,5,25,5000,22065833
DIRECT_L,18,5,26,5000,22065834
DIRECT_L,18,5,27,5000,22065835
DIRECT_L,18,5,28,5000,22065836
DIRECT_L,18,5,29,5000,22065837
DIRECT_L,18,5,30,5000,22065838
DIRECT_L,19,5,21,5000,22165829
DIRECT_L,19,5,22,5000,22165830
DIRECT_L,19,5,23,5000,22165831
DIRECT_L,19,5,24,5000,22165832
DIRECT_L,19,5,25,5000,22165833
DIRECT_L,19,5,26,5000,22165834
DIRECT_L,19,5,27,5000,22165835
DIRECT_L,19,5,28,5000,22165836
DIRECT_L,19,5,29,5000,22165837
DIRECT_L,19,5,30,5000,22165838
DIRECT_L,20,5,21,5000,22265829
DIRECT_L,20,5,22,5000,22265830
DIRECT_L,20,5,23,5000,22265831
DIRECT_L,20,5,24,5000,22265832
DIRECT_L,20,5,25,5000,22265833
DIRECT_L,20,5,26,5000,22265834
DIRECT_L,20,5,27,5000,22265835
DIRECT_L,20,5,28,5000,22265836
DIRECT_L,20,5,29,5000,22265837
DIRECT_L,20,5,30,5000,22265838
DIRECT_L,21,5,21,5000,22365829
DIRECT_L,21,5,22,5000,22365830
DIRECT_L,21,5,23,5000,22365831
DIRECT_L,21,5,24,5000,22365832
DIRECT_L,21,5,25,5000,22365833
DIRECT_L,21,5,26,5000,22365834
DIRECT_L,21,5,27,5000,22365835
DIRECT_L,21,5,28,5000,22365836
DIRECT_L,21,5,29,5000,22365837
DIRECT_L,21,5,30,5000,22365838
DIRECT_L,22,5,21,5000,22465829
DIRECT_L,22,5,22,5000,22465830
DIRECT_L,22,5,23,5000,22465831
DIRECT_L,22,5,24,5000,22465832
DIRECT_L,22,5,25,5000,22465833
DIRECT_L,22,5,26,5000,22465834
DIRECT_L,22,5,27,5000,22465835
DIRECT_L,22,5,28,5000,22465836
DIRECT_L,22,5,29,5000,22465837
DIRECT_L,22,5,30,5000,22465838
DIRECT_L,23,5,21,5000,22565829
DIRECT_L,23,5,22,5000,22565830
DIRECT_L,23,5,23,5000,22565831
DIRECT_L,23,5,24,5000,22565832
DIRECT_L,23,5,25,5000,22565833
DIRECT_L,23,5,26,5000,22565834
DIRECT_L,23,5,27,5000,22565835
DIRECT_L,23,5,28,5000,22565836
DIRECT_L,23,5,29,5000,22565837
DIRECT_L,23,5,30,5000,22565838
DIRECT_L,24,5,21,5000,22665829
DIRECT_L,24,5,22,5000,22665830
DIRECT_L,24,5,23,5000,22665831
DIRECT_L,24,5,24,5000,22665832
DIRECT_L,24,5,25,5000,22665833
DIRECT_L,24,5,26,5000,22665834
DIRECT_L,24,5,27,5000,22665835
DIRECT_L,24,5,28,5000,22665836
DIRECT_L,24,5,29,5000,22665837
DIRECT_L,24,5,30,5000,22665838
DIRECT_L,1,20,21,20000,20380829
DIRECT_L,1,20,22,20000,20380830
DIRECT_L,1,20,23,20000,20380831
DIRECT_L,1,20,24,20000,20380832
DIRECT_L,1,20,25,20000,20380833
DIRECT_L,1,20,26,20000,20380834
DIRECT_L,1,20,27,20000,20380835
DIRECT_L,1,20,28,20000,20380836
DIRECT_L,1,20,29,20000,20380837
DIRECT_L,1,20,30,20000,20380838
DIRECT_L,2,20,21,20000,20480829
DIRECT_L,2,20,22,20000,20480830
DIRECT_L,2,20,23,20000,20480831
DIRECT_L,2,20,24,20000,20480832
DIRECT_L,2,20,25,20000,20480833
DIRECT_L,2,20,26,20000,20480834
DIRECT_L,2,20,27,20000,20480835
DIRECT_L,2,20,28,20000,20480836
DIRECT_L,2,20,29,20000,20480837
DIRECT_L,2,20,30,20000,20480838
DIRECT_L,3,20,21,20000,20580829
DIRECT_L,3,20,22,20000,20580830
DIRECT_L,3,20,23,20000,20580831
DIRECT_L,3,20,24,20000,20580832
DIRECT_L,3,20,25,20000,20580833
DIRECT_L,3,20,26,20000,20580834
DIRECT_L,3,20,27,20000,20580835
DIRECT_L,3,20,28,20000,20580836
DIRECT_L,3,20,29,20000,20580837
DIRECT_L,3,20,30,20000,20580838
DIRECT_L,4,20,21,20000,20680829
DIRECT_L,4,20,22,20000,20680830
DIRECT_L,4,20,23,20000,20680831
DIRECT_L,4,20,24,20000,20680832
DIRECT_L,4,20,25,20000,20680833
DIRECT_L,4,20,26,20000,20680834
DIRECT_L,4,20,27,20000,20680835
DIRECT_L,4,20,28,20000,20680836
DIRECT_L,4,20,29,20000,20680837
DIRECT_L,4,20,30,20000,20680838
DIRECT_L,5,20,21,20000,20780829
DIRECT_L,5,20,22,20000,20780830
DIRECT_L,5,20,23,20000,20780831
DIRECT_L,5,20,24,20000,20780832
DIRECT_L,5,20,25,20000,20780833
DIRECT_L,5,20,26,20000,20780834
DIRECT_L,5,20,27,20000,20780835
DIRECT_L,5,20,28,20000,20780836
DIRECT_L,5,20,29,20000,20780837
DIRECT_L,5,20,30,20000,20780838
DIRECT_L,6,20,21,20000,20880829
DIRECT_L,6,20,22,20000,20880830
DIRECT_L,6,20,23,20000,20880831
DIRECT_L,6,20,24,20000,20880832
DIRECT_L,6,20,25,20000,20880833
DIRECT_L,6,20,26,20000,20880834
DIRECT_L,6,20,27,20000,20880835
DIRECT_L,6,20,28,20000,20880836
DIRECT_L,6,20,29,20000,20880837
DIRECT_L,6,20,30,20000,20880838
DIRECT_L,7,20,21,20000,20980829
DIRECT_L,7,20,22,20000,20980830
DIRECT_L,7,20,23,20000,20980831
DIRECT_L,7,20,24,20000,20980832
DIRECT_L,7,20,25,20000,20980833
DIRECT_L,7,20,26,20000,20980834
DIRECT_L,7,20,27,20000,20980835
DIRECT_L,7,20,28,20000,20980836
DIRECT_L,7,20,29,20000,20980837
DIRECT_L,7,20,30,20000,20980838
DIRECT_L,8,20,21,20000,21080829
DIRECT_L,8,20,22,20000,21080830
DIRECT_L,8,20,23,20000,21080831
DIRECT_L,8,20,24,20000,21080832
DIRECT_L,8,20,25,20000,21080833
DIRECT_L,8,20,26,20000,21080834
DIRECT_L,8,20,27,20000,21080835
DIRECT_L,8,20,28,20000,21080836
DIRECT_L,8,20,29,20000,21080837
DIRECT_L,8,20,30,20000,21080838
DIRECT_L,9,20,21,20000,21180829
DIRECT_L,9,20,22,20000,21180830
DIRECT_L,9,20,23,20000,21180831
DIRECT_L,9,20,24,20000,21180832
DIRECT_L,9,20,25,20000,21180833
DIRECT_L,9,20,26,20000,21180834
DIRECT_L,9,20,27,20000,21180835
DIRECT_L,9,20,28,20000,21180836
DIRECT_L,9,20,29,20000,21180837
DIRECT_L,9,20,30,20000,21180838
DIRECT_L,10,20,21,20000,21280829
DIRECT_L,10,20,22,20000,21280830
DIRECT_L,10,20,23,20000,21280831
DIRECT_L,10,20,24,20000,21280832
DIRECT_L,10,20,25,20000,21280833
DIRECT_L,10,20,26,20000,21280834
DIRECT_L,10,20,27,20000,21280835
DIRECT_L,10,20,28,20000,21280836
DIRECT_L,10,20,29,20000,21280837
DIRECT_L,10,20,30,20000,21280838
DIRECT_L,11,20,21,20000,21380829
DIRECT_L,11,20,22,20000,21380830
DIRECT_L,11,20,23,20000,21380831
DIRECT_L,11,20,24,20000,21380832
DIRECT_L,11,20,25,20000,21380833
DIRECT_L,11,20,26,20000,21380834
DIRECT_L,11,20,27,20000,21380835
DIRECT_L,11,20,28,20000,21380836
DIRECT_L,11,20,29,20000,21380837
DIRECT_L,11,20,30,20000,21380838
DIRECT_L,12,20,21,20000,21480829
DIRECT_L,12,20,22,20000,21480830
DIRECT_L,12,20,23,20000,21480831
DIRECT_L,12,20,24,20000,21480832
DIRECT_L,12,20,25,20000,21480833
DIRECT_L,12,20,26,20000,21480834
DIRECT_L,12,20,27,20000,21480835
DIRECT_L,12,20,28,20000,21480836
DIRECT_L,12,20,29,20000,21480837
DIRECT_L,12,20,30,20000,21480838
DIRECT_L,13,20,21,20000,21580829
DIRECT_L,13,20,22,20000,21580830
DIRECT_L,13,20,23,20000,21580831
DIRECT_L,13,20,24,20000,21580832
DIRECT_L,13,20,25,20000,21580833
DIRECT_L,13,20,26,20000,21580834
DIRECT_L,13,20,27,20000,21580835
DIRECT_L,13,20,28,20000,21580836
DIRECT_L,13,20,29,20000,21580837
DIRECT_L,13,20,30,20000,21580838
DIRECT_L,14,20,21,20000,21680829
DIRECT_L,14,20,22,20000,21680830
DIRECT_L,14,20,23,20000,21680831
DIRECT_L,14,20,24,20000,21680832
DIRECT_L,14,20,25,20000,21680833
DIRECT_L,14,20,26,20000,21680834
DIRECT_L,14,20,27,20000,21680835
DIRECT_L,14,20,28,20000,21680836
DIRECT_L,14,20,29,20000,21680837
DIRECT_L,14,20,30,20000,21680838
DIRECT_L,15,20,21,20000,21780829
DIRECT_L,15,20,22,20000,21780830
DIRECT_L,15,20,23,20000,21780831
DIRECT_L,15,20,24,20000,21780832
DIRECT_L,15,20,25,20000,21780833
DIRECT_L,15,20,26,20000,21780834
DIRECT_L,15,20,27,20000,21780835
DIRECT_L,15,20,28,20000,21780836
DIRECT_L,15,20,29,20000,21780837
DIRECT_L,15,20,30,20000,21780838
DIRECT_L,16,20,21,20000,21880829
DIRECT_L,16,20,22,20000,21880830
DIRECT_L,16,20,23,20000,21880831
DIRECT_L,16,20,24,20000,21880832
DIRECT_L,16,20,25,20000,21880833
DIRECT_L,16,20,26,20000,21880834
DIRECT_L,16,20,27,20000,21880835
DIRECT_L,16,20,28,20000,21880836
DIRECT_L,16,20,29,20000,21880837
DIRECT_L,16,20,30,20000,21880838
DIRECT_L,17,20,21,20000,21980829
DIRECT_L,17,20,22,20000,21980830
DIRECT_L,17,20,23,20000,21980831
DIRECT_L,17,20,24,20000,21980832
DIRECT_L,17,20,25,20000,21980833
DIRECT_L,17,20,26,20000,21980834
DIRECT_L,17,20,27,20000,21980835
DIRECT_L,17,20,28,20000,21980836
DIRECT_L,17,20,29,20000,21980837
DIRECT_L,17,20,30,20000,21980838
DIRECT_L,18,20,21,20000,22080829
DIRECT_L,18,20,22,20000,22080830
DIRECT_L,18,20,23,20000,22080831
DIRECT_L,18,20,24,20000,22080832
DIRECT_L,18,20,25,20000,22080833
DIRECT_L,18,20,26,20000,22080834
DIRECT_L,18,20,27,20000,22080835
DIRECT_L,18,20,28,20000,22080836
DIRECT_L,18,20,29,20000,22080837
DIRECT_L,18,20,30,20000,22080838
DIRECT_L,19,20,21,20000,22180829
DIRECT_L,19,20,22,20000,22180830
DIRECT_L,19,20,23,20000,22180831
DIRECT_L,19,20,24,20000,22180832
DIRECT_L,19,20,25,20000,22180833
DIRECT_L,19,20,26,20000,22180834
DIRECT_L,19,20,27,20000,22180835
DIRECT_L,19,20,28,20000,22180836
DIRECT_L,19,20,29,20000,22180837
DIRECT_L,19,20,30,20000,22180838
DIRECT_L,20,20,21,20000,22280829
DIRECT_L,20,20,22,20000,22280830
DIRECT_L,20,20,23,20000,22280831
DIRECT_L,20,20,24,20000,22280832
DIRECT_L,20,20,25,20000,22280833
DIRECT_L,20,20,26,20000,22280834
DIRECT_L,20,20,27,20000,22280835
DIRECT_L,20,20,28,20000,22280836
DIRECT_L,20,20,29,20000,22280837
DIRECT_L,20,20,30,20000,22280838
DIRECT_L,21,20,21,20000,22380829
DIRECT_L,21,20,22,20000,22380830
DIRECT_L,21,20,23,20000,22380831
DIRECT_L,21,20,24,20000,22380832
DIRECT_L,21,20,25,20000,22380833
DIRECT_L,21,20,26,20000,22380834
DIRECT_L,21,20,27,20000,22380835
DIRECT_L,21,20,28,20000,22380836
DIRECT_L,21,20,29,20000,22380837
DIRECT_L,21,20,30,20000,22380838
DIRECT_L,22,20,21,20000,22480829
DIRECT_L,22,20,22,20000,22480830
DIRECT_L,22,20,23,20000,22480831
DIRECT_L,22,20,24,20000,22480832
DIRECT_L,22,20,25,20000,22480833
DIRECT_L,22,20,26,20000,22480834
DIRECT_L,22,20,27,20000,22480835
DIRECT_L,22,20,28,20000,22480836
DIRECT_L,22,20,29,20000,22480837
DIRECT_L,22,20,30,20000,22480838
DIRECT_L,23,20,21,20000,22580829
DIRECT_L,23,20,22,20000,22580830
DIRECT_L,23,20,23,20000,22580831
DIRECT_L,23,20,24,20000,22580832
DIRECT_L,23,20,25,20000,22580833
DIRECT_L,23,20,26,20000,22580834
DIRECT_L,23,20,27,20000,22580835
DIRECT_L,23,20,28,20000,22580836
DIRECT_L,23,20,29,20000,22580837
DIRECT_L,23,20,30,20000,22580838
DIRECT_L,24,20,21,20000,22680829
DIRECT_L,24,20,22,20000,22680830
DIRECT_L,24,20,23,20000,22680831
DIRECT_L,24,20,24,20000,22680832
DIRECT_L,24,20,25,20000,22680833
DIRECT_L,24,20,26,20000,22680834
DIRECT_L,24,20,27,20000,22680835
DIRECT_L,24,20,28,20000,22680836
DIRECT_L,24,20,29,20000,22680837
DIRECT_L,24,20,30,20000,22680838
MS_LBFGSB,1,5,21,5000,20365829
MS_LBFGSB,1,5,22,5000,20365830
MS_LBFGSB,1,5,23,5000,20365831
MS_LBFGSB,1,5,24,5000,20365832
MS_LBFGSB,1,5,25,5000,20365833
MS_LBFGSB,1,5,26,5000,20365834
MS_LBFGSB,1,5,27,5000,20365835
MS_LBFGSB,1,5,28,5000,20365836
MS_LBFGSB,1,5,29,5000,20365837
MS_LBFGSB,1,5,30,5000,20365838
MS_LBFGSB,2,5,21,5000,20465829
MS_LBFGSB,2,5,22,5000,20465830
MS_LBFGSB,2,5,23,5000,20465831
MS_LBFGSB,2,5,24,5000,20465832
MS_LBFGSB,2,5,25,5000,20465833
MS_LBFGSB,2,5,26,5000,20465834
MS_LBFGSB,2,5,27,5000,20465835
MS_LBFGSB,2,5,28,5000,20465836
MS_LBFGSB,2,5,29,5000,20465837
MS_LBFGSB,2,5,30,5000,20465838
MS_LBFGSB,3,5,21,5000,20565829
MS_LBFGSB,3,5,22,5000,20565830
MS_LBFGSB,3,5,23,5000,20565831
MS_LBFGSB,3,5,24,5000,20565832
MS_LBFGSB,3,5,25,5000,20565833
MS_LBFGSB,3,5,26,5000,20565834
MS_LBFGSB,3,5,27,5000,20565835
MS_LBFGSB,3,5,28,5000,20565836
MS_LBFGSB,3,5,29,5000,20565837
MS_LBFGSB,3,5,30,5000,20565838
MS_LBFGSB,4,5,21,5000,20665829
MS_LBFGSB,4,5,22,5000,20665830
MS_LBFGSB,4,5,23,5000,20665831
MS_LBFGSB,4,5,24,5000,20665832
MS_LBFGSB,4,5,25,5000,20665833
MS_LBFGSB,4,5,26,5000,20665834
MS_LBFGSB,4,5,27,5000,20665835
MS_LBFGSB,4,5,28,5000,20665836
MS_LBFGSB,4,5,29,5000,20665837
MS_LBFGSB,4,5,30,5000,20665838
MS_LBFGSB,5,5,21,5000,20765829
MS_LBFGSB,5,5,22,5000,20765830
MS_LBFGSB,5,5,23,5000,20765831
MS_LBFGSB,5,5,24,5000,20765832
MS_LBFGSB,5,5,25,5000,20765833
MS_LBFGSB,5,5,26,5000,20765834
MS_LBFGSB,5,5,27,5000,20765835
MS_LBFGSB,5,5,28,5000,20765836
MS_LBFGSB,5,5,29,5000,20765837
MS_LBFGSB,5,5,30,5000,20765838
MS_LBFGSB,6,5,21,5000,20865829
MS_LBFGSB,6,5,22,5000,20865830
MS_LBFGSB,6,5,23,5000,20865831
MS_LBFGSB,6,5,24,5000,20865832
MS_LBFGSB,6,5,25,5000,20865833
MS_LBFGSB,6,5,26,5000,20865834
MS_LBFGSB,6,5,27,5000,20865835
MS_LBFGSB,6,5,28,5000,20865836
MS_LBFGSB,6,5,29,5000,20865837
MS_LBFGSB,6,5,30,5000,20865838
MS_LBFGSB,7,5,21,5000,20965829
MS_LBFGSB,7,5,22,5000,20965830
MS_LBFGSB,7,5,23,5000,20965831
MS_LBFGSB,7,5,24,5000,20965832
MS_LBFGSB,7,5,25,5000,20965833
MS_LBFGSB,7,5,26,5000,20965834
MS_LBFGSB,7,5,27,5000,20965835
MS_LBFGSB,7,5,28,5000,20965836
MS_LBFGSB,7,5,29,5000,20965837
MS_LBFGSB,7,5,30,5000,20965838
MS_LBFGSB,8,5,21,5000,21065829
MS_LBFGSB,8,5,22,5000,21065830
MS_LBFGSB,8,5,23,5000,21065831
MS_LBFGSB,8,5,24,5000,21065832
MS_LBFGSB,8,5,25,5000,21065833
MS_LBFGSB,8,5,26,5000,21065834
MS_LBFGSB,8,5,27,5000,21065835
MS_LBFGSB,8,5,28,5000,21065836
MS_LBFGSB,8,5,29,5000,21065837
MS_LBFGSB,8,5,30,5000,21065838
MS_LBFGSB,9,5,21,5000,21165829
MS_LBFGSB,9,5,22,5000,21165830
MS_LBFGSB,9,5,23,5000,21165831
MS_LBFGSB,9,5,24,5000,21165832
MS_LBFGSB,9,5,25,5000,21165833
MS_LBFGSB,9,5,26,5000,21165834
MS_LBFGSB,9,5,27,5000,21165835
MS_LBFGSB,9,5,28,5000,21165836
MS_LBFGSB,9,5,29,5000,21165837
MS_LBFGSB,9,5,30,5000,21165838
MS_LBFGSB,10,5,21,5000,21265829
MS_LBFGSB,10,5,22,5000,21265830
MS_LBFGSB,10,5,23,5000,21265831
MS_LBFGSB,10,5,24,5000,21265832
MS_LBFGSB,10,5,25,5000,21265833
MS_LBFGSB,10,5,26,5000,21265834
MS_LBFGSB,10,5,27,5000,21265835
MS_LBFGSB,10,5,28,5000,21265836
MS_LBFGSB,10,5,29,5000,21265837
MS_LBFGSB,10,5,30,5000,21265838
MS_LBFGSB,11,5,21,5000,21365829
MS_LBFGSB,11,5,22,5000,21365830
MS_LBFGSB,11,5,23,5000,21365831
MS_LBFGSB,11,5,24,5000,21365832
MS_LBFGSB,11,5,25,5000,21365833
MS_LBFGSB,11,5,26,5000,21365834
MS_LBFGSB,11,5,27,5000,21365835
MS_LBFGSB,11,5,28,5000,21365836
MS_LBFGSB,11,5,29,5000,21365837
MS_LBFGSB,11,5,30,5000,21365838
MS_LBFGSB,12,5,21,5000,21465829
MS_LBFGSB,12,5,22,5000,21465830
MS_LBFGSB,12,5,23,5000,21465831
MS_LBFGSB,12,5,24,5000,21465832
MS_LBFGSB,12,5,25,5000,21465833
MS_LBFGSB,12,5,26,5000,21465834
MS_LBFGSB,12,5,27,5000,21465835
MS_LBFGSB,12,5,28,5000,21465836
MS_LBFGSB,12,5,29,5000,21465837
MS_LBFGSB,12,5,30,5000,21465838
MS_LBFGSB,13,5,21,5000,21565829
MS_LBFGSB,13,5,22,5000,21565830
MS_LBFGSB,13,5,23,5000,21565831
MS_LBFGSB,13,5,24,5000,21565832
MS_LBFGSB,13,5,25,5000,21565833
MS_LBFGSB,13,5,26,5000,21565834
MS_LBFGSB,13,5,27,5000,21565835
MS_LBFGSB,13,5,28,5000,21565836
MS_LBFGSB,13,5,29,5000,21565837
MS_LBFGSB,13,5,30,5000,21565838
MS_LBFGSB,14,5,21,5000,21665829
MS_LBFGSB,14,5,22,5000,21665830
MS_LBFGSB,14,5,23,5000,21665831
MS_LBFGSB,14,5,24,5000,21665832
MS_LBFGSB,14,5,25,5000,21665833
MS_LBFGSB,14,5,26,5000,21665834
MS_LBFGSB,14,5,27,5000,21665835
MS_LBFGSB,14,5,28,5000,21665836
MS_LBFGSB,14,5,29,5000,21665837
MS_LBFGSB,14,5,30,5000,21665838
MS_LBFGSB,15,5,21,5000,21765829
MS_LBFGSB,15,5,22,5000,21765830
MS_LBFGSB,15,5,23,5000,21765831
MS_LBFGSB,15,5,24,5000,21765832
MS_LBFGSB,15,5,25,5000,21765833
MS_LBFGSB,15,5,26,5000,21765834
MS_LBFGSB,15,5,27,5000,21765835
MS_LBFGSB,15,5,28,5000,21765836
MS_LBFGSB,15,5,29,5000,21765837
MS_LBFGSB,15,5,30,5000,21765838
MS_LBFGSB,16,5,21,5000,21865829
MS_LBFGSB,16,5,22,5000,21865830
MS_LBFGSB,16,5,23,5000,21865831
MS_LBFGSB,16,5,24,5000,21865832
MS_LBFGSB,16,5,25,5000,21865833
MS_LBFGSB,16,5,26,5000,21865834
MS_LBFGSB,16,5,27,5000,21865835
MS_LBFGSB,16,5,28,5000,21865836
MS_LBFGSB,16,5,29,5000,21865837
MS_LBFGSB,16,5,30,5000,21865838
MS_LBFGSB,17,5,21,5000,21965829
MS_LBFGSB,17,5,22,5000,21965830
MS_LBFGSB,17,5,23,5000,21965831
MS_LBFGSB,17,5,24,5000,21965832
MS_LBFGSB,17,5,25,5000,21965833
MS_LBFGSB,17,5,26,5000,21965834
MS_LBFGSB,17,5,27,5000,21965835
MS_LBFGSB,17,5,28,5000,21965836
MS_LBFGSB,17,5,29,5000,21965837
MS_LBFGSB,17,5,30,5000,21965838
MS_LBFGSB,18,5,21,5000,22065829
MS_LBFGSB,18,5,22,5000,22065830
MS_LBFGSB,18,5,23,5000,22065831
MS_LBFGSB,18,5,24,5000,22065832
MS_LBFGSB,18,5,25,5000,22065833
MS_LBFGSB,18,5,26,5000,22065834
MS_LBFGSB,18,5,27,5000,22065835
MS_LBFGSB,18,5,28,5000,22065836
MS_LBFGSB,18,5,29,5000,22065837
MS_LBFGSB,18,5,30,5000,22065838
MS_LBFGSB,19,5,21,5000,22165829
MS_LBFGSB,19,5,22,5000,22165830
MS_LBFGSB,19,5,23,5000,22165831
MS_LBFGSB,19,5,24,5000,22165832
MS_LBFGSB,19,5,25,5000,22165833
MS_LBFGSB,19,5,26,5000,22165834
MS_LBFGSB,19,5,27,5000,22165835
MS_LBFGSB,19,5,28,5000,22165836
MS_LBFGSB,19,5,29,5000,22165837
MS_LBFGSB,19,5,30,5000,22165838
MS_LBFGSB,20,5,21,5000,22265829
MS_LBFGSB,20,5,22,5000,22265830
MS_LBFGSB,20,5,23,5000,22265831
MS_LBFGSB,20,5,24,5000,22265832
MS_LBFGSB,20,5,25,5000,22265833
MS_LBFGSB,20,5,26,5000,22265834
MS_LBFGSB,20,5,27,5000,22265835
MS_LBFGSB,20,5,28,5000,22265836
MS_LBFGSB,20,5,29,5000,22265837
MS_LBFGSB,20,5,30,5000,22265838
MS_LBFGSB,21,5,21,5000,22365829
MS_LBFGSB,21,5,22,5000,22365830
MS_LBFGSB,21,5,23,5000,22365831
MS_LBFGSB,21,5,24,5000,22365832
MS_LBFGSB,21,5,25,5000,22365833
MS_LBFGSB,21,5,26,5000,22365834
MS_LBFGSB,21,5,27,5000,22365835
MS_LBFGSB,21,5,28,5000,22365836
MS_LBFGSB,21,5,29,5000,22365837
MS_LBFGSB,21,5,30,5000,22365838
MS_LBFGSB,22,5,21,5000,22465829
MS_LBFGSB,22,5,22,5000,22465830
MS_LBFGSB,22,5,23,5000,22465831
MS_LBFGSB,22,5,24,5000,22465832
MS_LBFGSB,22,5,25,5000,22465833
MS_LBFGSB,22,5,26,5000,22465834
MS_LBFGSB,22,5,27,5000,22465835
MS_LBFGSB,22,5,28,5000,22465836
MS_LBFGSB,22,5,29,5000,22465837
MS_LBFGSB,22,5,30,5000,22465838
MS_LBFGSB,23,5,21,5000,22565829
MS_LBFGSB,23,5,22,5000,22565830
MS_LBFGSB,23,5,23,5000,22565831
MS_LBFGSB,23,5,24,5000,22565832
MS_LBFGSB,23,5,25,5000,22565833
MS_LBFGSB,23,5,26,5000,22565834
MS_LBFGSB,23,5,27,5000,22565835
MS_LBFGSB,23,5,28,5000,22565836
MS_LBFGSB,23,5,29,5000,22565837
MS_LBFGSB,23,5,30,5000,22565838
MS_LBFGSB,24,5,21,5000,22665829
MS_LBFGSB,24,5,22,5000,22665830
MS_LBFGSB,24,5,23,5000,22665831
MS_LBFGSB,24,5,24,5000,22665832
MS_LBFGSB,24,5,25,5000,22665833
MS_LBFGSB,24,5,26,5000,22665834
MS_LBFGSB,24,5,27,5000,22665835
MS_LBFGSB,24,5,28,5000,22665836
MS_LBFGSB,24,5,29,5000,22665837
MS_LBFGSB,24,5,30,5000,22665838
MS_LBFGSB,1,20,21,20000,20380829
MS_LBFGSB,1,20,22,20000,20380830
MS_LBFGSB,1,20,23,20000,20380831
MS_LBFGSB,1,20,24,20000,20380832
MS_LBFGSB,1,20,25,20000,20380833
MS_LBFGSB,1,20,26,20000,20380834
MS_LBFGSB,1,20,27,20000,20380835
MS_LBFGSB,1,20,28,20000,20380836
MS_LBFGSB,1,20,29,20000,20380837
MS_LBFGSB,1,20,30,20000,20380838
MS_LBFGSB,2,20,21,20000,20480829
MS_LBFGSB,2,20,22,20000,20480830
MS_LBFGSB,2,20,23,20000,20480831
MS_LBFGSB,2,20,24,20000,20480832
MS_LBFGSB,2,20,25,20000,20480833
MS_LBFGSB,2,20,26,20000,20480834
MS_LBFGSB,2,20,27,20000,20480835
MS_LBFGSB,2,20,28,20000,20480836
MS_LBFGSB,2,20,29,20000,20480837
MS_LBFGSB,2,20,30,20000,20480838
MS_LBFGSB,3,20,21,20000,20580829
MS_LBFGSB,3,20,22,20000,20580830
MS_LBFGSB,3,20,23,20000,20580831
MS_LBFGSB,3,20,24,20000,20580832
MS_LBFGSB,3,20,25,20000,20580833
MS_LBFGSB,3,20,26,20000,20580834
MS_LBFGSB,3,20,27,20000,20580835
MS_LBFGSB,3,20,28,20000,20580836
MS_LBFGSB,3,20,29,20000,20580837
MS_LBFGSB,3,20,30,20000,20580838
MS_LBFGSB,4,20,21,20000,20680829
MS_LBFGSB,4,20,22,20000,20680830
MS_LBFGSB,4,20,23,20000,20680831
MS_LBFGSB,4,20,24,20000,20680832
MS_LBFGSB,4,20,25,20000,20680833
MS_LBFGSB,4,20,26,20000,20680834
MS_LBFGSB,4,20,27,20000,20680835
MS_LBFGSB,4,20,28,20000,20680836
MS_LBFGSB,4,20,29,20000,20680837
MS_LBFGSB,4,20,30,20000,20680838
MS_LBFGSB,5,20,21,20000,20780829
MS_LBFGSB,5,20,22,20000,20780830
MS_LBFGSB,5,20,23,20000,20780831
MS_LBFGSB,5,20,24,20000,20780832
MS_LBFGSB,5,20,25,20000,20780833
MS_LBFGSB,5,20,26,20000,20780834
MS_LBFGSB,5,20,27,20000,20780835
MS_LBFGSB,5,20,28,20000,20780836
MS_LBFGSB,5,20,29,20000,20780837
MS_LBFGSB,5,20,30,20000,20780838
MS_LBFGSB,6,20,21,20000,20880829
MS_LBFGSB,6,20,22,20000,20880830
MS_LBFGSB,6,20,23,20000,20880831
MS_LBFGSB,6,20,24,20000,20880832
MS_LBFGSB,6,20,25,20000,20880833
MS_LBFGSB,6,20,26,20000,20880834
MS_LBFGSB,6,20,27,20000,20880835
MS_LBFGSB,6,20,28,20000,20880836
MS_LBFGSB,6,20,29,20000,20880837
MS_LBFGSB,6,20,30,20000,20880838
MS_LBFGSB,7,20,21,20000,20980829
MS_LBFGSB,7,20,22,20000,20980830
MS_LBFGSB,7,20,23,20000,20980831
MS_LBFGSB,7,20,24,20000,20980832
MS_LBFGSB,7,20,25,20000,20980833
MS_LBFGSB,7,20,26,20000,20980834
MS_LBFGSB,7,20,27,20000,20980835
MS_LBFGSB,7,20,28,20000,20980836
MS_LBFGSB,7,20,29,20000,20980837
MS_LBFGSB,7,20,30,20000,20980838
MS_LBFGSB,8,20,21,20000,21080829
MS_LBFGSB,8,20,22,20000,21080830
MS_LBFGSB,8,20,23,20000,21080831
MS_LBFGSB,8,20,24,20000,21080832
MS_LBFGSB,8,20,25,20000,21080833
MS_LBFGSB,8,20,26,20000,21080834
MS_LBFGSB,8,20,27,20000,21080835
MS_LBFGSB,8,20,28,20000,21080836
MS_LBFGSB,8,20,29,20000,21080837
MS_LBFGSB,8,20,30,20000,21080838
MS_LBFGSB,9,20,21,20000,21180829
MS_LBFGSB,9,20,22,20000,21180830
MS_LBFGSB,9,20,23,20000,21180831
MS_LBFGSB,9,20,24,20000,21180832
MS_LBFGSB,9,20,25,20000,21180833
MS_LBFGSB,9,20,26,20000,21180834
MS_LBFGSB,9,20,27,20000,21180835
MS_LBFGSB,9,20,28,20000,21180836
MS_LBFGSB,9,20,29,20000,21180837
MS_LBFGSB,9,20,30,20000,21180838
MS_LBFGSB,10,20,21,20000,21280829
MS_LBFGSB,10,20,22,20000,21280830
MS_LBFGSB,10,20,23,20000,21280831
MS_LBFGSB,10,20,24,20000,21280832
MS_LBFGSB,10,20,25,20000,21280833
MS_LBFGSB,10,20,26,20000,21280834
MS_LBFGSB,10,20,27,20000,21280835
MS_LBFGSB,10,20,28,20000,21280836
MS_LBFGSB,10,20,29,20000,21280837
MS_LBFGSB,10,20,30,20000,21280838
MS_LBFGSB,11,20,21,20000,21380829
MS_LBFGSB,11,20,22,20000,21380830
MS_LBFGSB,11,20,23,20000,21380831
MS_LBFGSB,11,20,24,20000,21380832
MS_LBFGSB,11,20,25,20000,21380833
MS_LBFGSB,11,20,26,20000,21380834
MS_LBFGSB,11,20,27,20000,21380835
MS_LBFGSB,11,20,28,20000,21380836
MS_LBFGSB,11,20,29,20000,21380837
MS_LBFGSB,11,20,30,20000,21380838
MS_LBFGSB,12,20,21,20000,21480829
MS_LBFGSB,12,20,22,20000,21480830
MS_LBFGSB,12,20,23,20000,21480831
MS_LBFGSB,12,20,24,20000,21480832
MS_LBFGSB,12,20,25,20000,21480833
MS_LBFGSB,12,20,26,20000,21480834
MS_LBFGSB,12,20,27,20000,21480835
MS_LBFGSB,12,20,28,20000,21480836
MS_LBFGSB,12,20,29,20000,21480837
MS_LBFGSB,12,20,30,20000,21480838
MS_LBFGSB,13,20,21,20000,21580829
MS_LBFGSB,13,20,22,20000,21580830
MS_LBFGSB,13,20,23,20000,21580831
MS_LBFGSB,13,20,24,20000,21580832
MS_LBFGSB,13,20,25,20000,21580833
MS_LBFGSB,13,20,26,20000,21580834
MS_LBFGSB,13,20,27,20000,21580835
MS_LBFGSB,13,20,28,20000,21580836
MS_LBFGSB,13,20,29,20000,21580837
MS_LBFGSB,13,20,30,20000,21580838
MS_LBFGSB,14,20,21,20000,21680829
MS_LBFGSB,14,20,22,20000,21680830
MS_LBFGSB,14,20,23,20000,21680831
MS_LBFGSB,14,20,24,20000,21680832
MS_LBFGSB,14,20,25,20000,21680833
MS_LBFGSB,14,20,26,20000,21680834
MS_LBFGSB,14,20,27,20000,21680835
MS_LBFGSB,14,20,28,20000,21680836
MS_LBFGSB,14,20,29,20000,21680837
MS_LBFGSB,14,20,30,20000,21680838
MS_LBFGSB,15,20,21,20000,21780829
MS_LBFGSB,15,20,22,20000,21780830
MS_LBFGSB,15,20,23,20000,21780831
MS_LBFGSB,15,20,24,20000,21780832
MS_LBFGSB,15,20,25,20000,21780833
MS_LBFGSB,15,20,26,20000,21780834
MS_LBFGSB,15,20,27,20000,21780835
MS_LBFGSB,15,20,28,20000,21780836
MS_LBFGSB,15,20,29,20000,21780837
MS_LBFGSB,15,20,30,20000,21780838
MS_LBFGSB,16,20,21,20000,21880829
MS_LBFGSB,16,20,22,20000,21880830
MS_LBFGSB,16,20,23,20000,21880831
MS_LBFGSB,16,20,24,20000,21880832
MS_LBFGSB,16,20,25,20000,21880833
MS_LBFGSB,16,20,26,20000,21880834
MS_LBFGSB,16,20,27,20000,21880835
MS_LBFGSB,16,20,28,20000,21880836
MS_LBFGSB,16,20,29,20000,21880837
MS_LBFGSB,16,20,30,20000,21880838
MS_LBFGSB,17,20,21,20000,21980829
MS_LBFGSB,17,20,22,20000,21980830
MS_LBFGSB,17,20,23,20000,21980831
MS_LBFGSB,17,20,24,20000,21980832
MS_LBFGSB,17,20,25,20000,21980833
MS_LBFGSB,17,20,26,20000,21980834
MS_LBFGSB,17,20,27,20000,21980835
MS_LBFGSB,17,20,28,20000,21980836
MS_LBFGSB,17,20,29,20000,21980837
MS_LBFGSB,17,20,30,20000,21980838
MS_LBFGSB,18,20,21,20000,22080829
MS_LBFGSB,18,20,22,20000,22080830
MS_LBFGSB,18,20,23,20000,22080831
MS_LBFGSB,18,20,24,20000,22080832
MS_LBFGSB,18,20,25,20000,22080833
MS_LBFGSB,18,20,26,20000,22080834
MS_LBFGSB,18,20,27,20000,22080835
MS_LBFGSB,18,20,28,20000,22080836
MS_LBFGSB,18,20,29,20000,22080837
MS_LBFGSB,18,20,30,20000,22080838
MS_LBFGSB,19,20,21,20000,22180829
MS_LBFGSB,19,20,22,20000,22180830
MS_LBFGSB,19,20,23,20000,22180831
MS_LBFGSB,19,20,24,20000,22180832
MS_LBFGSB,19,20,25,20000,22180833
MS_LBFGSB,19,20,26,20000,22180834
MS_LBFGSB,19,20,27,20000,22180835
MS_LBFGSB,19,20,28,20000,22180836
MS_LBFGSB,19,20,29,20000,22180837
MS_LBFGSB,19,20,30,20000,22180838
MS_LBFGSB,20,20,21,20000,22280829
MS_LBFGSB,20,20,22,20000,22280830
MS_LBFGSB,20,20,23,20000,22280831
MS_LBFGSB,20,20,24,20000,22280832
MS_LBFGSB,20,20,25,20000,22280833
MS_LBFGSB,20,20,26,20000,22280834
MS_LBFGSB,20,20,27,20000,22280835
MS_LBFGSB,20,20,28,20000,22280836
MS_LBFGSB,20,20,29,20000,22280837
MS_LBFGSB,20,20,30,20000,22280838
MS_LBFGSB,21,20,21,20000,22380829
MS_LBFGSB,21,20,22,20000,22380830
MS_LBFGSB,21,20,23,20000,22380831
MS_LBFGSB,21,20,24,20000,22380832
MS_LBFGSB,21,20,25,20000,22380833
MS_LBFGSB,21,20,26,20000,22380834
MS_LBFGSB,21,20,27,20000,22380835
MS_LBFGSB,21,20,28,20000,22380836
MS_LBFGSB,21,20,29,20000,22380837
MS_LBFGSB,21,20,30,20000,22380838
MS_LBFGSB,22,20,21,20000,22480829
MS_LBFGSB,22,20,22,20000,22480830
MS_LBFGSB,22,20,23,20000,22480831
MS_LBFGSB,22,20,24,20000,22480832
MS_LBFGSB,22,20,25,20000,22480833
MS_LBFGSB,22,20,26,20000,22480834
MS_LBFGSB,22,20,27,20000,22480835
MS_LBFGSB,22,20,28,20000,22480836
MS_LBFGSB,22,20,29,20000,22480837
MS_LBFGSB,22,20,30,20000,22480838
MS_LBFGSB,23,20,21,20000,22580829
MS_LBFGSB,23,20,22,20000,22580830
MS_LBFGSB,23,20,23,20000,22580831
MS_LBFGSB,23,20,24,20000,22580832
MS_LBFGSB,23,20,25,20000,22580833
MS_LBFGSB,23,20,26,20000,22580834
MS_LBFGSB,23,20,27,20000,22580835
MS_LBFGSB,23,20,28,20000,22580836
MS_LBFGSB,23,20,29,20000,22580837
MS_LBFGSB,23,20,30,20000,22580838
MS_LBFGSB,24,20,21,20000,22680829
MS_LBFGSB,24,20,22,20000,22680830
MS_LBFGSB,24,20,23,20000,22680831
MS_LBFGSB,24,20,24,20000,22680832
MS_LBFGSB,24,20,25,20000,22680833
MS_LBFGSB,24,20,26,20000,22680834
MS_LBFGSB,24,20,27,20000,22680835
MS_LBFGSB,24,20,28,20000,22680836
MS_LBFGSB,24,20,29,20000,22680837
MS_LBFGSB,24,20,30,20000,22680838
