domain,task_name,task_id,instance,dimension,budget_multiplier,budget,paired_seed,seed,algorithm
c1,elliptic_pde_inverse,elliptic_pde_inverse_i11_d6,11,6,300,1800,0,30370808,BasinGraph
c1,elliptic_pde_inverse,elliptic_pde_inverse_i11_d6,11,6,300,1800,0,30370808,CMA_ES
c1,elliptic_pde_inverse,elliptic_pde_inverse_i11_d6,11,6,300,1800,0,30370808,BIPOP_CMA_ES
c1,elliptic_pde_inverse,elliptic_pde_inverse_i11_d6,11,6,300,1800,0,30370808,L_SHADE_1_0_1
c1,elliptic_pde_inverse,elliptic_pde_inverse_i11_d6,11,6,300,1800,0,30370808,jSO
c1,elliptic_pde_inverse,elliptic_pde_inverse_i11_d6,11,6,300,1800,0,30370808,L_SRTDE
c1,elliptic_pde_inverse,elliptic_pde_inverse_i11_d6,11,6,300,1800,0,30370808,MS_LBFGSB
c1,elliptic_pde_inverse,elliptic_pde_inverse_i11_d6,11,6,300,1800,1,30370809,BasinGraph
c1,elliptic_pde_inverse,elliptic_pde_inverse_i11_d6,11,6,300,1800,1,30370809,CMA_ES
c1,elliptic_pde_inverse,elliptic_pde_inverse_i11_d6,11,6,300,1800,1,30370809,BIPOP_CMA_ES
c1,elliptic_pde_inverse,elliptic_pde_inverse_i11_d6,11,6,300,1800,1,30370809,L_SHADE_1_0_1
c1,elliptic_pde_inverse,elliptic_pde_inverse_i11_d6,11,6,300,1800,1,30370809,jSO
c1,elliptic_pde_inverse,elliptic_pde_inverse_i11_d6,11,6,300,1800,1,30370809,L_SRTDE
c1,elliptic_pde_inverse,elliptic_pde_inverse_i11_d6,11,6,300,1800,1,30370809,MS_LBFGSB
c1,elliptic_pde_inverse,elliptic_pde_inverse_i11_d6,11,6,300,1800,2,30370810,BasinGraph
c1,elliptic_pde_inverse,elliptic_pde_inverse_i11_d6,11,6,300,1800,2,30370810,CMA_ES
c1,elliptic_pde_inverse,elliptic_pde_inverse_i11_d6,11,6,300,1800,2,30370810,BIPOP_CMA_ES
c1,elliptic_pde_inverse,elliptic_pde_inverse_i11_d6,11,6,300,1800,2,30370810,L_SHADE_1_0_1
c1,elliptic_pde_inverse,elliptic_pde_inverse_i11_d6,11,6,300,1800,2,30370810,jSO
c1,elliptic_pde_inverse,elliptic_pde_inverse_i11_d6,11,6,300,1800,2,30370810,L_SRTDE
c1,elliptic_pde_inverse,elliptic_pde_inverse_i11_d6,11,6,300,1800,2,30370810,MS_LBFGSB
c1,elliptic_pde_inverse,elliptic_pde_inverse_i11_d6,11,6,300,1800,3,30370811,BasinGraph
c1,elliptic_pde_inverse,elliptic_pde_inverse_i11_d6,11,6,300,1800,3,30370811,CMA_ES
c1,elliptic_pde_inverse,elliptic_pde_inverse_i11_d6,11,6,300,1800,3,30370811,BIPOP_CMA_ES
c1,elliptic_pde_inverse,elliptic_pde_inverse_i11_d6,11,6,300,1800,3,30370811,L_SHADE_1_0_1
c1,elliptic_pde_inverse,elliptic_pde_inverse_i11_d6,11,6,300,1800,3,30370811,jSO
c1,elliptic_pde_inverse,elliptic_pde_inverse_i11_d6,11,6,300,1800,3,30370811,L_SRTDE
c1,elliptic_pde_inverse,elliptic_pde_inverse_i11_d6,11,6,300,1800,3,30370811,MS_LBFGSB
c1,elliptic_pde_inverse,elliptic_pde_inverse_i11_d6,11,6,300,1800,4,30370812,BasinGraph
c1,elliptic_pde_inverse,elliptic_pde_inverse_i11_d6,11,6,300,1800,4,30370812,CMA_ES
c1,elliptic_pde_inverse,elliptic_pde_inverse_i11_d6,11,6,300,1800,4,30370812,BIPOP_CMA_ES
c1,elliptic_pde_inverse,elliptic_pde_inverse_i11_d6,11,6,300,1800,4,30370812,L_SHADE_1_0_1
c1,elliptic_pde_inverse,elliptic_pde_inverse_i11_d6,11,6,300,1800,4,30370812,jSO
c1,elliptic_pde_inverse,elliptic_pde_inverse_i11_d6,11,6,300,1800,4,30370812,L_SRTDE
c1,elliptic_pde_inverse,elliptic_pde_inverse_i11_d6,11,6,300,1800,4,30370812,MS_LBFGSB
c1,elliptic_pde_inverse,elliptic_pde_inverse_i11_d6,11,6,300,1800,5,30370813,BasinGraph
c1,elliptic_pde_inverse,elliptic_pde_inverse_i11_d6,11,6,300,1800,5,30370813,CMA_ES
c1,elliptic_pde_inverse,elliptic_pde_inverse_i11_d6,11,6,300,1800,5,30370813,BIPOP_CMA_ES
c1,elliptic_pde_inverse,elliptic_pde_inverse_i11_d6,11,6,300,1800,5,30370813,L_SHADE_1_0_1
c1,elliptic_pde_inverse,elliptic_pde_inverse_i11_d6,11,6,300,1800,5,30370813,jSO
c1,elliptic_pde_inverse,elliptic_pde_inverse_i11_d6,11,6,300,1800,5,30370813,L_SRTDE
c1,elliptic_pde_inverse,elliptic_pde_inverse_i11_d6,11,6,300,1800,5,30370813,MS_LBFGSB
c1,elliptic_pde_inverse,elliptic_pde_inverse_i11_d6,11,6,300,1800,6,30370814,BasinGraph
c1,elliptic_pde_inverse,elliptic_pde_inverse_i11_d6,11,6,300,1800,6,30370814,CMA_ES
c1,elliptic_pde_inverse,elliptic_pde_inverse_i11_d6,11,6,300,1800,6,30370814,BIPOP_CMA_ES
c1,elliptic_pde_inverse,elliptic_pde_inverse_i11_d6,11,6,300,1800,6,30370814,L_SHADE_1_0_1
c1,elliptic_pde_inverse,elliptic_pde_inverse_i11_d6,11,6,300,1800,6,30370814,jSO
c1,elliptic_pde_inverse,elliptic_pde_inverse_i11_d6,11,6,300,1800,6,30370814,L_SRTDE
c1,elliptic_pde_inverse,elliptic_pde_inverse_i11_d6,11,6,300,1800,6,30370814,MS_LBFGSB
c1,elliptic_pde_inverse,elliptic_pde_inverse_i11_d6,11,6,300,1800,7,30370815,BasinGraph
c1,elliptic_pde_inverse,elliptic_pde_inverse_i11_d6,11,6,300,1800,7,30370815,CMA_ES
c1,elliptic_pde_inverse,elliptic_pde_inverse_i11_d6,11,6,300,1800,7,30370815,BIPOP_CMA_ES
c1,elliptic_pde_inverse,elliptic_pde_inverse_i11_d6,11,6,300,1800,7,30370815,L_SHADE_1_0_1
c1,elliptic_pde_inverse,elliptic_pde_inverse_i11_d6,11,6,300,1800,7,30370815,jSO
c1,elliptic_pde_inverse,elliptic_pde_inverse_i11_d6,11,6,300,1800,7,30370815,L_SRTDE
c1,elliptic_pde_inverse,elliptic_pde_inverse_i11_d6,11,6,300,1800,7,30370815,MS_LBFGSB
c1,elliptic_pde_inverse,elliptic_pde_inverse_i11_d6,11,6,300,1800,8,30370816,BasinGraph
c1,elliptic_pde_inverse,elliptic_pde_inverse_i11_d6,11,6,300,1800,8,30370816,CMA_ES
c1,elliptic_pde_inverse,elliptic_pde_inverse_i11_d6,11,6,300,1800,8,30370816,BIPOP_CMA_ES
c1,elliptic_pde_inverse,elliptic_pde_inverse_i11_d6,11,6,300,1800,8,30370816,L_SHADE_1_0_1
c1,elliptic_pde_inverse,elliptic_pde_inverse_i11_d6,11,6,300,1800,8,30370816,jSO
c1,elliptic_pde_inverse,elliptic_pde_inverse_i11_d6,11,6,300,1800,8,30370816,L_SRTDE
c1,elliptic_pde_inverse,elliptic_pde_inverse_i11_d6,11,6,300,1800,8,30370816,MS_LBFGSB
c1,elliptic_pde_inverse,elliptic_pde_inverse_i11_d6,11,6,300,1800,9,30370817,BasinGraph
c1,elliptic_pde_inverse,elliptic_pde_inverse_i11_d6,11,6,300,1800,9,30370817,CMA_ES
c1,elliptic_pde_inverse,elliptic_pde_inverse_i11_d6,11,6,300,1800,9,30370817,BIPOP_CMA_ES
c1,elliptic_pde_inverse,elliptic_pde_inverse_i11_d6,11,6,300,1800,9,30370817,L_SHADE_1_0_1
c1,elliptic_pde_inverse,elliptic_pde_inverse_i11_d6,11,6,300,1800,9,30370817,jSO
c1,elliptic_pde_inverse,elliptic_pde_inverse_i11_d6,11,6,300,1800,9,30370817,L_SRTDE
c1,elliptic_pde_inverse,elliptic_pde_inverse_i11_d6,11,6,300,1800,9,30370817,MS_LBFGSB
c1,elliptic_pde_inverse,elliptic_pde_inverse_i12_d8,12,8,300,2400,0,30380808,BasinGraph
c1,elliptic_pde_inverse,elliptic_pde_inverse_i12_d8,12,8,300,2400,0,30380808,CMA_ES
c1,elliptic_pde_inverse,elliptic_pde_inverse_i12_d8,12,8,300,2400,0,30380808,BIPOP_CMA_ES
c1,elliptic_pde_inverse,elliptic_pde_inverse_i12_d8,12,8,300,2400,0,30380808,L_SHADE_1_0_1
c1,elliptic_pde_inverse,elliptic_pde_inverse_i12_d8,12,8,300,2400,0,30380808,jSO
c1,elliptic_pde_inverse,elliptic_pde_inverse_i12_d8,12,8,300,2400,0,30380808,L_SRTDE
c1,elliptic_pde_inverse,elliptic_pde_inverse_i12_d8,12,8,300,2400,0,30380808,MS_LBFGSB
c1,elliptic_pde_inverse,elliptic_pde_inverse_i12_d8,12,8,300,2400,1,30380809,BasinGraph
c1,elliptic_pde_inverse,elliptic_pde_inverse_i12_d8,12,8,300,2400,1,30380809,CMA_ES
c1,elliptic_pde_inverse,elliptic_pde_inverse_i12_d8,12,8,300,2400,1,30380809,BIPOP_CMA_ES
c1,elliptic_pde_inverse,elliptic_pde_inverse_i12_d8,12,8,300,2400,1,30380809,L_SHADE_1_0_1
c1,elliptic_pde_inverse,elliptic_pde_inverse_i12_d8,12,8,300,2400,1,30380809,jSO
c1,elliptic_pde_inverse,elliptic_pde_inverse_i12_d8,12,8,300,2400,1,30380809,L_SRTDE
c1,elliptic_pde_inverse,elliptic_pde_inverse_i12_d8,12,8,300,2400,1,30380809,MS_LBFGSB
c1,elliptic_pde_inverse,elliptic_pde_inverse_i12_d8,12,8,300,2400,2,30380810,BasinGraph
c1,elliptic_pde_inverse,elliptic_pde_inverse_i12_d8,12,8,300,2400,2,30380810,CMA_ES
c1,elliptic_pde_inverse,elliptic_pde_inverse_i12_d8,12,8,300,2400,2,30380810,BIPOP_CMA_ES
c1,elliptic_pde_inverse,elliptic_pde_inverse_i12_d8,12,8,300,2400,2,30380810,L_SHADE_1_0_1
c1,elliptic_pde_inverse,elliptic_pde_inverse_i12_d8,12,8,300,2400,2,30380810,jSO
c1,elliptic_pde_inverse,elliptic_pde_inverse_i12_d8,12,8,300,2400,2,30380810,L_SRTDE
c1,elliptic_pde_inverse,elliptic_pde_inverse_i12_d8,12,8,300,2400,2,30380810,MS_LBFGSB
c1,elliptic_pde_inverse,elliptic_pde_inverse_i12_d8,12,8,300,2400,3,30380811,BasinGraph
c1,elliptic_pde_inverse,elliptic_pde_inverse_i12_d8,12,8,300,2400,3,30380811,CMA_ES
c1,elliptic_pde_inverse,elliptic_pde_inverse_i12_d8,12,8,300,2400,3,30380811,BIPOP_CMA_ES
c1,elliptic_pde_inverse,elliptic_pde_inverse_i12_d8,12,8,300,2400,3,30380811,L_SHADE_1_0_1
c1,elliptic_pde_inverse,elliptic_pde_inverse_i12_d8,12,8,300,2400,3,30380811,jSO
c1,elliptic_pde_inverse,elliptic_pde_inverse_i12_d8,12,8,300,2400,3,30380811,L_SRTDE
c1,elliptic_pde_inverse,elliptic_pde_inverse_i12_d8,12,8,300,2400,3,30380811,MS_LBFGSB
c1,elliptic_pde_inverse,elliptic_pde_inverse_i12_d8,12,8,300,2400,4,30380812,BasinGraph
c1,elliptic_pde_inverse,elliptic_pde_inverse_i12_d8,12,8,300,2400,4,30380812,CMA_ES
c1,elliptic_pde_inverse,elliptic_pde_inverse_i12_d8,12,8,300,2400,4,30380812,BIPOP_CMA_ES
c1,elliptic_pde_inverse,elliptic_pde_inverse_i12_d8,12,8,300,2400,4,30380812,L_SHADE_1_0_1
c1,elliptic_pde_inverse,elliptic_pde_inverse_i12_d8,12,8,300,2400,4,30380812,jSO
c1,elliptic_pde_inverse,elliptic_pde_inverse_i12_d8,12,8,300,2400,4,30380812,L_SRTDE
c1,elliptic_pde_inverse,elliptic_pde_inverse_i12_d8,12,8,300,2400,4,30380812,MS_LBFGSB
c1,elliptic_pde_inverse,elliptic_pde_inverse_i12_d8,12,8,300,2400,5,30380813,BasinGraph
c1,elliptic_pde_inverse,elliptic_pde_inverse_i12_d8,12,8,300,2400,5,30380813,CMA_ES
c1,elliptic_pde_inverse,elliptic_pde_inverse_i12_d8,12,8,300,2400,5,30380813,BIPOP_CMA_ES
c1,elliptic_pde_inverse,elliptic_pde_inverse_i12_d8,12,8,300,2400,5,30380813,L_SHADE_1_0_1
c1,elliptic_pde_inverse,elliptic_pde_inverse_i12_d8,12,8,300,2400,5,30380813,jSO
c1,elliptic_pde_inverse,elliptic_pde_inverse_i12_d8,12,8,300,2400,5,30380813,L_SRTDE
c1,elliptic_pde_inverse,elliptic_pde_inverse_i12_d8,12,8,300,2400,5,30380813,MS_LBFGSB
c1,elliptic_pde_inverse,elliptic_pde_inverse_i12_d8,12,8,300,2400,6,30380814,BasinGraph
c1,elliptic_pde_inverse,elliptic_pde_inverse_i12_d8,12,8,300,2400,6,30380814,CMA_ES
c1,elliptic_pde_inverse,elliptic_pde_inverse_i12_d8,12,8,300,2400,6,30380814,BIPOP_CMA_ES
c1,elliptic_pde_inverse,elliptic_pde_inverse_i12_d8,12,8,300,2400,6,30380814,L_SHADE_1_0_1
c1,elliptic_pde_inverse,elliptic_pde_inverse_i12_d8,12,8,300,2400,6,30380814,jSO
c1,elliptic_pde_inverse,elliptic_pde_inverse_i12_d8,12,8,300,2400,6,30380814,L_SRTDE
c1,elliptic_pde_inverse,elliptic_pde_inverse_i12_d8,12,8,300,2400,6,30380814,MS_LBFGSB
c1,elliptic_pde_inverse,elliptic_pde_inverse_i12_d8,12,8,300,2400,7,30380815,BasinGraph
c1,elliptic_pde_inverse,elliptic_pde_inverse_i12_d8,12,8,300,2400,7,30380815,CMA_ES
c1,elliptic_pde_inverse,elliptic_pde_inverse_i12_d8,12,8,300,2400,7,30380815,BIPOP_CMA_ES
c1,elliptic_pde_inverse,elliptic_pde_inverse_i12_d8,12,8,300,2400,7,30380815,L_SHADE_1_0_1
c1,elliptic_pde_inverse,elliptic_pde_inverse_i12_d8,12,8,300,2400,7,30380815,jSO
c1,elliptic_pde_inverse,elliptic_pde_inverse_i12_d8,12,8,300,2400,7,30380815,L_SRTDE
c1,elliptic_pde_inverse,elliptic_pde_inverse_i12_d8,12,8,300,2400,7,30380815,MS_LBFGSB
c1,elliptic_pde_inverse,elliptic_pde_inverse_i12_d8,12,8,300,2400,8,30380816,BasinGraph
c1,elliptic_pde_inverse,elliptic_pde_inverse_i12_d8,12,8,300,2400,8,30380816,CMA_ES
c1,elliptic_pde_inverse,elliptic_pde_inverse_i12_d8,12,8,300,2400,8,30380816,BIPOP_CMA_ES
c1,elliptic_pde_inverse,elliptic_pde_inverse_i12_d8,12,8,300,2400,8,30380816,L_SHADE_1_0_1
c1,elliptic_pde_inverse,elliptic_pde_inverse_i12_d8,12,8,300,2400,8,30380816,jSO
c1,elliptic_pde_inverse,elliptic_pde_inverse_i12_d8,12,8,300,2400,8,30380816,L_SRTDE
c1,elliptic_pde_inverse,elliptic_pde_inverse_i12_d8,12,8,300,2400,8,30380816,MS_LBFGSB
c1,elliptic_pde_inverse,elliptic_pde_inverse_i12_d8,12,8,300,2400,9,30380817,BasinGraph
c1,elliptic_pde_inverse,elliptic_pde_inverse_i12_d8,12,8,300,2400,9,30380817,CMA_ES
c1,elliptic_pde_inverse,elliptic_pde_inverse_i12_d8,12,8,300,2400,9,30380817,BIPOP_CMA_ES
c1,elliptic_pde_inverse,elliptic_pde_inverse_i12_d8,12,8,300,2400,9,30380817,L_SHADE_1_0_1
c1,elliptic_pde_inverse,elliptic_pde_inverse_i12_d8,12,8,300,2400,9,30380817,jSO
c1,elliptic_pde_inverse,elliptic_pde_inverse_i12_d8,12,8,300,2400,9,30380817,L_SRTDE
c1,elliptic_pde_inverse,elliptic_pde_inverse_i12_d8,12,8,300,2400,9,30380817,MS_LBFGSB
c1,elliptic_pde_inverse,elliptic_pde_inverse_i13_d10,13,10,300,3000,0,30390808,BasinGraph
c1,elliptic_pde_inverse,elliptic_pde_inverse_i13_d10,13,10,300,3000,0,30390808,CMA_ES
c1,elliptic_pde_inverse,elliptic_pde_inverse_i13_d10,13,10,300,3000,0,30390808,BIPOP_CMA_ES
c1,elliptic_pde_inverse,elliptic_pde_inverse_i13_d10,13,10,300,3000,0,30390808,L_SHADE_1_0_1
c1,elliptic_pde_inverse,elliptic_pde_inverse_i13_d10,13,10,300,3000,0,30390808,jSO
c1,elliptic_pde_inverse,elliptic_pde_inverse_i13_d10,13,10,300,3000,0,30390808,L_SRTDE
c1,elliptic_pde_inverse,elliptic_pde_inverse_i13_d10,13,10,300,3000,0,30390808,MS_LBFGSB
c1,elliptic_pde_inverse,elliptic_pde_inverse_i13_d10,13,10,300,3000,1,30390809,BasinGraph
c1,elliptic_pde_inverse,elliptic_pde_inverse_i13_d10,13,10,300,3000,1,30390809,CMA_ES
c1,elliptic_pde_inverse,elliptic_pde_inverse_i13_d10,13,10,300,3000,1,30390809,BIPOP_CMA_ES
c1,elliptic_pde_inverse,elliptic_pde_inverse_i13_d10,13,10,300,3000,1,30390809,L_SHADE_1_0_1
c1,elliptic_pde_inverse,elliptic_pde_inverse_i13_d10,13,10,300,3000,1,30390809,jSO
c1,elliptic_pde_inverse,elliptic_pde_inverse_i13_d10,13,10,300,3000,1,30390809,L_SRTDE
c1,elliptic_pde_inverse,elliptic_pde_inverse_i13_d10,13,10,300,3000,1,30390809,MS_LBFGSB
c1,elliptic_pde_inverse,elliptic_pde_inverse_i13_d10,13,10,300,3000,2,30390810,BasinGraph
c1,elliptic_pde_inverse,elliptic_pde_inverse_i13_d10,13,10,300,3000,2,30390810,CMA_ES
c1,elliptic_pde_inverse,elliptic_pde_inverse_i13_d10,13,10,300,3000,2,30390810,BIPOP_CMA_ES
c1,elliptic_pde_inverse,elliptic_pde_inverse_i13_d10,13,10,300,3000,2,30390810,L_SHADE_1_0_1
c1,elliptic_pde_inverse,elliptic_pde_inverse_i13_d10,13,10,300,3000,2,30390810,jSO
c1,elliptic_pde_inverse,elliptic_pde_inverse_i13_d10,13,10,300,3000,2,30390810,L_SRTDE
c1,elliptic_pde_inverse,elliptic_pde_inverse_i13_d10,13,10,300,3000,2,30390810,MS_LBFGSB
c1,elliptic_pde_inverse,elliptic_pde_inverse_i13_d10,13,10,300,3000,3,30390811,BasinGraph
c1,elliptic_pde_inverse,elliptic_pde_inverse_i13_d10,13,10,300,3000,3,30390811,CMA_ES
c1,elliptic_pde_inverse,elliptic_pde_inverse_i13_d10,13,10,300,3000,3,30390811,BIPOP_CMA_ES
c1,elliptic_pde_inverse,elliptic_pde_inverse_i13_d10,13,10,300,3000,3,30390811,L_SHADE_1_0_1
c1,elliptic_pde_inverse,elliptic_pde_inverse_i13_d10,13,10,300,3000,3,30390811,jSO
c1,elliptic_pde_inverse,elliptic_pde_inverse_i13_d10,13,10,300,3000,3,30390811,L_SRTDE
c1,elliptic_pde_inverse,elliptic_pde_inverse_i13_d10,13,10,300,3000,3,30390811,MS_LBFGSB
c1,elliptic_pde_inverse,elliptic_pde_inverse_i13_d10,13,10,300,3000,4,30390812,BasinGraph
c1,elliptic_pde_inverse,elliptic_pde_inverse_i13_d10,13,10,300,3000,4,30390812,CMA_ES
c1,elliptic_pde_inverse,elliptic_pde_inverse_i13_d10,13,10,300,3000,4,30390812,BIPOP_CMA_ES
c1,elliptic_pde_inverse,elliptic_pde_inverse_i13_d10,13,10,300,3000,4,30390812,L_SHADE_1_0_1
c1,elliptic_pde_inverse,elliptic_pde_inverse_i13_d10,13,10,300,3000,4,30390812,jSO
c1,elliptic_pde_inverse,elliptic_pde_inverse_i13_d10,13,10,300,3000,4,30390812,L_SRTDE
c1,elliptic_pde_inverse,elliptic_pde_inverse_i13_d10,13,10,300,3000,4,30390812,MS_LBFGSB
c1,elliptic_pde_inverse,elliptic_pde_inverse_i13_d10,13,10,300,3000,5,30390813,BasinGraph
c1,elliptic_pde_inverse,elliptic_pde_inverse_i13_d10,13,10,300,3000,5,30390813,CMA_ES
c1,elliptic_pde_inverse,elliptic_pde_inverse_i13_d10,13,10,300,3000,5,30390813,BIPOP_CMA_ES
c1,elliptic_pde_inverse,elliptic_pde_inverse_i13_d10,13,10,300,3000,5,30390813,L_SHADE_1_0_1
c1,elliptic_pde_inverse,elliptic_pde_inverse_i13_d10,13,10,300,3000,5,30390813,jSO
c1,elliptic_pde_inverse,elliptic_pde_inverse_i13_d10,13,10,300,3000,5,30390813,L_SRTDE
c1,elliptic_pde_inverse,elliptic_pde_inverse_i13_d10,13,10,300,3000,5,30390813,MS_LBFGSB
c1,elliptic_pde_inverse,elliptic_pde_inverse_i13_d10,13,10,300,3000,6,30390814,BasinGraph
c1,elliptic_pde_inverse,elliptic_pde_inverse_i13_d10,13,10,300,3000,6,30390814,CMA_ES
c1,elliptic_pde_inverse,elliptic_pde_inverse_i13_d10,13,10,300,3000,6,30390814,BIPOP_CMA_ES
c1,elliptic_pde_inverse,elliptic_pde_inverse_i13_d10,13,10,300,3000,6,30390814,L_SHADE_1_0_1
c1,elliptic_pde_inverse,elliptic_pde_inverse_i13_d10,13,10,300,3000,6,30390814,jSO
c1,elliptic_pde_inverse,elliptic_pde_inverse_i13_d10,13,10,300,3000,6,30390814,L_SRTDE
c1,elliptic_pde_inverse,elliptic_pde_inverse_i13_d10,13,10,300,3000,6,30390814,MS_LBFGSB
c1,elliptic_pde_inverse,elliptic_pde_inverse_i13_d10,13,10,300,3000,7,30390815,BasinGraph
c1,elliptic_pde_inverse,elliptic_pde_inverse_i13_d10,13,10,300,3000,7,30390815,CMA_ES
c1,elliptic_pde_inverse,elliptic_pde_inverse_i13_d10,13,10,300,3000,7,30390815,BIPOP_CMA_ES
c1,elliptic_pde_inverse,elliptic_pde_inverse_i13_d10,13,10,300,3000,7,30390815,L_SHADE_1_0_1
c1,elliptic_pde_inverse,elliptic_pde_inverse_i13_d10,13,10,300,3000,7,30390815,jSO
c1,elliptic_pde_inverse,elliptic_pde_inverse_i13_d10,13,10,300,3000,7,30390815,L_SRTDE
c1,elliptic_pde_inverse,elliptic_pde_inverse_i13_d10,13,10,300,3000,7,30390815,MS_LBFGSB
c1,elliptic_pde_inverse,elliptic_pde_inverse_i13_d10,13,10,300,3000,8,30390816,BasinGraph
c1,elliptic_pde_inverse,elliptic_pde_inverse_i13_d10,13,10,300,3000,8,30390816,CMA_ES
c1,elliptic_pde_inverse,elliptic_pde_inverse_i13_d10,13,10,300,3000,8,30390816,BIPOP_CMA_ES
c1,elliptic_pde_inverse,elliptic_pde_inverse_i13_d10,13,10,300,3000,8,30390816,L_SHADE_1_0_1
c1,elliptic_pde_inverse,elliptic_pde_inverse_i13_d10,13,10,300,3000,8,30390816,jSO
c1,elliptic_pde_inverse,elliptic_pde_inverse_i13_d10,13,10,300,3000,8,30390816,L_SRTDE
c1,elliptic_pde_inverse,elliptic_pde_inverse_i13_d10,13,10,300,3000,8,30390816,MS_LBFGSB
c1,elliptic_pde_inverse,elliptic_pde_inverse_i13_d10,13,10,300,3000,9,30390817,BasinGraph
c1,elliptic_pde_inverse,elliptic_pde_inverse_i13_d10,13,10,300,3000,9,30390817,CMA_ES
c1,elliptic_pde_inverse,elliptic_pde_inverse_i13_d10,13,10,300,3000,9,30390817,BIPOP_CMA_ES
c1,elliptic_pde_inverse,elliptic_pde_inverse_i13_d10,13,10,300,3000,9,30390817,L_SHADE_1_0_1
c1,elliptic_pde_inverse,elliptic_pde_inverse_i13_d10,13,10,300,3000,9,30390817,jSO
c1,elliptic_pde_inverse,elliptic_pde_inverse_i13_d10,13,10,300,3000,9,30390817,L_SRTDE
c1,elliptic_pde_inverse,elliptic_pde_inverse_i13_d10,13,10,300,3000,9,30390817,MS_LBFGSB
c1,lorenz63_calibration,lorenz63_calibration_i11_d6,11,6,300,1800,0,40370808,BasinGraph
c1,lorenz63_calibration,lorenz63_calibration_i11_d6,11,6,300,1800,0,40370808,CMA_ES
c1,lorenz63_calibration,lorenz63_calibration_i11_d6,11,6,300,1800,0,40370808,BIPOP_CMA_ES
c1,lorenz63_calibration,lorenz63_calibration_i11_d6,11,6,300,1800,0,40370808,L_SHADE_1_0_1
c1,lorenz63_calibration,lorenz63_calibration_i11_d6,11,6,300,1800,0,40370808,jSO
c1,lorenz63_calibration,lorenz63_calibration_i11_d6,11,6,300,1800,0,40370808,L_SRTDE
c1,lorenz63_calibration,lorenz63_calibration_i11_d6,11,6,300,1800,0,40370808,MS_LBFGSB
c1,lorenz63_calibration,lorenz63_calibration_i11_d6,11,6,300,1800,1,40370809,BasinGraph
c1,lorenz63_calibration,lorenz63_calibration_i11_d6,11,6,300,1800,1,40370809,CMA_ES
c1,lorenz63_calibration,lorenz63_calibration_i11_d6,11,6,300,1800,1,40370809,BIPOP_CMA_ES
c1,lorenz63_calibration,lorenz63_calibration_i11_d6,11,6,300,1800,1,40370809,L_SHADE_1_0_1
c1,lorenz63_calibration,lorenz63_calibration_i11_d6,11,6,300,1800,1,40370809,jSO
c1,lorenz63_calibration,lorenz63_calibration_i11_d6,11,6,300,1800,1,40370809,L_SRTDE
c1,lorenz63_calibration,lorenz63_calibration_i11_d6,11,6,300,1800,1,40370809,MS_LBFGSB
c1,lorenz63_calibration,lorenz63_calibration_i11_d6,11,6,300,1800,2,40370810,BasinGraph
c1,lorenz63_calibration,lorenz63_calibration_i11_d6,11,6,300,1800,2,40370810,CMA_ES
c1,lorenz63_calibration,lorenz63_calibration_i11_d6,11,6,300,1800,2,40370810,BIPOP_CMA_ES
c1,lorenz63_calibration,lorenz63_calibration_i11_d6,11,6,300,1800,2,40370810,L_SHADE_1_0_1
c1,lorenz63_calibration,lorenz63_calibration_i11_d6,11,6,300,1800,2,40370810,jSO
c1,lorenz63_calibration,lorenz63_calibration_i11_d6,11,6,300,1800,2,40370810,L_SRTDE
c1,lorenz63_calibration,lorenz63_calibration_i11_d6,11,6,300,1800,2,40370810,MS_LBFGSB
c1,lorenz63_calibration,lorenz63_calibration_i11_d6,11,6,300,1800,3,40370811,BasinGraph
c1,lorenz63_calibration,lorenz63_calibration_i11_d6,11,6,300,1800,3,40370811,CMA_ES
c1,lorenz63_calibration,lorenz63_calibration_i11_d6,11,6,300,1800,3,40370811,BIPOP_CMA_ES
c1,lorenz63_calibration,lorenz63_calibration_i11_d6,11,6,300,1800,3,40370811,L_SHADE_1_0_1
c1,lorenz63_calibration,lorenz63_calibration_i11_d6,11,6,300,1800,3,40370811,jSO
c1,lorenz63_calibration,lorenz63_calibration_i11_d6,11,6,300,1800,3,40370811,L_SRTDE
c1,lorenz63_calibration,lorenz63_calibration_i11_d6,11,6,300,1800,3,40370811,MS_LBFGSB
c1,lorenz63_calibration,lorenz63_calibration_i11_d6,11,6,300,1800,4,40370812,BasinGraph
c1,lorenz63_calibration,lorenz63_calibration_i11_d6,11,6,300,1800,4,40370812,CMA_ES
c1,lorenz63_calibration,lorenz63_calibration_i11_d6,11,6,300,1800,4,40370812,BIPOP_CMA_ES
c1,lorenz63_calibration,lorenz63_calibration_i11_d6,11,6,300,1800,4,40370812,L_SHADE_1_0_1
c1,lorenz63_calibration,lorenz63_calibration_i11_d6,11,6,300,1800,4,40370812,jSO
c1,lorenz63_calibration,lorenz63_calibration_i11_d6,11,6,300,1800,4,40370812,L_SRTDE
c1,lorenz63_calibration,lorenz63_calibration_i11_d6,11,6,300,1800,4,40370812,MS_LBFGSB
c1,lorenz63_calibration,lorenz63_calibration_i11_d6,11,6,300,1800,5,40370813,BasinGraph
c1,lorenz63_calibration,lorenz63_calibration_i11_d6,11,6,300,1800,5,40370813,CMA_ES
c1,lorenz63_calibration,lorenz63_calibration_i11_d6,11,6,300,1800,5,40370813,BIPOP_CMA_ES
c1,lorenz63_calibration,lorenz63_calibration_i11_d6,11,6,300,1800,5,40370813,L_SHADE_1_0_1
c1,lorenz63_calibration,lorenz63_calibration_i11_d6,11,6,300,1800,5,40370813,jSO
c1,lorenz63_calibration,lorenz63_calibration_i11_d6,11,6,300,1800,5,40370813,L_SRTDE
c1,lorenz63_calibration,lorenz63_calibration_i11_d6,11,6,300,1800,5,40370813,MS_LBFGSB
c1,lorenz63_calibration,lorenz63_calibration_i11_d6,11,6,300,1800,6,40370814,BasinGraph
c1,lorenz63_calibration,lorenz63_calibration_i11_d6,11,6,300,1800,6,40370814,CMA_ES
c1,lorenz63_calibration,lorenz63_calibration_i11_d6,11,6,300,1800,6,40370814,BIPOP_CMA_ES
c1,lorenz63_calibration,lorenz63_calibration_i11_d6,11,6,300,1800,6,40370814,L_SHADE_1_0_1
c1,lorenz63_calibration,lorenz63_calibration_i11_d6,11,6,300,1800,6,40370814,jSO
c1,lorenz63_calibration,lorenz63_calibration_i11_d6,11,6,300,1800,6,40370814,L_SRTDE
c1,lorenz63_calibration,lorenz63_calibration_i11_d6,11,6,300,1800,6,40370814,MS_LBFGSB
c1,lorenz63_calibration,lorenz63_calibration_i11_d6,11,6,300,1800,7,40370815,BasinGraph
c1,lorenz63_calibration,lorenz63_calibration_i11_d6,11,6,300,1800,7,40370815,CMA_ES
c1,lorenz63_calibration,lorenz63_calibration_i11_d6,11,6,300,1800,7,40370815,BIPOP_CMA_ES
c1,lorenz63_calibration,lorenz63_calibration_i11_d6,11,6,300,1800,7,40370815,L_SHADE_1_0_1
c1,lorenz63_calibration,lorenz63_calibration_i11_d6,11,6,300,1800,7,40370815,jSO
c1,lorenz63_calibration,lorenz63_calibration_i11_d6,11,6,300,1800,7,40370815,L_SRTDE
c1,lorenz63_calibration,lorenz63_calibration_i11_d6,11,6,300,1800,7,40370815,MS_LBFGSB
c1,lorenz63_calibration,lorenz63_calibration_i11_d6,11,6,300,1800,8,40370816,BasinGraph
c1,lorenz63_calibration,lorenz63_calibration_i11_d6,11,6,300,1800,8,40370816,CMA_ES
c1,lorenz63_calibration,lorenz63_calibration_i11_d6,11,6,300,1800,8,40370816,BIPOP_CMA_ES
c1,lorenz63_calibration,lorenz63_calibration_i11_d6,11,6,300,1800,8,40370816,L_SHADE_1_0_1
c1,lorenz63_calibration,lorenz63_calibration_i11_d6,11,6,300,1800,8,40370816,jSO
c1,lorenz63_calibration,lorenz63_calibration_i11_d6,11,6,300,1800,8,40370816,L_SRTDE
c1,lorenz63_calibration,lorenz63_calibration_i11_d6,11,6,300,1800,8,40370816,MS_LBFGSB
c1,lorenz63_calibration,lorenz63_calibration_i11_d6,11,6,300,1800,9,40370817,BasinGraph
c1,lorenz63_calibration,lorenz63_calibration_i11_d6,11,6,300,1800,9,40370817,CMA_ES
c1,lorenz63_calibration,lorenz63_calibration_i11_d6,11,6,300,1800,9,40370817,BIPOP_CMA_ES
c1,lorenz63_calibration,lorenz63_calibration_i11_d6,11,6,300,1800,9,40370817,L_SHADE_1_0_1
c1,lorenz63_calibration,lorenz63_calibration_i11_d6,11,6,300,1800,9,40370817,jSO
c1,lorenz63_calibration,lorenz63_calibration_i11_d6,11,6,300,1800,9,40370817,L_SRTDE
c1,lorenz63_calibration,lorenz63_calibration_i11_d6,11,6,300,1800,9,40370817,MS_LBFGSB
c1,lorenz63_calibration,lorenz63_calibration_i12_d6,12,6,300,1800,0,40380808,BasinGraph
c1,lorenz63_calibration,lorenz63_calibration_i12_d6,12,6,300,1800,0,40380808,CMA_ES
c1,lorenz63_calibration,lorenz63_calibration_i12_d6,12,6,300,1800,0,40380808,BIPOP_CMA_ES
c1,lorenz63_calibration,lorenz63_calibration_i12_d6,12,6,300,1800,0,40380808,L_SHADE_1_0_1
c1,lorenz63_calibration,lorenz63_calibration_i12_d6,12,6,300,1800,0,40380808,jSO
c1,lorenz63_calibration,lorenz63_calibration_i12_d6,12,6,300,1800,0,40380808,L_SRTDE
c1,lorenz63_calibration,lorenz63_calibration_i12_d6,12,6,300,1800,0,40380808,MS_LBFGSB
c1,lorenz63_calibration,lorenz63_calibration_i12_d6,12,6,300,1800,1,40380809,BasinGraph
c1,lorenz63_calibration,lorenz63_calibration_i12_d6,12,6,300,1800,1,40380809,CMA_ES
c1,lorenz63_calibration,lorenz63_calibration_i12_d6,12,6,300,1800,1,40380809,BIPOP_CMA_ES
c1,lorenz63_calibration,lorenz63_calibration_i12_d6,12,6,300,1800,1,40380809,L_SHADE_1_0_1
c1,lorenz63_calibration,lorenz63_calibration_i12_d6,12,6,300,1800,1,40380809,jSO
c1,lorenz63_calibration,lorenz63_calibration_i12_d6,12,6,300,1800,1,40380809,L_SRTDE
c1,lorenz63_calibration,lorenz63_calibration_i12_d6,12,6,300,1800,1,40380809,MS_LBFGSB
c1,lorenz63_calibration,lorenz63_calibration_i12_d6,12,6,300,1800,2,40380810,BasinGraph
c1,lorenz63_calibration,lorenz63_calibration_i12_d6,12,6,300,1800,2,40380810,CMA_ES
c1,lorenz63_calibration,lorenz63_calibration_i12_d6,12,6,300,1800,2,40380810,BIPOP_CMA_ES
c1,lorenz63_calibration,lorenz63_calibration_i12_d6,12,6,300,1800,2,40380810,L_SHADE_1_0_1
c1,lorenz63_calibration,lorenz63_calibration_i12_d6,12,6,300,1800,2,40380810,jSO
c1,lorenz63_calibration,lorenz63_calibration_i12_d6,12,6,300,1800,2,40380810,L_SRTDE
c1,lorenz63_calibration,lorenz63_calibration_i12_d6,12,6,300,1800,2,40380810,MS_LBFGSB
c1,lorenz63_calibration,lorenz63_calibration_i12_d6,12,6,300,1800,3,40380811,BasinGraph
c1,lorenz63_calibration,lorenz63_calibration_i12_d6,12,6,300,1800,3,40380811,CMA_ES
c1,lorenz63_calibration,lorenz63_calibration_i12_d6,12,6,300,1800,3,40380811,BIPOP_CMA_ES
c1,lorenz63_calibration,lorenz63_calibration_i12_d6,12,6,300,1800,3,40380811,L_SHADE_1_0_1
c1,lorenz63_calibration,lorenz63_calibration_i12_d6,12,6,300,1800,3,40380811,jSO
c1,lorenz63_calibration,lorenz63_calibration_i12_d6,12,6,300,1800,3,40380811,L_SRTDE
c1,lorenz63_calibration,lorenz63_calibration_i12_d6,12,6,300,1800,3,40380811,MS_LBFGSB
c1,lorenz63_calibration,lorenz63_calibration_i12_d6,12,6,300,1800,4,40380812,BasinGraph
c1,lorenz63_calibration,lorenz63_calibration_i12_d6,12,6,300,1800,4,40380812,CMA_ES
c1,lorenz63_calibration,lorenz63_calibration_i12_d6,12,6,300,1800,4,40380812,BIPOP_CMA_ES
c1,lorenz63_calibration,lorenz63_calibration_i12_d6,12,6,300,1800,4,40380812,L_SHADE_1_0_1
c1,lorenz63_calibration,lorenz63_calibration_i12_d6,12,6,300,1800,4,40380812,jSO
c1,lorenz63_calibration,lorenz63_calibration_i12_d6,12,6,300,1800,4,40380812,L_SRTDE
c1,lorenz63_calibration,lorenz63_calibration_i12_d6,12,6,300,1800,4,40380812,MS_LBFGSB
c1,lorenz63_calibration,lorenz63_calibration_i12_d6,12,6,300,1800,5,40380813,BasinGraph
c1,lorenz63_calibration,lorenz63_calibration_i12_d6,12,6,300,1800,5,40380813,CMA_ES
c1,lorenz63_calibration,lorenz63_calibration_i12_d6,12,6,300,1800,5,40380813,BIPOP_CMA_ES
c1,lorenz63_calibration,lorenz63_calibration_i12_d6,12,6,300,1800,5,40380813,L_SHADE_1_0_1
c1,lorenz63_calibration,lorenz63_calibration_i12_d6,12,6,300,1800,5,40380813,jSO
c1,lorenz63_calibration,lorenz63_calibration_i12_d6,12,6,300,1800,5,40380813,L_SRTDE
c1,lorenz63_calibration,lorenz63_calibration_i12_d6,12,6,300,1800,5,40380813,MS_LBFGSB
c1,lorenz63_calibration,lorenz63_calibration_i12_d6,12,6,300,1800,6,40380814,BasinGraph
c1,lorenz63_calibration,lorenz63_calibration_i12_d6,12,6,300,1800,6,40380814,CMA_ES
c1,lorenz63_calibration,lorenz63_calibration_i12_d6,12,6,300,1800,6,40380814,BIPOP_CMA_ES
c1,lorenz63_calibration,lorenz63_calibration_i12_d6,12,6,300,1800,6,40380814,L_SHADE_1_0_1
c1,lorenz63_calibration,lorenz63_calibration_i12_d6,12,6,300,1800,6,40380814,jSO
c1,lorenz63_calibration,lorenz63_calibration_i12_d6,12,6,300,1800,6,40380814,L_SRTDE
c1,lorenz63_calibration,lorenz63_calibration_i12_d6,12,6,300,1800,6,40380814,MS_LBFGSB
c1,lorenz63_calibration,lorenz63_calibration_i12_d6,12,6,300,1800,7,40380815,BasinGraph
c1,lorenz63_calibration,lorenz63_calibration_i12_d6,12,6,300,1800,7,40380815,CMA_ES
c1,lorenz63_calibration,lorenz63_calibration_i12_d6,12,6,300,1800,7,40380815,BIPOP_CMA_ES
c1,lorenz63_calibration,lorenz63_calibration_i12_d6,12,6,300,1800,7,40380815,L_SHADE_1_0_1
c1,lorenz63_calibration,lorenz63_calibration_i12_d6,12,6,300,1800,7,40380815,jSO
c1,lorenz63_calibration,lorenz63_calibration_i12_d6,12,6,300,1800,7,40380815,L_SRTDE
c1,lorenz63_calibration,lorenz63_calibration_i12_d6,12,6,300,1800,7,40380815,MS_LBFGSB
c1,lorenz63_calibration,lorenz63_calibration_i12_d6,12,6,300,1800,8,40380816,BasinGraph
c1,lorenz63_calibration,lorenz63_calibration_i12_d6,12,6,300,1800,8,40380816,CMA_ES
c1,lorenz63_calibration,lorenz63_calibration_i12_d6,12,6,300,1800,8,40380816,BIPOP_CMA_ES
c1,lorenz63_calibration,lorenz63_calibration_i12_d6,12,6,300,1800,8,40380816,L_SHADE_1_0_1
c1,lorenz63_calibration,lorenz63_calibration_i12_d6,12,6,300,1800,8,40380816,jSO
c1,lorenz63_calibration,lorenz63_calibration_i12_d6,12,6,300,1800,8,40380816,L_SRTDE
c1,lorenz63_calibration,lorenz63_calibration_i12_d6,12,6,300,1800,8,40380816,MS_LBFGSB
c1,lorenz63_calibration,lorenz63_calibration_i12_d6,12,6,300,1800,9,40380817,BasinGraph
c1,lorenz63_calibration,lorenz63_calibration_i12_d6,12,6,300,1800,9,40380817,CMA_ES
c1,lorenz63_calibration,lorenz63_calibration_i12_d6,12,6,300,1800,9,40380817,BIPOP_CMA_ES
c1,lorenz63_calibration,lorenz63_calibration_i12_d6,12,6,300,1800,9,40380817,L_SHADE_1_0_1
c1,lorenz63_calibration,lorenz63_calibration_i12_d6,12,6,300,1800,9,40380817,jSO
c1,lorenz63_calibration,lorenz63_calibration_i12_d6,12,6,300,1800,9,40380817,L_SRTDE
c1,lorenz63_calibration,lorenz63_calibration_i12_d6,12,6,300,1800,9,40380817,MS_LBFGSB
c1,lorenz63_calibration,lorenz63_calibration_i13_d6,13,6,300,1800,0,40390808,BasinGraph
c1,lorenz63_calibration,lorenz63_calibration_i13_d6,13,6,300,1800,0,40390808,CMA_ES
c1,lorenz63_calibration,lorenz63_calibration_i13_d6,13,6,300,1800,0,40390808,BIPOP_CMA_ES
c1,lorenz63_calibration,lorenz63_calibration_i13_d6,13,6,300,1800,0,40390808,L_SHADE_1_0_1
c1,lorenz63_calibration,lorenz63_calibration_i13_d6,13,6,300,1800,0,40390808,jSO
c1,lorenz63_calibration,lorenz63_calibration_i13_d6,13,6,300,1800,0,40390808,L_SRTDE
c1,lorenz63_calibration,lorenz63_calibration_i13_d6,13,6,300,1800,0,40390808,MS_LBFGSB
c1,lorenz63_calibration,lorenz63_calibration_i13_d6,13,6,300,1800,1,40390809,BasinGraph
c1,lorenz63_calibration,lorenz63_calibration_i13_d6,13,6,300,1800,1,40390809,CMA_ES
c1,lorenz63_calibration,lorenz63_calibration_i13_d6,13,6,300,1800,1,40390809,BIPOP_CMA_ES
c1,lorenz63_calibration,lorenz63_calibration_i13_d6,13,6,300,1800,1,40390809,L_SHADE_1_0_1
c1,lorenz63_calibration,lorenz63_calibration_i13_d6,13,6,300,1800,1,40390809,jSO
c1,lorenz63_calibration,lorenz63_calibration_i13_d6,13,6,300,1800,1,40390809,L_SRTDE
c1,lorenz63_calibration,lorenz63_calibration_i13_d6,13,6,300,1800,1,40390809,MS_LBFGSB
c1,lorenz63_calibration,lorenz63_calibration_i13_d6,13,6,300,1800,2,40390810,BasinGraph
c1,lorenz63_calibration,lorenz63_calibration_i13_d6,13,6,300,1800,2,40390810,CMA_ES
c1,lorenz63_calibration,lorenz63_calibration_i13_d6,13,6,300,1800,2,40390810,BIPOP_CMA_ES
c1,lorenz63_calibration,lorenz63_calibration_i13_d6,13,6,300,1800,2,40390810,L_SHADE_1_0_1
c1,lorenz63_calibration,lorenz63_calibration_i13_d6,13,6,300,1800,2,40390810,jSO
c1,lorenz63_calibration,lorenz63_calibration_i13_d6,13,6,300,1800,2,40390810,L_SRTDE
c1,lorenz63_calibration,lorenz63_calibration_i13_d6,13,6,300,1800,2,40390810,MS_LBFGSB
c1,lorenz63_calibration,lorenz63_calibration_i13_d6,13,6,300,1800,3,40390811,BasinGraph
c1,lorenz63_calibration,lorenz63_calibration_i13_d6,13,6,300,1800,3,40390811,CMA_ES
c1,lorenz63_calibration,lorenz63_calibration_i13_d6,13,6,300,1800,3,40390811,BIPOP_CMA_ES
c1,lorenz63_calibration,lorenz63_calibration_i13_d6,13,6,300,1800,3,40390811,L_SHADE_1_0_1
c1,lorenz63_calibration,lorenz63_calibration_i13_d6,13,6,300,1800,3,40390811,jSO
c1,lorenz63_calibration,lorenz63_calibration_i13_d6,13,6,300,1800,3,40390811,L_SRTDE
c1,lorenz63_calibration,lorenz63_calibration_i13_d6,13,6,300,1800,3,40390811,MS_LBFGSB
c1,lorenz63_calibration,lorenz63_calibration_i13_d6,13,6,300,1800,4,40390812,BasinGraph
c1,lorenz63_calibration,lorenz63_calibration_i13_d6,13,6,300,1800,4,40390812,CMA_ES
c1,lorenz63_calibration,lorenz63_calibration_i13_d6,13,6,300,1800,4,40390812,BIPOP_CMA_ES
c1,lorenz63_calibration,lorenz63_calibration_i13_d6,13,6,300,1800,4,40390812,L_SHADE_1_0_1
c1,lorenz63_calibration,lorenz63_calibration_i13_d6,13,6,300,1800,4,40390812,jSO
c1,lorenz63_calibration,lorenz63_calibration_i13_d6,13,6,300,1800,4,40390812,L_SRTDE
c1,lorenz63_calibration,lorenz63_calibration_i13_d6,13,6,300,1800,4,40390812,MS_LBFGSB
c1,lorenz63_calibration,lorenz63_calibration_i13_d6,13,6,300,1800,5,40390813,BasinGraph
c1,lorenz63_calibration,lorenz63_calibration_i13_d6,13,6,300,1800,5,40390813,CMA_ES
c1,lorenz63_calibration,lorenz63_calibration_i13_d6,13,6,300,1800,5,40390813,BIPOP_CMA_ES
c1,lorenz63_calibration,lorenz63_calibration_i13_d6,13,6,300,1800,5,40390813,L_SHADE_1_0_1
c1,lorenz63_calibration,lorenz63_calibration_i13_d6,13,6,300,1800,5,40390813,jSO
c1,lorenz63_calibration,lorenz63_calibration_i13_d6,13,6,300,1800,5,40390813,L_SRTDE
c1,lorenz63_calibration,lorenz63_calibration_i13_d6,13,6,300,1800,5,40390813,MS_LBFGSB
c1,lorenz63_calibration,lorenz63_calibration_i13_d6,13,6,300,1800,6,40390814,BasinGraph
c1,lorenz63_calibration,lorenz63_calibration_i13_d6,13,6,300,1800,6,40390814,CMA_ES
c1,lorenz63_calibration,lorenz63_calibration_i13_d6,13,6,300,1800,6,40390814,BIPOP_CMA_ES
c1,lorenz63_calibration,lorenz63_calibration_i13_d6,13,6,300,1800,6,40390814,L_SHADE_1_0_1
c1,lorenz63_calibration,lorenz63_calibration_i13_d6,13,6,300,1800,6,40390814,jSO
c1,lorenz63_calibration,lorenz63_calibration_i13_d6,13,6,300,1800,6,40390814,L_SRTDE
c1,lorenz63_calibration,lorenz63_calibration_i13_d6,13,6,300,1800,6,40390814,MS_LBFGSB
c1,lorenz63_calibration,lorenz63_calibration_i13_d6,13,6,300,1800,7,40390815,BasinGraph
c1,lorenz63_calibration,lorenz63_calibration_i13_d6,13,6,300,1800,7,40390815,CMA_ES
c1,lorenz63_calibration,lorenz63_calibration_i13_d6,13,6,300,1800,7,40390815,BIPOP_CMA_ES
c1,lorenz63_calibration,lorenz63_calibration_i13_d6,13,6,300,1800,7,40390815,L_SHADE_1_0_1
c1,lorenz63_calibration,lorenz63_calibration_i13_d6,13,6,300,1800,7,40390815,jSO
c1,lorenz63_calibration,lorenz63_calibration_i13_d6,13,6,300,1800,7,40390815,L_SRTDE
c1,lorenz63_calibration,lorenz63_calibration_i13_d6,13,6,300,1800,7,40390815,MS_LBFGSB
c1,lorenz63_calibration,lorenz63_calibration_i13_d6,13,6,300,1800,8,40390816,BasinGraph
c1,lorenz63_calibration,lorenz63_calibration_i13_d6,13,6,300,1800,8,40390816,CMA_ES
c1,lorenz63_calibration,lorenz63_calibration_i13_d6,13,6,300,1800,8,40390816,BIPOP_CMA_ES
c1,lorenz63_calibration,lorenz63_calibration_i13_d6,13,6,300,1800,8,40390816,L_SHADE_1_0_1
c1,lorenz63_calibration,lorenz63_calibration_i13_d6,13,6,300,1800,8,40390816,jSO
c1,lorenz63_calibration,lorenz63_calibration_i13_d6,13,6,300,1800,8,40390816,L_SRTDE
c1,lorenz63_calibration,lorenz63_calibration_i13_d6,13,6,300,1800,8,40390816,MS_LBFGSB
c1,lorenz63_calibration,lorenz63_calibration_i13_d6,13,6,300,1800,9,40390817,BasinGraph
c1,lorenz63_calibration,lorenz63_calibration_i13_d6,13,6,300,1800,9,40390817,CMA_ES
c1,lorenz63_calibration,lorenz63_calibration_i13_d6,13,6,300,1800,9,40390817,BIPOP_CMA_ES
c1,lorenz63_calibration,lorenz63_calibration_i13_d6,13,6,300,1800,9,40390817,L_SHADE_1_0_1
c1,lorenz63_calibration,lorenz63_calibration_i13_d6,13,6,300,1800,9,40390817,jSO
c1,lorenz63_calibration,lorenz63_calibration_i13_d6,13,6,300,1800,9,40390817,L_SRTDE
c1,lorenz63_calibration,lorenz63_calibration_i13_d6,13,6,300,1800,9,40390817,MS_LBFGSB
c1,phase_retrieval,phase_retrieval_i11_d16,11,16,200,3200,0,50370808,BasinGraph
c1,phase_retrieval,phase_retrieval_i11_d16,11,16,200,3200,0,50370808,CMA_ES
c1,phase_retrieval,phase_retrieval_i11_d16,11,16,200,3200,0,50370808,BIPOP_CMA_ES
c1,phase_retrieval,phase_retrieval_i11_d16,11,16,200,3200,0,50370808,L_SHADE_1_0_1
c1,phase_retrieval,phase_retrieval_i11_d16,11,16,200,3200,0,50370808,jSO
c1,phase_retrieval,phase_retrieval_i11_d16,11,16,200,3200,0,50370808,L_SRTDE
c1,phase_retrieval,phase_retrieval_i11_d16,11,16,200,3200,0,50370808,MS_LBFGSB
c1,phase_retrieval,phase_retrieval_i11_d16,11,16,200,3200,1,50370809,BasinGraph
c1,phase_retrieval,phase_retrieval_i11_d16,11,16,200,3200,1,50370809,CMA_ES
c1,phase_retrieval,phase_retrieval_i11_d16,11,16,200,3200,1,50370809,BIPOP_CMA_ES
c1,phase_retrieval,phase_retrieval_i11_d16,11,16,200,3200,1,50370809,L_SHADE_1_0_1
c1,phase_retrieval,phase_retrieval_i11_d16,11,16,200,3200,1,50370809,jSO
c1,phase_retrieval,phase_retrieval_i11_d16,11,16,200,3200,1,50370809,L_SRTDE
c1,phase_retrieval,phase_retrieval_i11_d16,11,16,200,3200,1,50370809,MS_LBFGSB
c1,phase_retrieval,phase_retrieval_i11_d16,11,16,200,3200,2,50370810,BasinGraph
c1,phase_retrieval,phase_retrieval_i11_d16,11,16,200,3200,2,50370810,CMA_ES
c1,phase_retrieval,phase_retrieval_i11_d16,11,16,200,3200,2,50370810,BIPOP_CMA_ES
c1,phase_retrieval,phase_retrieval_i11_d16,11,16,200,3200,2,50370810,L_SHADE_1_0_1
c1,phase_retrieval,phase_retrieval_i11_d16,11,16,200,3200,2,50370810,jSO
c1,phase_retrieval,phase_retrieval_i11_d16,11,16,200,3200,2,50370810,L_SRTDE
c1,phase_retrieval,phase_retrieval_i11_d16,11,16,200,3200,2,50370810,MS_LBFGSB
c1,phase_retrieval,phase_retrieval_i11_d16,11,16,200,3200,3,50370811,BasinGraph
c1,phase_retrieval,phase_retrieval_i11_d16,11,16,200,3200,3,50370811,CMA_ES
c1,phase_retrieval,phase_retrieval_i11_d16,11,16,200,3200,3,50370811,BIPOP_CMA_ES
c1,phase_retrieval,phase_retrieval_i11_d16,11,16,200,3200,3,50370811,L_SHADE_1_0_1
c1,phase_retrieval,phase_retrieval_i11_d16,11,16,200,3200,3,50370811,jSO
c1,phase_retrieval,phase_retrieval_i11_d16,11,16,200,3200,3,50370811,L_SRTDE
c1,phase_retrieval,phase_retrieval_i11_d16,11,16,200,3200,3,50370811,MS_LBFGSB
c1,phase_retrieval,phase_retrieval_i11_d16,11,16,200,3200,4,50370812,BasinGraph
c1,phase_retrieval,phase_retrieval_i11_d16,11,16,200,3200,4,50370812,CMA_ES
c1,phase_retrieval,phase_retrieval_i11_d16,11,16,200,3200,4,50370812,BIPOP_CMA_ES
c1,phase_retrieval,phase_retrieval_i11_d16,11,16,200,3200,4,50370812,L_SHADE_1_0_1
c1,phase_retrieval,phase_retrieval_i11_d16,11,16,200,3200,4,50370812,jSO
c1,phase_retrieval,phase_retrieval_i11_d16,11,16,200,3200,4,50370812,L_SRTDE
c1,phase_retrieval,phase_retrieval_i11_d16,11,16,200,3200,4,50370812,MS_LBFGSB
c1,phase_retrieval,phase_retrieval_i11_d16,11,16,200,3200,5,50370813,BasinGraph
c1,phase_retrieval,phase_retrieval_i11_d16,11,16,200,3200,5,50370813,CMA_ES
c1,phase_retrieval,phase_retrieval_i11_d16,11,16,200,3200,5,50370813,BIPOP_CMA_ES
c1,phase_retrieval,phase_retrieval_i11_d16,11,16,200,3200,5,50370813,L_SHADE_1_0_1
c1,phase_retrieval,phase_retrieval_i11_d16,11,16,200,3200,5,50370813,jSO
c1,phase_retrieval,phase_retrieval_i11_d16,11,16,200,3200,5,50370813,L_SRTDE
c1,phase_retrieval,phase_retrieval_i11_d16,11,16,200,3200,5,50370813,MS_LBFGSB
c1,phase_retrieval,phase_retrieval_i11_d16,11,16,200,3200,6,50370814,BasinGraph
c1,phase_retrieval,phase_retrieval_i11_d16,11,16,200,3200,6,50370814,CMA_ES
c1,phase_retrieval,phase_retrieval_i11_d16,11,16,200,3200,6,50370814,BIPOP_CMA_ES
c1,phase_retrieval,phase_retrieval_i11_d16,11,16,200,3200,6,50370814,L_SHADE_1_0_1
c1,phase_retrieval,phase_retrieval_i11_d16,11,16,200,3200,6,50370814,jSO
c1,phase_retrieval,phase_retrieval_i11_d16,11,16,200,3200,6,50370814,L_SRTDE
c1,phase_retrieval,phase_retrieval_i11_d16,11,16,200,3200,6,50370814,MS_LBFGSB
c1,phase_retrieval,phase_retrieval_i11_d16,11,16,200,3200,7,50370815,BasinGraph
c1,phase_retrieval,phase_retrieval_i11_d16,11,16,200,3200,7,50370815,CMA_ES
c1,phase_retrieval,phase_retrieval_i11_d16,11,16,200,3200,7,50370815,BIPOP_CMA_ES
c1,phase_retrieval,phase_retrieval_i11_d16,11,16,200,3200,7,50370815,L_SHADE_1_0_1
c1,phase_retrieval,phase_retrieval_i11_d16,11,16,200,3200,7,50370815,jSO
c1,phase_retrieval,phase_retrieval_i11_d16,11,16,200,3200,7,50370815,L_SRTDE
c1,phase_retrieval,phase_retrieval_i11_d16,11,16,200,3200,7,50370815,MS_LBFGSB
c1,phase_retrieval,phase_retrieval_i11_d16,11,16,200,3200,8,50370816,BasinGraph
c1,phase_retrieval,phase_retrieval_i11_d16,11,16,200,3200,8,50370816,CMA_ES
c1,phase_retrieval,phase_retrieval_i11_d16,11,16,200,3200,8,50370816,BIPOP_CMA_ES
c1,phase_retrieval,phase_retrieval_i11_d16,11,16,200,3200,8,50370816,L_SHADE_1_0_1
c1,phase_retrieval,phase_retrieval_i11_d16,11,16,200,3200,8,50370816,jSO
c1,phase_retrieval,phase_retrieval_i11_d16,11,16,200,3200,8,50370816,L_SRTDE
c1,phase_retrieval,phase_retrieval_i11_d16,11,16,200,3200,8,50370816,MS_LBFGSB
c1,phase_retrieval,phase_retrieval_i11_d16,11,16,200,3200,9,50370817,BasinGraph
c1,phase_retrieval,phase_retrieval_i11_d16,11,16,200,3200,9,50370817,CMA_ES
c1,phase_retrieval,phase_retrieval_i11_d16,11,16,200,3200,9,50370817,BIPOP_CMA_ES
c1,phase_retrieval,phase_retrieval_i11_d16,11,16,200,3200,9,50370817,L_SHADE_1_0_1
c1,phase_retrieval,phase_retrieval_i11_d16,11,16,200,3200,9,50370817,jSO
c1,phase_retrieval,phase_retrieval_i11_d16,11,16,200,3200,9,50370817,L_SRTDE
c1,phase_retrieval,phase_retrieval_i11_d16,11,16,200,3200,9,50370817,MS_LBFGSB
c1,phase_retrieval,phase_retrieval_i12_d24,12,24,200,4800,0,50380808,BasinGraph
c1,phase_retrieval,phase_retrieval_i12_d24,12,24,200,4800,0,50380808,CMA_ES
c1,phase_retrieval,phase_retrieval_i12_d24,12,24,200,4800,0,50380808,BIPOP_CMA_ES
c1,phase_retrieval,phase_retrieval_i12_d24,12,24,200,4800,0,50380808,L_SHADE_1_0_1
c1,phase_retrieval,phase_retrieval_i12_d24,12,24,200,4800,0,50380808,jSO
c1,phase_retrieval,phase_retrieval_i12_d24,12,24,200,4800,0,50380808,L_SRTDE
c1,phase_retrieval,phase_retrieval_i12_d24,12,24,200,4800,0,50380808,MS_LBFGSB
c1,phase_retrieval,phase_retrieval_i12_d24,12,24,200,4800,1,50380809,BasinGraph
c1,phase_retrieval,phase_retrieval_i12_d24,12,24,200,4800,1,50380809,CMA_ES
c1,phase_retrieval,phase_retrieval_i12_d24,12,24,200,4800,1,50380809,BIPOP_CMA_ES
c1,phase_retrieval,phase_retrieval_i12_d24,12,24,200,4800,1,50380809,L_SHADE_1_0_1
c1,phase_retrieval,phase_retrieval_i12_d24,12,24,200,4800,1,50380809,jSO
c1,phase_retrieval,phase_retrieval_i12_d24,12,24,200,4800,1,50380809,L_SRTDE
c1,phase_retrieval,phase_retrieval_i12_d24,12,24,200,4800,1,50380809,MS_LBFGSB
c1,phase_retrieval,phase_retrieval_i12_d24,12,24,200,4800,2,50380810,BasinGraph
c1,phase_retrieval,phase_retrieval_i12_d24,12,24,200,4800,2,50380810,CMA_ES
c1,phase_retrieval,phase_retrieval_i12_d24,12,24,200,4800,2,50380810,BIPOP_CMA_ES
c1,phase_retrieval,phase_retrieval_i12_d24,12,24,200,4800,2,50380810,L_SHADE_1_0_1
c1,phase_retrieval,phase_retrieval_i12_d24,12,24,200,4800,2,50380810,jSO
c1,phase_retrieval,phase_retrieval_i12_d24,12,24,200,4800,2,50380810,L_SRTDE
c1,phase_retrieval,phase_retrieval_i12_d24,12,24,200,4800,2,50380810,MS_LBFGSB
c1,phase_retrieval,phase_retrieval_i12_d24,12,24,200,4800,3,50380811,BasinGraph
c1,phase_retrieval,phase_retrieval_i12_d24,12,24,200,4800,3,50380811,CMA_ES
c1,phase_retrieval,phase_retrieval_i12_d24,12,24,200,4800,3,50380811,BIPOP_CMA_ES
c1,phase_retrieval,phase_retrieval_i12_d24,12,24,200,4800,3,50380811,L_SHADE_1_0_1
c1,phase_retrieval,phase_retrieval_i12_d24,12,24,200,4800,3,50380811,jSO
c1,phase_retrieval,phase_retrieval_i12_d24,12,24,200,4800,3,50380811,L_SRTDE
c1,phase_retrieval,phase_retrieval_i12_d24,12,24,200,4800,3,50380811,MS_LBFGSB
c1,phase_retrieval,phase_retrieval_i12_d24,12,24,200,4800,4,50380812,BasinGraph
c1,phase_retrieval,phase_retrieval_i12_d24,12,24,200,4800,4,50380812,CMA_ES
c1,phase_retrieval,phase_retrieval_i12_d24,12,24,200,4800,4,50380812,BIPOP_CMA_ES
c1,phase_retrieval,phase_retrieval_i12_d24,12,24,200,4800,4,50380812,L_SHADE_1_0_1
c1,phase_retrieval,phase_retrieval_i12_d24,12,24,200,4800,4,50380812,jSO
c1,phase_retrieval,phase_retrieval_i12_d24,12,24,200,4800,4,50380812,L_SRTDE
c1,phase_retrieval,phase_retrieval_i12_d24,12,24,200,4800,4,50380812,MS_LBFGSB
c1,phase_retrieval,phase_retrieval_i12_d24,12,24,200,4800,5,50380813,BasinGraph
c1,phase_retrieval,phase_retrieval_i12_d24,12,24,200,4800,5,50380813,CMA_ES
c1,phase_retrieval,phase_retrieval_i12_d24,12,24,200,4800,5,50380813,BIPOP_CMA_ES
c1,phase_retrieval,phase_retrieval_i12_d24,12,24,200,4800,5,50380813,L_SHADE_1_0_1
c1,phase_retrieval,phase_retrieval_i12_d24,12,24,200,4800,5,50380813,jSO
c1,phase_retrieval,phase_retrieval_i12_d24,12,24,200,4800,5,50380813,L_SRTDE
c1,phase_retrieval,phase_retrieval_i12_d24,12,24,200,4800,5,50380813,MS_LBFGSB
c1,phase_retrieval,phase_retrieval_i12_d24,12,24,200,4800,6,50380814,BasinGraph
c1,phase_retrieval,phase_retrieval_i12_d24,12,24,200,4800,6,50380814,CMA_ES
c1,phase_retrieval,phase_retrieval_i12_d24,12,24,200,4800,6,50380814,BIPOP_CMA_ES
c1,phase_retrieval,phase_retrieval_i12_d24,12,24,200,4800,6,50380814,L_SHADE_1_0_1
c1,phase_retrieval,phase_retrieval_i12_d24,12,24,200,4800,6,50380814,jSO
c1,phase_retrieval,phase_retrieval_i12_d24,12,24,200,4800,6,50380814,L_SRTDE
c1,phase_retrieval,phase_retrieval_i12_d24,12,24,200,4800,6,50380814,MS_LBFGSB
c1,phase_retrieval,phase_retrieval_i12_d24,12,24,200,4800,7,50380815,BasinGraph
c1,phase_retrieval,phase_retrieval_i12_d24,12,24,200,4800,7,50380815,CMA_ES
c1,phase_retrieval,phase_retrieval_i12_d24,12,24,200,4800,7,50380815,BIPOP_CMA_ES
c1,phase_retrieval,phase_retrieval_i12_d24,12,24,200,4800,7,50380815,L_SHADE_1_0_1
c1,phase_retrieval,phase_retrieval_i12_d24,12,24,200,4800,7,50380815,jSO
c1,phase_retrieval,phase_retrieval_i12_d24,12,24,200,4800,7,50380815,L_SRTDE
c1,phase_retrieval,phase_retrieval_i12_d24,12,24,200,4800,7,50380815,MS_LBFGSB
c1,phase_retrieval,phase_retrieval_i12_d24,12,24,200,4800,8,50380816,BasinGraph
c1,phase_retrieval,phase_retrieval_i12_d24,12,24,200,4800,8,50380816,CMA_ES
c1,phase_retrieval,phase_retrieval_i12_d24,12,24,200,4800,8,50380816,BIPOP_CMA_ES
c1,phase_retrieval,phase_retrieval_i12_d24,12,24,200,4800,8,50380816,L_SHADE_1_0_1
c1,phase_retrieval,phase_retrieval_i12_d24,12,24,200,4800,8,50380816,jSO
c1,phase_retrieval,phase_retrieval_i12_d24,12,24,200,4800,8,50380816,L_SRTDE
c1,phase_retrieval,phase_retrieval_i12_d24,12,24,200,4800,8,50380816,MS_LBFGSB
c1,phase_retrieval,phase_retrieval_i12_d24,12,24,200,4800,9,50380817,BasinGraph
c1,phase_retrieval,phase_retrieval_i12_d24,12,24,200,4800,9,50380817,CMA_ES
c1,phase_retrieval,phase_retrieval_i12_d24,12,24,200,4800,9,50380817,BIPOP_CMA_ES
c1,phase_retrieval,phase_retrieval_i12_d24,12,24,200,4800,9,50380817,L_SHADE_1_0_1
c1,phase_retrieval,phase_retrieval_i12_d24,12,24,200,4800,9,50380817,jSO
c1,phase_retrieval,phase_retrieval_i12_d24,12,24,200,4800,9,50380817,L_SRTDE
c1,phase_retrieval,phase_retrieval_i12_d24,12,24,200,4800,9,50380817,MS_LBFGSB
c1,phase_retrieval,phase_retrieval_i13_d32,13,32,200,6400,0,50390808,BasinGraph
c1,phase_retrieval,phase_retrieval_i13_d32,13,32,200,6400,0,50390808,CMA_ES
c1,phase_retrieval,phase_retrieval_i13_d32,13,32,200,6400,0,50390808,BIPOP_CMA_ES
c1,phase_retrieval,phase_retrieval_i13_d32,13,32,200,6400,0,50390808,L_SHADE_1_0_1
c1,phase_retrieval,phase_retrieval_i13_d32,13,32,200,6400,0,50390808,jSO
c1,phase_retrieval,phase_retrieval_i13_d32,13,32,200,6400,0,50390808,L_SRTDE
c1,phase_retrieval,phase_retrieval_i13_d32,13,32,200,6400,0,50390808,MS_LBFGSB
c1,phase_retrieval,phase_retrieval_i13_d32,13,32,200,6400,1,50390809,BasinGraph
c1,phase_retrieval,phase_retrieval_i13_d32,13,32,200,6400,1,50390809,CMA_ES
c1,phase_retrieval,phase_retrieval_i13_d32,13,32,200,6400,1,50390809,BIPOP_CMA_ES
c1,phase_retrieval,phase_retrieval_i13_d32,13,32,200,6400,1,50390809,L_SHADE_1_0_1
c1,phase_retrieval,phase_retrieval_i13_d32,13,32,200,6400,1,50390809,jSO
c1,phase_retrieval,phase_retrieval_i13_d32,13,32,200,6400,1,50390809,L_SRTDE
c1,phase_retrieval,phase_retrieval_i13_d32,13,32,200,6400,1,50390809,MS_LBFGSB
c1,phase_retrieval,phase_retrieval_i13_d32,13,32,200,6400,2,50390810,BasinGraph
c1,phase_retrieval,phase_retrieval_i13_d32,13,32,200,6400,2,50390810,CMA_ES
c1,phase_retrieval,phase_retrieval_i13_d32,13,32,200,6400,2,50390810,BIPOP_CMA_ES
c1,phase_retrieval,phase_retrieval_i13_d32,13,32,200,6400,2,50390810,L_SHADE_1_0_1
c1,phase_retrieval,phase_retrieval_i13_d32,13,32,200,6400,2,50390810,jSO
c1,phase_retrieval,phase_retrieval_i13_d32,13,32,200,6400,2,50390810,L_SRTDE
c1,phase_retrieval,phase_retrieval_i13_d32,13,32,200,6400,2,50390810,MS_LBFGSB
c1,phase_retrieval,phase_retrieval_i13_d32,13,32,200,6400,3,50390811,BasinGraph
c1,phase_retrieval,phase_retrieval_i13_d32,13,32,200,6400,3,50390811,CMA_ES
c1,phase_retrieval,phase_retrieval_i13_d32,13,32,200,6400,3,50390811,BIPOP_CMA_ES
c1,phase_retrieval,phase_retrieval_i13_d32,13,32,200,6400,3,50390811,L_SHADE_1_0_1
c1,phase_retrieval,phase_retrieval_i13_d32,13,32,200,6400,3,50390811,jSO
c1,phase_retrieval,phase_retrieval_i13_d32,13,32,200,6400,3,50390811,L_SRTDE
c1,phase_retrieval,phase_retrieval_i13_d32,13,32,200,6400,3,50390811,MS_LBFGSB
c1,phase_retrieval,phase_retrieval_i13_d32,13,32,200,6400,4,50390812,BasinGraph
c1,phase_retrieval,phase_retrieval_i13_d32,13,32,200,6400,4,50390812,CMA_ES
c1,phase_retrieval,phase_retrieval_i13_d32,13,32,200,6400,4,50390812,BIPOP_CMA_ES
c1,phase_retrieval,phase_retrieval_i13_d32,13,32,200,6400,4,50390812,L_SHADE_1_0_1
c1,phase_retrieval,phase_retrieval_i13_d32,13,32,200,6400,4,50390812,jSO
c1,phase_retrieval,phase_retrieval_i13_d32,13,32,200,6400,4,50390812,L_SRTDE
c1,phase_retrieval,phase_retrieval_i13_d32,13,32,200,6400,4,50390812,MS_LBFGSB
c1,phase_retrieval,phase_retrieval_i13_d32,13,32,200,6400,5,50390813,BasinGraph
c1,phase_retrieval,phase_retrieval_i13_d32,13,32,200,6400,5,50390813,CMA_ES
c1,phase_retrieval,phase_retrieval_i13_d32,13,32,200,6400,5,50390813,BIPOP_CMA_ES
c1,phase_retrieval,phase_retrieval_i13_d32,13,32,200,6400,5,50390813,L_SHADE_1_0_1
c1,phase_retrieval,phase_retrieval_i13_d32,13,32,200,6400,5,50390813,jSO
c1,phase_retrieval,phase_retrieval_i13_d32,13,32,200,6400,5,50390813,L_SRTDE
c1,phase_retrieval,phase_retrieval_i13_d32,13,32,200,6400,5,50390813,MS_LBFGSB
c1,phase_retrieval,phase_retrieval_i13_d32,13,32,200,6400,6,50390814,BasinGraph
c1,phase_retrieval,phase_retrieval_i13_d32,13,32,200,6400,6,50390814,CMA_ES
c1,phase_retrieval,phase_retrieval_i13_d32,13,32,200,6400,6,50390814,BIPOP_CMA_ES
c1,phase_retrieval,phase_retrieval_i13_d32,13,32,200,6400,6,50390814,L_SHADE_1_0_1
c1,phase_retrieval,phase_retrieval_i13_d32,13,32,200,6400,6,50390814,jSO
c1,phase_retrieval,phase_retrieval_i13_d32,13,32,200,6400,6,50390814,L_SRTDE
c1,phase_retrieval,phase_retrieval_i13_d32,13,32,200,6400,6,50390814,MS_LBFGSB
c1,phase_retrieval,phase_retrieval_i13_d32,13,32,200,6400,7,50390815,BasinGraph
c1,phase_retrieval,phase_retrieval_i13_d32,13,32,200,6400,7,50390815,CMA_ES
c1,phase_retrieval,phase_retrieval_i13_d32,13,32,200,6400,7,50390815,BIPOP_CMA_ES
c1,phase_retrieval,phase_retrieval_i13_d32,13,32,200,6400,7,50390815,L_SHADE_1_0_1
c1,phase_retrieval,phase_retrieval_i13_d32,13,32,200,6400,7,50390815,jSO
c1,phase_retrieval,phase_retrieval_i13_d32,13,32,200,6400,7,50390815,L_SRTDE
c1,phase_retrieval,phase_retrieval_i13_d32,13,32,200,6400,7,50390815,MS_LBFGSB
c1,phase_retrieval,phase_retrieval_i13_d32,13,32,200,6400,8,50390816,BasinGraph
c1,phase_retrieval,phase_retrieval_i13_d32,13,32,200,6400,8,50390816,CMA_ES
c1,phase_retrieval,phase_retrieval_i13_d32,13,32,200,6400,8,50390816,BIPOP_CMA_ES
c1,phase_retrieval,phase_retrieval_i13_d32,13,32,200,6400,8,50390816,L_SHADE_1_0_1
c1,phase_retrieval,phase_retrieval_i13_d32,13,32,200,6400,8,50390816,jSO
c1,phase_retrieval,phase_retrieval_i13_d32,13,32,200,6400,8,50390816,L_SRTDE
c1,phase_retrieval,phase_retrieval_i13_d32,13,32,200,6400,8,50390816,MS_LBFGSB
c1,phase_retrieval,phase_retrieval_i13_d32,13,32,200,6400,9,50390817,BasinGraph
c1,phase_retrieval,phase_retrieval_i13_d32,13,32,200,6400,9,50390817,CMA_ES
c1,phase_retrieval,phase_retrieval_i13_d32,13,32,200,6400,9,50390817,BIPOP_CMA_ES
c1,phase_retrieval,phase_retrieval_i13_d32,13,32,200,6400,9,50390817,L_SHADE_1_0_1
c1,phase_retrieval,phase_retrieval_i13_d32,13,32,200,6400,9,50390817,jSO
c1,phase_retrieval,phase_retrieval_i13_d32,13,32,200,6400,9,50390817,L_SRTDE
c1,phase_retrieval,phase_retrieval_i13_d32,13,32,200,6400,9,50390817,MS_LBFGSB
c1,noisy_phase_retrieval,noisy_phase_retrieval_i11_d16,11,16,200,3200,0,60370808,BasinGraph
c1,noisy_phase_retrieval,noisy_phase_retrieval_i11_d16,11,16,200,3200,0,60370808,CMA_ES
c1,noisy_phase_retrieval,noisy_phase_retrieval_i11_d16,11,16,200,3200,0,60370808,BIPOP_CMA_ES
c1,noisy_phase_retrieval,noisy_phase_retrieval_i11_d16,11,16,200,3200,0,60370808,L_SHADE_1_0_1
c1,noisy_phase_retrieval,noisy_phase_retrieval_i11_d16,11,16,200,3200,0,60370808,jSO
c1,noisy_phase_retrieval,noisy_phase_retrieval_i11_d16,11,16,200,3200,0,60370808,L_SRTDE
c1,noisy_phase_retrieval,noisy_phase_retrieval_i11_d16,11,16,200,3200,0,60370808,MS_LBFGSB
c1,noisy_phase_retrieval,noisy_phase_retrieval_i11_d16,11,16,200,3200,1,60370809,BasinGraph
c1,noisy_phase_retrieval,noisy_phase_retrieval_i11_d16,11,16,200,3200,1,60370809,CMA_ES
c1,noisy_phase_retrieval,noisy_phase_retrieval_i11_d16,11,16,200,3200,1,60370809,BIPOP_CMA_ES
c1,noisy_phase_retrieval,noisy_phase_retrieval_i11_d16,11,16,200,3200,1,60370809,L_SHADE_1_0_1
c1,noisy_phase_retrieval,noisy_phase_retrieval_i11_d16,11,16,200,3200,1,60370809,jSO
c1,noisy_phase_retrieval,noisy_phase_retrieval_i11_d16,11,16,200,3200,1,60370809,L_SRTDE
c1,noisy_phase_retrieval,noisy_phase_retrieval_i11_d16,11,16,200,3200,1,60370809,MS_LBFGSB
c1,noisy_phase_retrieval,noisy_phase_retrieval_i11_d16,11,16,200,3200,2,60370810,BasinGraph
c1,noisy_phase_retrieval,noisy_phase_retrieval_i11_d16,11,16,200,3200,2,60370810,CMA_ES
c1,noisy_phase_retrieval,noisy_phase_retrieval_i11_d16,11,16,200,3200,2,60370810,BIPOP_CMA_ES
c1,noisy_phase_retrieval,noisy_phase_retrieval_i11_d16,11,16,200,3200,2,60370810,L_SHADE_1_0_1
c1,noisy_phase_retrieval,noisy_phase_retrieval_i11_d16,11,16,200,3200,2,60370810,jSO
c1,noisy_phase_retrieval,noisy_phase_retrieval_i11_d16,11,16,200,3200,2,60370810,L_SRTDE
c1,noisy_phase_retrieval,noisy_phase_retrieval_i11_d16,11,16,200,3200,2,60370810,MS_LBFGSB
c1,noisy_phase_retrieval,noisy_phase_retrieval_i11_d16,11,16,200,3200,3,60370811,BasinGraph
c1,noisy_phase_retrieval,noisy_phase_retrieval_i11_d16,11,16,200,3200,3,60370811,CMA_ES
c1,noisy_phase_retrieval,noisy_phase_retrieval_i11_d16,11,16,200,3200,3,60370811,BIPOP_CMA_ES
c1,noisy_phase_retrieval,noisy_phase_retrieval_i11_d16,11,16,200,3200,3,60370811,L_SHADE_1_0_1
c1,noisy_phase_retrieval,noisy_phase_retrieval_i11_d16,11,16,200,3200,3,60370811,jSO
c1,noisy_phase_retrieval,noisy_phase_retrieval_i11_d16,11,16,200,3200,3,60370811,L_SRTDE
c1,noisy_phase_retrieval,noisy_phase_retrieval_i11_d16,11,16,200,3200,3,60370811,MS_LBFGSB
c1,noisy_phase_retrieval,noisy_phase_retrieval_i11_d16,11,16,200,3200,4,60370812,BasinGraph
c1,noisy_phase_retrieval,noisy_phase_retrieval_i11_d16,11,16,200,3200,4,60370812,CMA_ES
c1,noisy_phase_retrieval,noisy_phase_retrieval_i11_d16,11,16,200,3200,4,60370812,BIPOP_CMA_ES
c1,noisy_phase_retrieval,noisy_phase_retrieval_i11_d16,11,16,200,3200,4,60370812,L_SHADE_1_0_1
c1,noisy_phase_retrieval,noisy_phase_retrieval_i11_d16,11,16,200,3200,4,60370812,jSO
c1,noisy_phase_retrieval,noisy_phase_retrieval_i11_d16,11,16,200,3200,4,60370812,L_SRTDE
c1,noisy_phase_retrieval,noisy_phase_retrieval_i11_d16,11,16,200,3200,4,60370812,MS_LBFGSB
c1,noisy_phase_retrieval,noisy_phase_retrieval_i11_d16,11,16,200,3200,5,60370813,BasinGraph
c1,noisy_phase_retrieval,noisy_phase_retrieval_i11_d16,11,16,200,3200,5,60370813,CMA_ES
c1,noisy_phase_retrieval,noisy_phase_retrieval_i11_d16,11,16,200,3200,5,60370813,BIPOP_CMA_ES
c1,noisy_phase_retrieval,noisy_phase_retrieval_i11_d16,11,16,200,3200,5,60370813,L_SHADE_1_0_1
c1,noisy_phase_retrieval,noisy_phase_retrieval_i11_d16,11,16,200,3200,5,60370813,jSO
c1,noisy_phase_retrieval,noisy_phase_retrieval_i11_d16,11,16,200,3200,5,60370813,L_SRTDE
c1,noisy_phase_retrieval,noisy_phase_retrieval_i11_d16,11,16,200,3200,5,60370813,MS_LBFGSB
c1,noisy_phase_retrieval,noisy_phase_retrieval_i11_d16,11,16,200,3200,6,60370814,BasinGraph
c1,noisy_phase_retrieval,noisy_phase_retrieval_i11_d16,11,16,200,3200,6,60370814,CMA_ES
c1,noisy_phase_retrieval,noisy_phase_retrieval_i11_d16,11,16,200,3200,6,60370814,BIPOP_CMA_ES
c1,noisy_phase_retrieval,noisy_phase_retrieval_i11_d16,11,16,200,3200,6,60370814,L_SHADE_1_0_1
c1,noisy_phase_retrieval,noisy_phase_retrieval_i11_d16,11,16,200,3200,6,60370814,jSO
c1,noisy_phase_retrieval,noisy_phase_retrieval_i11_d16,11,16,200,3200,6,60370814,L_SRTDE
c1,noisy_phase_retrieval,noisy_phase_retrieval_i11_d16,11,16,200,3200,6,60370814,MS_LBFGSB
c1,noisy_phase_retrieval,noisy_phase_retrieval_i11_d16,11,16,200,3200,7,60370815,BasinGraph
c1,noisy_phase_retrieval,noisy_phase_retrieval_i11_d16,11,16,200,3200,7,60370815,CMA_ES
c1,noisy_phase_retrieval,noisy_phase_retrieval_i11_d16,11,16,200,3200,7,60370815,BIPOP_CMA_ES
c1,noisy_phase_retrieval,noisy_phase_retrieval_i11_d16,11,16,200,3200,7,60370815,L_SHADE_1_0_1
c1,noisy_phase_retrieval,noisy_phase_retrieval_i11_d16,11,16,200,3200,7,60370815,jSO
c1,noisy_phase_retrieval,noisy_phase_retrieval_i11_d16,11,16,200,3200,7,60370815,L_SRTDE
c1,noisy_phase_retrieval,noisy_phase_retrieval_i11_d16,11,16,200,3200,7,60370815,MS_LBFGSB
c1,noisy_phase_retrieval,noisy_phase_retrieval_i11_d16,11,16,200,3200,8,60370816,BasinGraph
c1,noisy_phase_retrieval,noisy_phase_retrieval_i11_d16,11,16,200,3200,8,60370816,CMA_ES
c1,noisy_phase_retrieval,noisy_phase_retrieval_i11_d16,11,16,200,3200,8,60370816,BIPOP_CMA_ES
c1,noisy_phase_retrieval,noisy_phase_retrieval_i11_d16,11,16,200,3200,8,60370816,L_SHADE_1_0_1
c1,noisy_phase_retrieval,noisy_phase_retrieval_i11_d16,11,16,200,3200,8,60370816,jSO
c1,noisy_phase_retrieval,noisy_phase_retrieval_i11_d16,11,16,200,3200,8,60370816,L_SRTDE
c1,noisy_phase_retrieval,noisy_phase_retrieval_i11_d16,11,16,200,3200,8,60370816,MS_LBFGSB
c1,noisy_phase_retrieval,noisy_phase_retrieval_i11_d16,11,16,200,3200,9,60370817,BasinGraph
c1,noisy_phase_retrieval,noisy_phase_retrieval_i11_d16,11,16,200,3200,9,60370817,CMA_ES
c1,noisy_phase_retrieval,noisy_phase_retrieval_i11_d16,11,16,200,3200,9,60370817,BIPOP_CMA_ES
c1,noisy_phase_retrieval,noisy_phase_retrieval_i11_d16,11,16,200,3200,9,60370817,L_SHADE_1_0_1
c1,noisy_phase_retrieval,noisy_phase_retrieval_i11_d16,11,16,200,3200,9,60370817,jSO
c1,noisy_phase_retrieval,noisy_phase_retrieval_i11_d16,11,16,200,3200,9,60370817,L_SRTDE
c1,noisy_phase_retrieval,noisy_phase_retrieval_i11_d16,11,16,200,3200,9,60370817,MS_LBFGSB
c1,noisy_phase_retrieval,noisy_phase_retrieval_i12_d24,12,24,200,4800,0,60380808,BasinGraph
c1,noisy_phase_retrieval,noisy_phase_retrieval_i12_d24,12,24,200,4800,0,60380808,CMA_ES
c1,noisy_phase_retrieval,noisy_phase_retrieval_i12_d24,12,24,200,4800,0,60380808,BIPOP_CMA_ES
c1,noisy_phase_retrieval,noisy_phase_retrieval_i12_d24,12,24,200,4800,0,60380808,L_SHADE_1_0_1
c1,noisy_phase_retrieval,noisy_phase_retrieval_i12_d24,12,24,200,4800,0,60380808,jSO
c1,noisy_phase_retrieval,noisy_phase_retrieval_i12_d24,12,24,200,4800,0,60380808,L_SRTDE
c1,noisy_phase_retrieval,noisy_phase_retrieval_i12_d24,12,24,200,4800,0,60380808,MS_LBFGSB
c1,noisy_phase_retrieval,noisy_phase_retrieval_i12_d24,12,24,200,4800,1,60380809,BasinGraph
c1,noisy_phase_retrieval,noisy_phase_retrieval_i12_d24,12,24,200,4800,1,60380809,CMA_ES
c1,noisy_phase_retrieval,noisy_phase_retrieval_i12_d24,12,24,200,4800,1,60380809,BIPOP_CMA_ES
c1,noisy_phase_retrieval,noisy_phase_retrieval_i12_d24,12,24,200,4800,1,60380809,L_SHADE_1_0_1
c1,noisy_phase_retrieval,noisy_phase_retrieval_i12_d24,12,24,200,4800,1,60380809,jSO
c1,noisy_phase_retrieval,noisy_phase_retrieval_i12_d24,12,24,200,4800,1,60380809,L_SRTDE
c1,noisy_phase_retrieval,noisy_phase_retrieval_i12_d24,12,24,200,4800,1,60380809,MS_LBFGSB
c1,noisy_phase_retrieval,noisy_phase_retrieval_i12_d24,12,24,200,4800,2,60380810,BasinGraph
c1,noisy_phase_retrieval,noisy_phase_retrieval_i12_d24,12,24,200,4800,2,60380810,CMA_ES
c1,noisy_phase_retrieval,noisy_phase_retrieval_i12_d24,12,24,200,4800,2,60380810,BIPOP_CMA_ES
c1,noisy_phase_retrieval,noisy_phase_retrieval_i12_d24,12,24,200,4800,2,60380810,L_SHADE_1_0_1
c1,noisy_phase_retrieval,noisy_phase_retrieval_i12_d24,12,24,200,4800,2,60380810,jSO
c1,noisy_phase_retrieval,noisy_phase_retrieval_i12_d24,12,24,200,4800,2,60380810,L_SRTDE
c1,noisy_phase_retrieval,noisy_phase_retrieval_i12_d24,12,24,200,4800,2,60380810,MS_LBFGSB
c1,noisy_phase_retrieval,noisy_phase_retrieval_i12_d24,12,24,200,4800,3,60380811,BasinGraph
c1,noisy_phase_retrieval,noisy_phase_retrieval_i12_d24,12,24,200,4800,3,60380811,CMA_ES
c1,noisy_phase_retrieval,noisy_phase_retrieval_i12_d24,12,24,200,4800,3,60380811,BIPOP_CMA_ES
c1,noisy_phase_retrieval,noisy_phase_retrieval_i12_d24,12,24,200,4800,3,60380811,L_SHADE_1_0_1
c1,noisy_phase_retrieval,noisy_phase_retrieval_i12_d24,12,24,200,4800,3,60380811,jSO
c1,noisy_phase_retrieval,noisy_phase_retrieval_i12_d24,12,24,200,4800,3,60380811,L_SRTDE
c1,noisy_phase_retrieval,noisy_phase_retrieval_i12_d24,12,24,200,4800,3,60380811,MS_LBFGSB
c1,noisy_phase_retrieval,noisy_phase_retrieval_i12_d24,12,24,200,4800,4,60380812,BasinGraph
c1,noisy_phase_retrieval,noisy_phase_retrieval_i12_d24,12,24,200,4800,4,60380812,CMA_ES
c1,noisy_phase_retrieval,noisy_phase_retrieval_i12_d24,12,24,200,4800,4,60380812,BIPOP_CMA_ES
c1,noisy_phase_retrieval,noisy_phase_retrieval_i12_d24,12,24,200,4800,4,60380812,L_SHADE_1_0_1
c1,noisy_phase_retrieval,noisy_phase_retrieval_i12_d24,12,24,200,4800,4,60380812,jSO
c1,noisy_phase_retrieval,noisy_phase_retrieval_i12_d24,12,24,200,4800,4,60380812,L_SRTDE
c1,noisy_phase_retrieval,noisy_phase_retrieval_i12_d24,12,24,200,4800,4,60380812,MS_LBFGSB
c1,noisy_phase_retrieval,noisy_phase_retrieval_i12_d24,12,24,200,4800,5,60380813,BasinGraph
c1,noisy_phase_retrieval,noisy_phase_retrieval_i12_d24,12,24,200,4800,5,60380813,CMA_ES
c1,noisy_phase_retrieval,noisy_phase_retrieval_i12_d24,12,24,200,4800,5,60380813,BIPOP_CMA_ES
c1,noisy_phase_retrieval,noisy_phase_retrieval_i12_d24,12,24,200,4800,5,60380813,L_SHADE_1_0_1
c1,noisy_phase_retrieval,noisy_phase_retrieval_i12_d24,12,24,200,4800,5,60380813,jSO
c1,noisy_phase_retrieval,noisy_phase_retrieval_i12_d24,12,24,200,4800,5,60380813,L_SRTDE
c1,noisy_phase_retrieval,noisy_phase_retrieval_i12_d24,12,24,200,4800,5,60380813,MS_LBFGSB
c1,noisy_phase_retrieval,noisy_phase_retrieval_i12_d24,12,24,200,4800,6,60380814,BasinGraph
c1,noisy_phase_retrieval,noisy_phase_retrieval_i12_d24,12,24,200,4800,6,60380814,CMA_ES
c1,noisy_phase_retrieval,noisy_phase_retrieval_i12_d24,12,24,200,4800,6,60380814,BIPOP_CMA_ES
c1,noisy_phase_retrieval,noisy_phase_retrieval_i12_d24,12,24,200,4800,6,60380814,L_SHADE_1_0_1
c1,noisy_phase_retrieval,noisy_phase_retrieval_i12_d24,12,24,200,4800,6,60380814,jSO
c1,noisy_phase_retrieval,noisy_phase_retrieval_i12_d24,12,24,200,4800,6,60380814,L_SRTDE
c1,noisy_phase_retrieval,noisy_phase_retrieval_i12_d24,12,24,200,4800,6,60380814,MS_LBFGSB
c1,noisy_phase_retrieval,noisy_phase_retrieval_i12_d24,12,24,200,4800,7,60380815,BasinGraph
c1,noisy_phase_retrieval,noisy_phase_retrieval_i12_d24,12,24,200,4800,7,60380815,CMA_ES
c1,noisy_phase_retrieval,noisy_phase_retrieval_i12_d24,12,24,200,4800,7,60380815,BIPOP_CMA_ES
c1,noisy_phase_retrieval,noisy_phase_retrieval_i12_d24,12,24,200,4800,7,60380815,L_SHADE_1_0_1
c1,noisy_phase_retrieval,noisy_phase_retrieval_i12_d24,12,24,200,4800,7,60380815,jSO
c1,noisy_phase_retrieval,noisy_phase_retrieval_i12_d24,12,24,200,4800,7,60380815,L_SRTDE
c1,noisy_phase_retrieval,noisy_phase_retrieval_i12_d24,12,24,200,4800,7,60380815,MS_LBFGSB
c1,noisy_phase_retrieval,noisy_phase_retrieval_i12_d24,12,24,200,4800,8,60380816,BasinGraph
c1,noisy_phase_retrieval,noisy_phase_retrieval_i12_d24,12,24,200,4800,8,60380816,CMA_ES
c1,noisy_phase_retrieval,noisy_phase_retrieval_i12_d24,12,24,200,4800,8,60380816,BIPOP_CMA_ES
c1,noisy_phase_retrieval,noisy_phase_retrieval_i12_d24,12,24,200,4800,8,60380816,L_SHADE_1_0_1
c1,noisy_phase_retrieval,noisy_phase_retrieval_i12_d24,12,24,200,4800,8,60380816,jSO
c1,noisy_phase_retrieval,noisy_phase_retrieval_i12_d24,12,24,200,4800,8,60380816,L_SRTDE
c1,noisy_phase_retrieval,noisy_phase_retrieval_i12_d24,12,24,200,4800,8,60380816,MS_LBFGSB
c1,noisy_phase_retrieval,noisy_phase_retrieval_i12_d24,12,24,200,4800,9,60380817,BasinGraph
c1,noisy_phase_retrieval,noisy_phase_retrieval_i12_d24,12,24,200,4800,9,60380817,CMA_ES
c1,noisy_phase_retrieval,noisy_phase_retrieval_i12_d24,12,24,200,4800,9,60380817,BIPOP_CMA_ES
c1,noisy_phase_retrieval,noisy_phase_retrieval_i12_d24,12,24,200,4800,9,60380817,L_SHADE_1_0_1
c1,noisy_phase_retrieval,noisy_phase_retrieval_i12_d24,12,24,200,4800,9,60380817,jSO
c1,noisy_phase_retrieval,noisy_phase_retrieval_i12_d24,12,24,200,4800,9,60380817,L_SRTDE
c1,noisy_phase_retrieval,noisy_phase_retrieval_i12_d24,12,24,200,4800,9,60380817,MS_LBFGSB
c1,noisy_phase_retrieval,noisy_phase_retrieval_i13_d32,13,32,200,6400,0,60390808,BasinGraph
c1,noisy_phase_retrieval,noisy_phase_retrieval_i13_d32,13,32,200,6400,0,60390808,CMA_ES
c1,noisy_phase_retrieval,noisy_phase_retrieval_i13_d32,13,32,200,6400,0,60390808,BIPOP_CMA_ES
c1,noisy_phase_retrieval,noisy_phase_retrieval_i13_d32,13,32,200,6400,0,60390808,L_SHADE_1_0_1
c1,noisy_phase_retrieval,noisy_phase_retrieval_i13_d32,13,32,200,6400,0,60390808,jSO
c1,noisy_phase_retrieval,noisy_phase_retrieval_i13_d32,13,32,200,6400,0,60390808,L_SRTDE
c1,noisy_phase_retrieval,noisy_phase_retrieval_i13_d32,13,32,200,6400,0,60390808,MS_LBFGSB
c1,noisy_phase_retrieval,noisy_phase_retrieval_i13_d32,13,32,200,6400,1,60390809,BasinGraph
c1,noisy_phase_retrieval,noisy_phase_retrieval_i13_d32,13,32,200,6400,1,60390809,CMA_ES
c1,noisy_phase_retrieval,noisy_phase_retrieval_i13_d32,13,32,200,6400,1,60390809,BIPOP_CMA_ES
c1,noisy_phase_retrieval,noisy_phase_retrieval_i13_d32,13,32,200,6400,1,60390809,L_SHADE_1_0_1
c1,noisy_phase_retrieval,noisy_phase_retrieval_i13_d32,13,32,200,6400,1,60390809,jSO
c1,noisy_phase_retrieval,noisy_phase_retrieval_i13_d32,13,32,200,6400,1,60390809,L_SRTDE
c1,noisy_phase_retrieval,noisy_phase_retrieval_i13_d32,13,32,200,6400,1,60390809,MS_LBFGSB
c1,noisy_phase_retrieval,noisy_phase_retrieval_i13_d32,13,32,200,6400,2,60390810,BasinGraph
c1,noisy_phase_retrieval,noisy_phase_retrieval_i13_d32,13,32,200,6400,2,60390810,CMA_ES
c1,noisy_phase_retrieval,noisy_phase_retrieval_i13_d32,13,32,200,6400,2,60390810,BIPOP_CMA_ES
c1,noisy_phase_retrieval,noisy_phase_retrieval_i13_d32,13,32,200,6400,2,60390810,L_SHADE_1_0_1
c1,noisy_phase_retrieval,noisy_phase_retrieval_i13_d32,13,32,200,6400,2,60390810,jSO
c1,noisy_phase_retrieval,noisy_phase_retrieval_i13_d32,13,32,200,6400,2,60390810,L_SRTDE
c1,noisy_phase_retrieval,noisy_phase_retrieval_i13_d32,13,32,200,6400,2,60390810,MS_LBFGSB
c1,noisy_phase_retrieval,noisy_phase_retrieval_i13_d32,13,32,200,6400,3,60390811,BasinGraph
c1,noisy_phase_retrieval,noisy_phase_retrieval_i13_d32,13,32,200,6400,3,60390811,CMA_ES
c1,noisy_phase_retrieval,noisy_phase_retrieval_i13_d32,13,32,200,6400,3,60390811,BIPOP_CMA_ES
c1,noisy_phase_retrieval,noisy_phase_retrieval_i13_d32,13,32,200,6400,3,60390811,L_SHADE_1_0_1
c1,noisy_phase_retrieval,noisy_phase_retrieval_i13_d32,13,32,200,6400,3,60390811,jSO
c1,noisy_phase_retrieval,noisy_phase_retrieval_i13_d32,13,32,200,6400,3,60390811,L_SRTDE
c1,noisy_phase_retrieval,noisy_phase_retrieval_i13_d32,13,32,200,6400,3,60390811,MS_LBFGSB
c1,noisy_phase_retrieval,noisy_phase_retrieval_i13_d32,13,32,200,6400,4,60390812,BasinGraph
c1,noisy_phase_retrieval,noisy_phase_retrieval_i13_d32,13,32,200,6400,4,60390812,CMA_ES
c1,noisy_phase_retrieval,noisy_phase_retrieval_i13_d32,13,32,200,6400,4,60390812,BIPOP_CMA_ES
c1,noisy_phase_retrieval,noisy_phase_retrieval_i13_d32,13,32,200,6400,4,60390812,L_SHADE_1_0_1
c1,noisy_phase_retrieval,noisy_phase_retrieval_i13_d32,13,32,200,6400,4,60390812,jSO
c1,noisy_phase_retrieval,noisy_phase_retrieval_i13_d32,13,32,200,6400,4,60390812,L_SRTDE
c1,noisy_phase_retrieval,noisy_phase_retrieval_i13_d32,13,32,200,6400,4,60390812,MS_LBFGSB
c1,noisy_phase_retrieval,noisy_phase_retrieval_i13_d32,13,32,200,6400,5,60390813,BasinGraph
c1,noisy_phase_retrieval,noisy_phase_retrieval_i13_d32,13,32,200,6400,5,60390813,CMA_ES
c1,noisy_phase_retrieval,noisy_phase_retrieval_i13_d32,13,32,200,6400,5,60390813,BIPOP_CMA_ES
c1,noisy_phase_retrieval,noisy_phase_retrieval_i13_d32,13,32,200,6400,5,60390813,L_SHADE_1_0_1
c1,noisy_phase_retrieval,noisy_phase_retrieval_i13_d32,13,32,200,6400,5,60390813,jSO
c1,noisy_phase_retrieval,noisy_phase_retrieval_i13_d32,13,32,200,6400,5,60390813,L_SRTDE
c1,noisy_phase_retrieval,noisy_phase_retrieval_i13_d32,13,32,200,6400,5,60390813,MS_LBFGSB
c1,noisy_phase_retrieval,noisy_phase_retrieval_i13_d32,13,32,200,6400,6,60390814,BasinGraph
c1,noisy_phase_retrieval,noisy_phase_retrieval_i13_d32,13,32,200,6400,6,60390814,CMA_ES
c1,noisy_phase_retrieval,noisy_phase_retrieval_i13_d32,13,32,200,6400,6,60390814,BIPOP_CMA_ES
c1,noisy_phase_retrieval,noisy_phase_retrieval_i13_d32,13,32,200,6400,6,60390814,L_SHADE_1_0_1
c1,noisy_phase_retrieval,noisy_phase_retrieval_i13_d32,13,32,200,6400,6,60390814,jSO
c1,noisy_phase_retrieval,noisy_phase_retrieval_i13_d32,13,32,200,6400,6,60390814,L_SRTDE
c1,noisy_phase_retrieval,noisy_phase_retrieval_i13_d32,13,32,200,6400,6,60390814,MS_LBFGSB
c1,noisy_phase_retrieval,noisy_phase_retrieval_i13_d32,13,32,200,6400,7,60390815,BasinGraph
c1,noisy_phase_retrieval,noisy_phase_retrieval_i13_d32,13,32,200,6400,7,60390815,CMA_ES
c1,noisy_phase_retrieval,noisy_phase_retrieval_i13_d32,13,32,200,6400,7,60390815,BIPOP_CMA_ES
c1,noisy_phase_retrieval,noisy_phase_retrieval_i13_d32,13,32,200,6400,7,60390815,L_SHADE_1_0_1
c1,noisy_phase_retrieval,noisy_phase_retrieval_i13_d32,13,32,200,6400,7,60390815,jSO
c1,noisy_phase_retrieval,noisy_phase_retrieval_i13_d32,13,32,200,6400,7,60390815,L_SRTDE
c1,noisy_phase_retrieval,noisy_phase_retrieval_i13_d32,13,32,200,6400,7,60390815,MS_LBFGSB
c1,noisy_phase_retrieval,noisy_phase_retrieval_i13_d32,13,32,200,6400,8,60390816,BasinGraph
c1,noisy_phase_retrieval,noisy_phase_retrieval_i13_d32,13,32,200,6400,8,60390816,CMA_ES
c1,noisy_phase_retrieval,noisy_phase_retrieval_i13_d32,13,32,200,6400,8,60390816,BIPOP_CMA_ES
c1,noisy_phase_retrieval,noisy_phase_retrieval_i13_d32,13,32,200,6400,8,60390816,L_SHADE_1_0_1
c1,noisy_phase_retrieval,noisy_phase_retrieval_i13_d32,13,32,200,6400,8,60390816,jSO
c1,noisy_phase_retrieval,noisy_phase_retrieval_i13_d32,13,32,200,6400,8,60390816,L_SRTDE
c1,noisy_phase_retrieval,noisy_phase_retrieval_i13_d32,13,32,200,6400,8,60390816,MS_LBFGSB
c1,noisy_phase_retrieval,noisy_phase_retrieval_i13_d32,13,32,200,6400,9,60390817,BasinGraph
c1,noisy_phase_retrieval,noisy_phase_retrieval_i13_d32,13,32,200,6400,9,60390817,CMA_ES
c1,noisy_phase_retrieval,noisy_phase_retrieval_i13_d32,13,32,200,6400,9,60390817,BIPOP_CMA_ES
c1,noisy_phase_retrieval,noisy_phase_retrieval_i13_d32,13,32,200,6400,9,60390817,L_SHADE_1_0_1
c1,noisy_phase_retrieval,noisy_phase_retrieval_i13_d32,13,32,200,6400,9,60390817,jSO
c1,noisy_phase_retrieval,noisy_phase_retrieval_i13_d32,13,32,200,6400,9,60390817,L_SRTDE
c1,noisy_phase_retrieval,noisy_phase_retrieval_i13_d32,13,32,200,6400,9,60390817,MS_LBFGSB
c1,matrix_factorization,matrix_factorization_i11_d36,11,36,150,5400,0,70370808,BasinGraph
c1,matrix_factorization,matrix_factorization_i11_d36,11,36,150,5400,0,70370808,CMA_ES
c1,matrix_factorization,matrix_factorization_i11_d36,11,36,150,5400,0,70370808,BIPOP_CMA_ES
c1,matrix_factorization,matrix_factorization_i11_d36,11,36,150,5400,0,70370808,L_SHADE_1_0_1
c1,matrix_factorization,matrix_factorization_i11_d36,11,36,150,5400,0,70370808,jSO
c1,matrix_factorization,matrix_factorization_i11_d36,11,36,150,5400,0,70370808,L_SRTDE
c1,matrix_factorization,matrix_factorization_i11_d36,11,36,150,5400,0,70370808,MS_LBFGSB
c1,matrix_factorization,matrix_factorization_i11_d36,11,36,150,5400,1,70370809,BasinGraph
c1,matrix_factorization,matrix_factorization_i11_d36,11,36,150,5400,1,70370809,CMA_ES
c1,matrix_factorization,matrix_factorization_i11_d36,11,36,150,5400,1,70370809,BIPOP_CMA_ES
c1,matrix_factorization,matrix_factorization_i11_d36,11,36,150,5400,1,70370809,L_SHADE_1_0_1
c1,matrix_factorization,matrix_factorization_i11_d36,11,36,150,5400,1,70370809,jSO
c1,matrix_factorization,matrix_factorization_i11_d36,11,36,150,5400,1,70370809,L_SRTDE
c1,matrix_factorization,matrix_factorization_i11_d36,11,36,150,5400,1,70370809,MS_LBFGSB
c1,matrix_factorization,matrix_factorization_i11_d36,11,36,150,5400,2,70370810,BasinGraph
c1,matrix_factorization,matrix_factorization_i11_d36,11,36,150,5400,2,70370810,CMA_ES
c1,matrix_factorization,matrix_factorization_i11_d36,11,36,150,5400,2,70370810,BIPOP_CMA_ES
c1,matrix_factorization,matrix_factorization_i11_d36,11,36,150,5400,2,70370810,L_SHADE_1_0_1
c1,matrix_factorization,matrix_factorization_i11_d36,11,36,150,5400,2,70370810,jSO
c1,matrix_factorization,matrix_factorization_i11_d36,11,36,150,5400,2,70370810,L_SRTDE
c1,matrix_factorization,matrix_factorization_i11_d36,11,36,150,5400,2,70370810,MS_LBFGSB
c1,matrix_factorization,matrix_factorization_i11_d36,11,36,150,5400,3,70370811,BasinGraph
c1,matrix_factorization,matrix_factorization_i11_d36,11,36,150,5400,3,70370811,CMA_ES
c1,matrix_factorization,matrix_factorization_i11_d36,11,36,150,5400,3,70370811,BIPOP_CMA_ES
c1,matrix_factorization,matrix_factorization_i11_d36,11,36,150,5400,3,70370811,L_SHADE_1_0_1
c1,matrix_factorization,matrix_factorization_i11_d36,11,36,150,5400,3,70370811,jSO
c1,matrix_factorization,matrix_factorization_i11_d36,11,36,150,5400,3,70370811,L_SRTDE
c1,matrix_factorization,matrix_factorization_i11_d36,11,36,150,5400,3,70370811,MS_LBFGSB
c1,matrix_factorization,matrix_factorization_i11_d36,11,36,150,5400,4,70370812,BasinGraph
c1,matrix_factorization,matrix_factorization_i11_d36,11,36,150,5400,4,70370812,CMA_ES
c1,matrix_factorization,matrix_factorization_i11_d36,11,36,150,5400,4,70370812,BIPOP_CMA_ES
c1,matrix_factorization,matrix_factorization_i11_d36,11,36,150,5400,4,70370812,L_SHADE_1_0_1
c1,matrix_factorization,matrix_factorization_i11_d36,11,36,150,5400,4,70370812,jSO
c1,matrix_factorization,matrix_factorization_i11_d36,11,36,150,5400,4,70370812,L_SRTDE
c1,matrix_factorization,matrix_factorization_i11_d36,11,36,150,5400,4,70370812,MS_LBFGSB
c1,matrix_factorization,matrix_factorization_i11_d36,11,36,150,5400,5,70370813,BasinGraph
c1,matrix_factorization,matrix_factorization_i11_d36,11,36,150,5400,5,70370813,CMA_ES
c1,matrix_factorization,matrix_factorization_i11_d36,11,36,150,5400,5,70370813,BIPOP_CMA_ES
c1,matrix_factorization,matrix_factorization_i11_d36,11,36,150,5400,5,70370813,L_SHADE_1_0_1
c1,matrix_factorization,matrix_factorization_i11_d36,11,36,150,5400,5,70370813,jSO
c1,matrix_factorization,matrix_factorization_i11_d36,11,36,150,5400,5,70370813,L_SRTDE
c1,matrix_factorization,matrix_factorization_i11_d36,11,36,150,5400,5,70370813,MS_LBFGSB
c1,matrix_factorization,matrix_factorization_i11_d36,11,36,150,5400,6,70370814,BasinGraph
c1,matrix_factorization,matrix_factorization_i11_d36,11,36,150,5400,6,70370814,CMA_ES
c1,matrix_factorization,matrix_factorization_i11_d36,11,36,150,5400,6,70370814,BIPOP_CMA_ES
c1,matrix_factorization,matrix_factorization_i11_d36,11,36,150,5400,6,70370814,L_SHADE_1_0_1
c1,matrix_factorization,matrix_factorization_i11_d36,11,36,150,5400,6,70370814,jSO
c1,matrix_factorization,matrix_factorization_i11_d36,11,36,150,5400,6,70370814,L_SRTDE
c1,matrix_factorization,matrix_factorization_i11_d36,11,36,150,5400,6,70370814,MS_LBFGSB
c1,matrix_factorization,matrix_factorization_i11_d36,11,36,150,5400,7,70370815,BasinGraph
c1,matrix_factorization,matrix_factorization_i11_d36,11,36,150,5400,7,70370815,CMA_ES
c1,matrix_factorization,matrix_factorization_i11_d36,11,36,150,5400,7,70370815,BIPOP_CMA_ES
c1,matrix_factorization,matrix_factorization_i11_d36,11,36,150,5400,7,70370815,L_SHADE_1_0_1
c1,matrix_factorization,matrix_factorization_i11_d36,11,36,150,5400,7,70370815,jSO
c1,matrix_factorization,matrix_factorization_i11_d36,11,36,150,5400,7,70370815,L_SRTDE
c1,matrix_factorization,matrix_factorization_i11_d36,11,36,150,5400,7,70370815,MS_LBFGSB
c1,matrix_factorization,matrix_factorization_i11_d36,11,36,150,5400,8,70370816,BasinGraph
c1,matrix_factorization,matrix_factorization_i11_d36,11,36,150,5400,8,70370816,CMA_ES
c1,matrix_factorization,matrix_factorization_i11_d36,11,36,150,5400,8,70370816,BIPOP_CMA_ES
c1,matrix_factorization,matrix_factorization_i11_d36,11,36,150,5400,8,70370816,L_SHADE_1_0_1
c1,matrix_factorization,matrix_factorization_i11_d36,11,36,150,5400,8,70370816,jSO
c1,matrix_factorization,matrix_factorization_i11_d36,11,36,150,5400,8,70370816,L_SRTDE
c1,matrix_factorization,matrix_factorization_i11_d36,11,36,150,5400,8,70370816,MS_LBFGSB
c1,matrix_factorization,matrix_factorization_i11_d36,11,36,150,5400,9,70370817,BasinGraph
c1,matrix_factorization,matrix_factorization_i11_d36,11,36,150,5400,9,70370817,CMA_ES
c1,matrix_factorization,matrix_factorization_i11_d36,11,36,150,5400,9,70370817,BIPOP_CMA_ES
c1,matrix_factorization,matrix_factorization_i11_d36,11,36,150,5400,9,70370817,L_SHADE_1_0_1
c1,matrix_factorization,matrix_factorization_i11_d36,11,36,150,5400,9,70370817,jSO
c1,matrix_factorization,matrix_factorization_i11_d36,11,36,150,5400,9,70370817,L_SRTDE
c1,matrix_factorization,matrix_factorization_i11_d36,11,36,150,5400,9,70370817,MS_LBFGSB
c1,matrix_factorization,matrix_factorization_i12_d60,12,60,150,9000,0,70380808,BasinGraph
c1,matrix_factorization,matrix_factorization_i12_d60,12,60,150,9000,0,70380808,CMA_ES
c1,matrix_factorization,matrix_factorization_i12_d60,12,60,150,9000,0,70380808,BIPOP_CMA_ES
c1,matrix_factorization,matrix_factorization_i12_d60,12,60,150,9000,0,70380808,L_SHADE_1_0_1
c1,matrix_factorization,matrix_factorization_i12_d60,12,60,150,9000,0,70380808,jSO
c1,matrix_factorization,matrix_factorization_i12_d60,12,60,150,9000,0,70380808,L_SRTDE
c1,matrix_factorization,matrix_factorization_i12_d60,12,60,150,9000,0,70380808,MS_LBFGSB
c1,matrix_factorization,matrix_factorization_i12_d60,12,60,150,9000,1,70380809,BasinGraph
c1,matrix_factorization,matrix_factorization_i12_d60,12,60,150,9000,1,70380809,CMA_ES
c1,matrix_factorization,matrix_factorization_i12_d60,12,60,150,9000,1,70380809,BIPOP_CMA_ES
c1,matrix_factorization,matrix_factorization_i12_d60,12,60,150,9000,1,70380809,L_SHADE_1_0_1
c1,matrix_factorization,matrix_factorization_i12_d60,12,60,150,9000,1,70380809,jSO
c1,matrix_factorization,matrix_factorization_i12_d60,12,60,150,9000,1,70380809,L_SRTDE
c1,matrix_factorization,matrix_factorization_i12_d60,12,60,150,9000,1,70380809,MS_LBFGSB
c1,matrix_factorization,matrix_factorization_i12_d60,12,60,150,9000,2,70380810,BasinGraph
c1,matrix_factorization,matrix_factorization_i12_d60,12,60,150,9000,2,70380810,CMA_ES
c1,matrix_factorization,matrix_factorization_i12_d60,12,60,150,9000,2,70380810,BIPOP_CMA_ES
c1,matrix_factorization,matrix_factorization_i12_d60,12,60,150,9000,2,70380810,L_SHADE_1_0_1
c1,matrix_factorization,matrix_factorization_i12_d60,12,60,150,9000,2,70380810,jSO
c1,matrix_factorization,matrix_factorization_i12_d60,12,60,150,9000,2,70380810,L_SRTDE
c1,matrix_factorization,matrix_factorization_i12_d60,12,60,150,9000,2,70380810,MS_LBFGSB
c1,matrix_factorization,matrix_factorization_i12_d60,12,60,150,9000,3,70380811,BasinGraph
c1,matrix_factorization,matrix_factorization_i12_d60,12,60,150,9000,3,70380811,CMA_ES
c1,matrix_factorization,matrix_factorization_i12_d60,12,60,150,9000,3,70380811,BIPOP_CMA_ES
c1,matrix_factorization,matrix_factorization_i12_d60,12,60,150,9000,3,70380811,L_SHADE_1_0_1
c1,matrix_factorization,matrix_factorization_i12_d60,12,60,150,9000,3,70380811,jSO
c1,matrix_factorization,matrix_factorization_i12_d60,12,60,150,9000,3,70380811,L_SRTDE
c1,matrix_factorization,matrix_factorization_i12_d60,12,60,150,9000,3,70380811,MS_LBFGSB
c1,matrix_factorization,matrix_factorization_i12_d60,12,60,150,9000,4,70380812,BasinGraph
c1,matrix_factorization,matrix_factorization_i12_d60,12,60,150,9000,4,70380812,CMA_ES
c1,matrix_factorization,matrix_factorization_i12_d60,12,60,150,9000,4,70380812,BIPOP_CMA_ES
c1,matrix_factorization,matrix_factorization_i12_d60,12,60,150,9000,4,70380812,L_SHADE_1_0_1
c1,matrix_factorization,matrix_factorization_i12_d60,12,60,150,9000,4,70380812,jSO
c1,matrix_factorization,matrix_factorization_i12_d60,12,60,150,9000,4,70380812,L_SRTDE
c1,matrix_factorization,matrix_factorization_i12_d60,12,60,150,9000,4,70380812,MS_LBFGSB
c1,matrix_factorization,matrix_factorization_i12_d60,12,60,150,9000,5,70380813,BasinGraph
c1,matrix_factorization,matrix_factorization_i12_d60,12,60,150,9000,5,70380813,CMA_ES
c1,matrix_factorization,matrix_factorization_i12_d60,12,60,150,9000,5,70380813,BIPOP_CMA_ES
c1,matrix_factorization,matrix_factorization_i12_d60,12,60,150,9000,5,70380813,L_SHADE_1_0_1
c1,matrix_factorization,matrix_factorization_i12_d60,12,60,150,9000,5,70380813,jSO
c1,matrix_factorization,matrix_factorization_i12_d60,12,60,150,9000,5,70380813,L_SRTDE
c1,matrix_factorization,matrix_factorization_i12_d60,12,60,150,9000,5,70380813,MS_LBFGSB
c1,matrix_factorization,matrix_factorization_i12_d60,12,60,150,9000,6,70380814,BasinGraph
c1,matrix_factorization,matrix_factorization_i12_d60,12,60,150,9000,6,70380814,CMA_ES
c1,matrix_factorization,matrix_factorization_i12_d60,12,60,150,9000,6,70380814,BIPOP_CMA_ES
c1,matrix_factorization,matrix_factorization_i12_d60,12,60,150,9000,6,70380814,L_SHADE_1_0_1
c1,matrix_factorization,matrix_factorization_i12_d60,12,60,150,9000,6,70380814,jSO
c1,matrix_factorization,matrix_factorization_i12_d60,12,60,150,9000,6,70380814,L_SRTDE
c1,matrix_factorization,matrix_factorization_i12_d60,12,60,150,9000,6,70380814,MS_LBFGSB
c1,matrix_factorization,matrix_factorization_i12_d60,12,60,150,9000,7,70380815,BasinGraph
c1,matrix_factorization,matrix_factorization_i12_d60,12,60,150,9000,7,70380815,CMA_ES
c1,matrix_factorization,matrix_factorization_i12_d60,12,60,150,9000,7,70380815,BIPOP_CMA_ES
c1,matrix_factorization,matrix_factorization_i12_d60,12,60,150,9000,7,70380815,L_SHADE_1_0_1
c1,matrix_factorization,matrix_factorization_i12_d60,12,60,150,9000,7,70380815,jSO
c1,matrix_factorization,matrix_factorization_i12_d60,12,60,150,9000,7,70380815,L_SRTDE
c1,matrix_factorization,matrix_factorization_i12_d60,12,60,150,9000,7,70380815,MS_LBFGSB
c1,matrix_factorization,matrix_factorization_i12_d60,12,60,150,9000,8,70380816,BasinGraph
c1,matrix_factorization,matrix_factorization_i12_d60,12,60,150,9000,8,70380816,CMA_ES
c1,matrix_factorization,matrix_factorization_i12_d60,12,60,150,9000,8,70380816,BIPOP_CMA_ES
c1,matrix_factorization,matrix_factorization_i12_d60,12,60,150,9000,8,70380816,L_SHADE_1_0_1
c1,matrix_factorization,matrix_factorization_i12_d60,12,60,150,9000,8,70380816,jSO
c1,matrix_factorization,matrix_factorization_i12_d60,12,60,150,9000,8,70380816,L_SRTDE
c1,matrix_factorization,matrix_factorization_i12_d60,12,60,150,9000,8,70380816,MS_LBFGSB
c1,matrix_factorization,matrix_factorization_i12_d60,12,60,150,9000,9,70380817,BasinGraph
c1,matrix_factorization,matrix_factorization_i12_d60,12,60,150,9000,9,70380817,CMA_ES
c1,matrix_factorization,matrix_factorization_i12_d60,12,60,150,9000,9,70380817,BIPOP_CMA_ES
c1,matrix_factorization,matrix_factorization_i12_d60,12,60,150,9000,9,70380817,L_SHADE_1_0_1
c1,matrix_factorization,matrix_factorization_i12_d60,12,60,150,9000,9,70380817,jSO
c1,matrix_factorization,matrix_factorization_i12_d60,12,60,150,9000,9,70380817,L_SRTDE
c1,matrix_factorization,matrix_factorization_i12_d60,12,60,150,9000,9,70380817,MS_LBFGSB
c1,matrix_factorization,matrix_factorization_i13_d96,13,96,150,14400,0,70390808,BasinGraph
c1,matrix_factorization,matrix_factorization_i13_d96,13,96,150,14400,0,70390808,CMA_ES
c1,matrix_factorization,matrix_factorization_i13_d96,13,96,150,14400,0,70390808,BIPOP_CMA_ES
c1,matrix_factorization,matrix_factorization_i13_d96,13,96,150,14400,0,70390808,L_SHADE_1_0_1
c1,matrix_factorization,matrix_factorization_i13_d96,13,96,150,14400,0,70390808,jSO
c1,matrix_factorization,matrix_factorization_i13_d96,13,96,150,14400,0,70390808,L_SRTDE
c1,matrix_factorization,matrix_factorization_i13_d96,13,96,150,14400,0,70390808,MS_LBFGSB
c1,matrix_factorization,matrix_factorization_i13_d96,13,96,150,14400,1,70390809,BasinGraph
c1,matrix_factorization,matrix_factorization_i13_d96,13,96,150,14400,1,70390809,CMA_ES
c1,matrix_factorization,matrix_factorization_i13_d96,13,96,150,14400,1,70390809,BIPOP_CMA_ES
c1,matrix_factorization,matrix_factorization_i13_d96,13,96,150,14400,1,70390809,L_SHADE_1_0_1
c1,matrix_factorization,matrix_factorization_i13_d96,13,96,150,14400,1,70390809,jSO
c1,matrix_factorization,matrix_factorization_i13_d96,13,96,150,14400,1,70390809,L_SRTDE
c1,matrix_factorization,matrix_factorization_i13_d96,13,96,150,14400,1,70390809,MS_LBFGSB
c1,matrix_factorization,matrix_factorization_i13_d96,13,96,150,14400,2,70390810,BasinGraph
c1,matrix_factorization,matrix_factorization_i13_d96,13,96,150,14400,2,70390810,CMA_ES
c1,matrix_factorization,matrix_factorization_i13_d96,13,96,150,14400,2,70390810,BIPOP_CMA_ES
c1,matrix_factorization,matrix_factorization_i13_d96,13,96,150,14400,2,70390810,L_SHADE_1_0_1
c1,matrix_factorization,matrix_factorization_i13_d96,13,96,150,14400,2,70390810,jSO
c1,matrix_factorization,matrix_factorization_i13_d96,13,96,150,14400,2,70390810,L_SRTDE
c1,matrix_factorization,matrix_factorization_i13_d96,13,96,150,14400,2,70390810,MS_LBFGSB
c1,matrix_factorization,matrix_factorization_i13_d96,13,96,150,14400,3,70390811,BasinGraph
c1,matrix_factorization,matrix_factorization_i13_d96,13,96,150,14400,3,70390811,CMA_ES
c1,matrix_factorization,matrix_factorization_i13_d96,13,96,150,14400,3,70390811,BIPOP_CMA_ES
c1,matrix_factorization,matrix_factorization_i13_d96,13,96,150,14400,3,70390811,L_SHADE_1_0_1
c1,matrix_factorization,matrix_factorization_i13_d96,13,96,150,14400,3,70390811,jSO
c1,matrix_factorization,matrix_factorization_i13_d96,13,96,150,14400,3,70390811,L_SRTDE
c1,matrix_factorization,matrix_factorization_i13_d96,13,96,150,14400,3,70390811,MS_LBFGSB
c1,matrix_factorization,matrix_factorization_i13_d96,13,96,150,14400,4,70390812,BasinGraph
c1,matrix_factorization,matrix_factorization_i13_d96,13,96,150,14400,4,70390812,CMA_ES
c1,matrix_factorization,matrix_factorization_i13_d96,13,96,150,14400,4,70390812,BIPOP_CMA_ES
c1,matrix_factorization,matrix_factorization_i13_d96,13,96,150,14400,4,70390812,L_SHADE_1_0_1
c1,matrix_factorization,matrix_factorization_i13_d96,13,96,150,14400,4,70390812,jSO
c1,matrix_factorization,matrix_factorization_i13_d96,13,96,150,14400,4,70390812,L_SRTDE
c1,matrix_factorization,matrix_factorization_i13_d96,13,96,150,14400,4,70390812,MS_LBFGSB
c1,matrix_factorization,matrix_factorization_i13_d96,13,96,150,14400,5,70390813,BasinGraph
c1,matrix_factorization,matrix_factorization_i13_d96,13,96,150,14400,5,70390813,CMA_ES
c1,matrix_factorization,matrix_factorization_i13_d96,13,96,150,14400,5,70390813,BIPOP_CMA_ES
c1,matrix_factorization,matrix_factorization_i13_d96,13,96,150,14400,5,70390813,L_SHADE_1_0_1
c1,matrix_factorization,matrix_factorization_i13_d96,13,96,150,14400,5,70390813,jSO
c1,matrix_factorization,matrix_factorization_i13_d96,13,96,150,14400,5,70390813,L_SRTDE
c1,matrix_factorization,matrix_factorization_i13_d96,13,96,150,14400,5,70390813,MS_LBFGSB
c1,matrix_factorization,matrix_factorization_i13_d96,13,96,150,14400,6,70390814,BasinGraph
c1,matrix_factorization,matrix_factorization_i13_d96,13,96,150,14400,6,70390814,CMA_ES
c1,matrix_factorization,matrix_factorization_i13_d96,13,96,150,14400,6,70390814,BIPOP_CMA_ES
c1,matrix_factorization,matrix_factorization_i13_d96,13,96,150,14400,6,70390814,L_SHADE_1_0_1
c1,matrix_factorization,matrix_factorization_i13_d96,13,96,150,14400,6,70390814,jSO
c1,matrix_factorization,matrix_factorization_i13_d96,13,96,150,14400,6,70390814,L_SRTDE
c1,matrix_factorization,matrix_factorization_i13_d96,13,96,150,14400,6,70390814,MS_LBFGSB
c1,matrix_factorization,matrix_factorization_i13_d96,13,96,150,14400,7,70390815,BasinGraph
c1,matrix_factorization,matrix_factorization_i13_d96,13,96,150,14400,7,70390815,CMA_ES
c1,matrix_factorization,matrix_factorization_i13_d96,13,96,150,14400,7,70390815,BIPOP_CMA_ES
c1,matrix_factorization,matrix_factorization_i13_d96,13,96,150,14400,7,70390815,L_SHADE_1_0_1
c1,matrix_factorization,matrix_factorization_i13_d96,13,96,150,14400,7,70390815,jSO
c1,matrix_factorization,matrix_factorization_i13_d96,13,96,150,14400,7,70390815,L_SRTDE
c1,matrix_factorization,matrix_factorization_i13_d96,13,96,150,14400,7,70390815,MS_LBFGSB
c1,matrix_factorization,matrix_factorization_i13_d96,13,96,150,14400,8,70390816,BasinGraph
c1,matrix_factorization,matrix_factorization_i13_d96,13,96,150,14400,8,70390816,CMA_ES
c1,matrix_factorization,matrix_factorization_i13_d96,13,96,150,14400,8,70390816,BIPOP_CMA_ES
c1,matrix_factorization,matrix_factorization_i13_d96,13,96,150,14400,8,70390816,L_SHADE_1_0_1
c1,matrix_factorization,matrix_factorization_i13_d96,13,96,150,14400,8,70390816,jSO
c1,matrix_factorization,matrix_factorization_i13_d96,13,96,150,14400,8,70390816,L_SRTDE
c1,matrix_factorization,matrix_factorization_i13_d96,13,96,150,14400,8,70390816,MS_LBFGSB
c1,matrix_factorization,matrix_factorization_i13_d96,13,96,150,14400,9,70390817,BasinGraph
c1,matrix_factorization,matrix_factorization_i13_d96,13,96,150,14400,9,70390817,CMA_ES
c1,matrix_factorization,matrix_factorization_i13_d96,13,96,150,14400,9,70390817,BIPOP_CMA_ES
c1,matrix_factorization,matrix_factorization_i13_d96,13,96,150,14400,9,70390817,L_SHADE_1_0_1
c1,matrix_factorization,matrix_factorization_i13_d96,13,96,150,14400,9,70390817,jSO
c1,matrix_factorization,matrix_factorization_i13_d96,13,96,150,14400,9,70390817,L_SRTDE
c1,matrix_factorization,matrix_factorization_i13_d96,13,96,150,14400,9,70390817,MS_LBFGSB
c1,large_matrix_factorization,large_matrix_factorization_i11_d120,11,120,75,9000,0,80370808,BasinGraph
c1,large_matrix_factorization,large_matrix_factorization_i11_d120,11,120,75,9000,0,80370808,CMA_ES
c1,large_matrix_factorization,large_matrix_factorization_i11_d120,11,120,75,9000,0,80370808,BIPOP_CMA_ES
c1,large_matrix_factorization,large_matrix_factorization_i11_d120,11,120,75,9000,0,80370808,L_SHADE_1_0_1
c1,large_matrix_factorization,large_matrix_factorization_i11_d120,11,120,75,9000,0,80370808,jSO
c1,large_matrix_factorization,large_matrix_factorization_i11_d120,11,120,75,9000,0,80370808,L_SRTDE
c1,large_matrix_factorization,large_matrix_factorization_i11_d120,11,120,75,9000,0,80370808,MS_LBFGSB
c1,large_matrix_factorization,large_matrix_factorization_i11_d120,11,120,75,9000,1,80370809,BasinGraph
c1,large_matrix_factorization,large_matrix_factorization_i11_d120,11,120,75,9000,1,80370809,CMA_ES
c1,large_matrix_factorization,large_matrix_factorization_i11_d120,11,120,75,9000,1,80370809,BIPOP_CMA_ES
c1,large_matrix_factorization,large_matrix_factorization_i11_d120,11,120,75,9000,1,80370809,L_SHADE_1_0_1
c1,large_matrix_factorization,large_matrix_factorization_i11_d120,11,120,75,9000,1,80370809,jSO
c1,large_matrix_factorization,large_matrix_factorization_i11_d120,11,120,75,9000,1,80370809,L_SRTDE
c1,large_matrix_factorization,large_matrix_factorization_i11_d120,11,120,75,9000,1,80370809,MS_LBFGSB
c1,large_matrix_factorization,large_matrix_factorization_i11_d120,11,120,75,9000,2,80370810,BasinGraph
c1,large_matrix_factorization,large_matrix_factorization_i11_d120,11,120,75,9000,2,80370810,CMA_ES
c1,large_matrix_factorization,large_matrix_factorization_i11_d120,11,120,75,9000,2,80370810,BIPOP_CMA_ES
c1,large_matrix_factorization,large_matrix_factorization_i11_d120,11,120,75,9000,2,80370810,L_SHADE_1_0_1
c1,large_matrix_factorization,large_matrix_factorization_i11_d120,11,120,75,9000,2,80370810,jSO
c1,large_matrix_factorization,large_matrix_factorization_i11_d120,11,120,75,9000,2,80370810,L_SRTDE
c1,large_matrix_factorization,large_matrix_factorization_i11_d120,11,120,75,9000,2,80370810,MS_LBFGSB
c1,large_matrix_factorization,large_matrix_factorization_i11_d120,11,120,75,9000,3,80370811,BasinGraph
c1,large_matrix_factorization,large_matrix_factorization_i11_d120,11,120,75,9000,3,80370811,CMA_ES
c1,large_matrix_factorization,large_matrix_factorization_i11_d120,11,120,75,9000,3,80370811,BIPOP_CMA_ES
c1,large_matrix_factorization,large_matrix_factorization_i11_d120,11,120,75,9000,3,80370811,L_SHADE_1_0_1
c1,large_matrix_factorization,large_matrix_factorization_i11_d120,11,120,75,9000,3,80370811,jSO
c1,large_matrix_factorization,large_matrix_factorization_i11_d120,11,120,75,9000,3,80370811,L_SRTDE
c1,large_matrix_factorization,large_matrix_factorization_i11_d120,11,120,75,9000,3,80370811,MS_LBFGSB
c1,large_matrix_factorization,large_matrix_factorization_i11_d120,11,120,75,9000,4,80370812,BasinGraph
c1,large_matrix_factorization,large_matrix_factorization_i11_d120,11,120,75,9000,4,80370812,CMA_ES
c1,large_matrix_factorization,large_matrix_factorization_i11_d120,11,120,75,9000,4,80370812,BIPOP_CMA_ES
c1,large_matrix_factorization,large_matrix_factorization_i11_d120,11,120,75,9000,4,80370812,L_SHADE_1_0_1
c1,large_matrix_factorization,large_matrix_factorization_i11_d120,11,120,75,9000,4,80370812,jSO
c1,large_matrix_factorization,large_matrix_factorization_i11_d120,11,120,75,9000,4,80370812,L_SRTDE
c1,large_matrix_factorization,large_matrix_factorization_i11_d120,11,120,75,9000,4,80370812,MS_LBFGSB
c1,large_matrix_factorization,large_matrix_factorization_i11_d120,11,120,75,9000,5,80370813,BasinGraph
c1,large_matrix_factorization,large_matrix_factorization_i11_d120,11,120,75,9000,5,80370813,CMA_ES
c1,large_matrix_factorization,large_matrix_factorization_i11_d120,11,120,75,9000,5,80370813,BIPOP_CMA_ES
c1,large_matrix_factorization,large_matrix_factorization_i11_d120,11,120,75,9000,5,80370813,L_SHADE_1_0_1
c1,large_matrix_factorization,large_matrix_factorization_i11_d120,11,120,75,9000,5,80370813,jSO
c1,large_matrix_factorization,large_matrix_factorization_i11_d120,11,120,75,9000,5,80370813,L_SRTDE
c1,large_matrix_factorization,large_matrix_factorization_i11_d120,11,120,75,9000,5,80370813,MS_LBFGSB
c1,large_matrix_factorization,large_matrix_factorization_i11_d120,11,120,75,9000,6,80370814,BasinGraph
c1,large_matrix_factorization,large_matrix_factorization_i11_d120,11,120,75,9000,6,80370814,CMA_ES
c1,large_matrix_factorization,large_matrix_factorization_i11_d120,11,120,75,9000,6,80370814,BIPOP_CMA_ES
c1,large_matrix_factorization,large_matrix_factorization_i11_d120,11,120,75,9000,6,80370814,L_SHADE_1_0_1
c1,large_matrix_factorization,large_matrix_factorization_i11_d120,11,120,75,9000,6,80370814,jSO
c1,large_matrix_factorization,large_matrix_factorization_i11_d120,11,120,75,9000,6,80370814,L_SRTDE
c1,large_matrix_factorization,large_matrix_factorization_i11_d120,11,120,75,9000,6,80370814,MS_LBFGSB
c1,large_matrix_factorization,large_matrix_factorization_i11_d120,11,120,75,9000,7,80370815,BasinGraph
c1,large_matrix_factorization,large_matrix_factorization_i11_d120,11,120,75,9000,7,80370815,CMA_ES
c1,large_matrix_factorization,large_matrix_factorization_i11_d120,11,120,75,9000,7,80370815,BIPOP_CMA_ES
c1,large_matrix_factorization,large_matrix_factorization_i11_d120,11,120,75,9000,7,80370815,L_SHADE_1_0_1
c1,large_matrix_factorization,large_matrix_factorization_i11_d120,11,120,75,9000,7,80370815,jSO
c1,large_matrix_factorization,large_matrix_factorization_i11_d120,11,120,75,9000,7,80370815,L_SRTDE
c1,large_matrix_factorization,large_matrix_factorization_i11_d120,11,120,75,9000,7,80370815,MS_LBFGSB
c1,large_matrix_factorization,large_matrix_factorization_i11_d120,11,120,75,9000,8,80370816,BasinGraph
c1,large_matrix_factorization,large_matrix_factorization_i11_d120,11,120,75,9000,8,80370816,CMA_ES
c1,large_matrix_factorization,large_matrix_factorization_i11_d120,11,120,75,9000,8,80370816,BIPOP_CMA_ES
c1,large_matrix_factorization,large_matrix_factorization_i11_d120,11,120,75,9000,8,80370816,L_SHADE_1_0_1
c1,large_matrix_factorization,large_matrix_factorization_i11_d120,11,120,75,9000,8,80370816,jSO
c1,large_matrix_factorization,large_matrix_factorization_i11_d120,11,120,75,9000,8,80370816,L_SRTDE
c1,large_matrix_factorization,large_matrix_factorization_i11_d120,11,120,75,9000,8,80370816,MS_LBFGSB
c1,large_matrix_factorization,large_matrix_factorization_i11_d120,11,120,75,9000,9,80370817,BasinGraph
c1,large_matrix_factorization,large_matrix_factorization_i11_d120,11,120,75,9000,9,80370817,CMA_ES
c1,large_matrix_factorization,large_matrix_factorization_i11_d120,11,120,75,9000,9,80370817,BIPOP_CMA_ES
c1,large_matrix_factorization,large_matrix_factorization_i11_d120,11,120,75,9000,9,80370817,L_SHADE_1_0_1
c1,large_matrix_factorization,large_matrix_factorization_i11_d120,11,120,75,9000,9,80370817,jSO
c1,large_matrix_factorization,large_matrix_factorization_i11_d120,11,120,75,9000,9,80370817,L_SRTDE
c1,large_matrix_factorization,large_matrix_factorization_i11_d120,11,120,75,9000,9,80370817,MS_LBFGSB
c1,large_matrix_factorization,large_matrix_factorization_i12_d200,12,200,75,15000,0,80380808,BasinGraph
c1,large_matrix_factorization,large_matrix_factorization_i12_d200,12,200,75,15000,0,80380808,CMA_ES
c1,large_matrix_factorization,large_matrix_factorization_i12_d200,12,200,75,15000,0,80380808,BIPOP_CMA_ES
c1,large_matrix_factorization,large_matrix_factorization_i12_d200,12,200,75,15000,0,80380808,L_SHADE_1_0_1
c1,large_matrix_factorization,large_matrix_factorization_i12_d200,12,200,75,15000,0,80380808,jSO
c1,large_matrix_factorization,large_matrix_factorization_i12_d200,12,200,75,15000,0,80380808,L_SRTDE
c1,large_matrix_factorization,large_matrix_factorization_i12_d200,12,200,75,15000,0,80380808,MS_LBFGSB
c1,large_matrix_factorization,large_matrix_factorization_i12_d200,12,200,75,15000,1,80380809,BasinGraph
c1,large_matrix_factorization,large_matrix_factorization_i12_d200,12,200,75,15000,1,80380809,CMA_ES
c1,large_matrix_factorization,large_matrix_factorization_i12_d200,12,200,75,15000,1,80380809,BIPOP_CMA_ES
c1,large_matrix_factorization,large_matrix_factorization_i12_d200,12,200,75,15000,1,80380809,L_SHADE_1_0_1
c1,large_matrix_factorization,large_matrix_factorization_i12_d200,12,200,75,15000,1,80380809,jSO
c1,large_matrix_factorization,large_matrix_factorization_i12_d200,12,200,75,15000,1,80380809,L_SRTDE
c1,large_matrix_factorization,large_matrix_factorization_i12_d200,12,200,75,15000,1,80380809,MS_LBFGSB
c1,large_matrix_factorization,large_matrix_factorization_i12_d200,12,200,75,15000,2,80380810,BasinGraph
c1,large_matrix_factorization,large_matrix_factorization_i12_d200,12,200,75,15000,2,80380810,CMA_ES
c1,large_matrix_factorization,large_matrix_factorization_i12_d200,12,200,75,15000,2,80380810,BIPOP_CMA_ES
c1,large_matrix_factorization,large_matrix_factorization_i12_d200,12,200,75,15000,2,80380810,L_SHADE_1_0_1
c1,large_matrix_factorization,large_matrix_factorization_i12_d200,12,200,75,15000,2,80380810,jSO
c1,large_matrix_factorization,large_matrix_factorization_i12_d200,12,200,75,15000,2,80380810,L_SRTDE
c1,large_matrix_factorization,large_matrix_factorization_i12_d200,12,200,75,15000,2,80380810,MS_LBFGSB
c1,large_matrix_factorization,large_matrix_factorization_i12_d200,12,200,75,15000,3,80380811,BasinGraph
c1,large_matrix_factorization,large_matrix_factorization_i12_d200,12,200,75,15000,3,80380811,CMA_ES
c1,large_matrix_factorization,large_matrix_factorization_i12_d200,12,200,75,15000,3,80380811,BIPOP_CMA_ES
c1,large_matrix_factorization,large_matrix_factorization_i12_d200,12,200,75,15000,3,80380811,L_SHADE_1_0_1
c1,large_matrix_factorization,large_matrix_factorization_i12_d200,12,200,75,15000,3,80380811,jSO
c1,large_matrix_factorization,large_matrix_factorization_i12_d200,12,200,75,15000,3,80380811,L_SRTDE
c1,large_matrix_factorization,large_matrix_factorization_i12_d200,12,200,75,15000,3,80380811,MS_LBFGSB
c1,large_matrix_factorization,large_matrix_factorization_i12_d200,12,200,75,15000,4,80380812,BasinGraph
c1,large_matrix_factorization,large_matrix_factorization_i12_d200,12,200,75,15000,4,80380812,CMA_ES
c1,large_matrix_factorization,large_matrix_factorization_i12_d200,12,200,75,15000,4,80380812,BIPOP_CMA_ES
c1,large_matrix_factorization,large_matrix_factorization_i12_d200,12,200,75,15000,4,80380812,L_SHADE_1_0_1
c1,large_matrix_factorization,large_matrix_factorization_i12_d200,12,200,75,15000,4,80380812,jSO
c1,large_matrix_factorization,large_matrix_factorization_i12_d200,12,200,75,15000,4,80380812,L_SRTDE
c1,large_matrix_factorization,large_matrix_factorization_i12_d200,12,200,75,15000,4,80380812,MS_LBFGSB
c1,large_matrix_factorization,large_matrix_factorization_i12_d200,12,200,75,15000,5,80380813,BasinGraph
c1,large_matrix_factorization,large_matrix_factorization_i12_d200,12,200,75,15000,5,80380813,CMA_ES
c1,large_matrix_factorization,large_matrix_factorization_i12_d200,12,200,75,15000,5,80380813,BIPOP_CMA_ES
c1,large_matrix_factorization,large_matrix_factorization_i12_d200,12,200,75,15000,5,80380813,L_SHADE_1_0_1
c1,large_matrix_factorization,large_matrix_factorization_i12_d200,12,200,75,15000,5,80380813,jSO
c1,large_matrix_factorization,large_matrix_factorization_i12_d200,12,200,75,15000,5,80380813,L_SRTDE
c1,large_matrix_factorization,large_matrix_factorization_i12_d200,12,200,75,15000,5,80380813,MS_LBFGSB
c1,large_matrix_factorization,large_matrix_factorization_i12_d200,12,200,75,15000,6,80380814,BasinGraph
c1,large_matrix_factorization,large_matrix_factorization_i12_d200,12,200,75,15000,6,80380814,CMA_ES
c1,large_matrix_factorization,large_matrix_factorization_i12_d200,12,200,75,15000,6,80380814,BIPOP_CMA_ES
c1,large_matrix_factorization,large_matrix_factorization_i12_d200,12,200,75,15000,6,80380814,L_SHADE_1_0_1
c1,large_matrix_factorization,large_matrix_factorization_i12_d200,12,200,75,15000,6,80380814,jSO
c1,large_matrix_factorization,large_matrix_factorization_i12_d200,12,200,75,15000,6,80380814,L_SRTDE
c1,large_matrix_factorization,large_matrix_factorization_i12_d200,12,200,75,15000,6,80380814,MS_LBFGSB
c1,large_matrix_factorization,large_matrix_factorization_i12_d200,12,200,75,15000,7,80380815,BasinGraph
c1,large_matrix_factorization,large_matrix_factorization_i12_d200,12,200,75,15000,7,80380815,CMA_ES
c1,large_matrix_factorization,large_matrix_factorization_i12_d200,12,200,75,15000,7,80380815,BIPOP_CMA_ES
c1,large_matrix_factorization,large_matrix_factorization_i12_d200,12,200,75,15000,7,80380815,L_SHADE_1_0_1
c1,large_matrix_factorization,large_matrix_factorization_i12_d200,12,200,75,15000,7,80380815,jSO
c1,large_matrix_factorization,large_matrix_factorization_i12_d200,12,200,75,15000,7,80380815,L_SRTDE
c1,large_matrix_factorization,large_matrix_factorization_i12_d200,12,200,75,15000,7,80380815,MS_LBFGSB
c1,large_matrix_factorization,large_matrix_factorization_i12_d200,12,200,75,15000,8,80380816,BasinGraph
c1,large_matrix_factorization,large_matrix_factorization_i12_d200,12,200,75,15000,8,80380816,CMA_ES
c1,large_matrix_factorization,large_matrix_factorization_i12_d200,12,200,75,15000,8,80380816,BIPOP_CMA_ES
c1,large_matrix_factorization,large_matrix_factorization_i12_d200,12,200,75,15000,8,80380816,L_SHADE_1_0_1
c1,large_matrix_factorization,large_matrix_factorization_i12_d200,12,200,75,15000,8,80380816,jSO
c1,large_matrix_factorization,large_matrix_factorization_i12_d200,12,200,75,15000,8,80380816,L_SRTDE
c1,large_matrix_factorization,large_matrix_factorization_i12_d200,12,200,75,15000,8,80380816,MS_LBFGSB
c1,large_matrix_factorization,large_matrix_factorization_i12_d200,12,200,75,15000,9,80380817,BasinGraph
c1,large_matrix_factorization,large_matrix_factorization_i12_d200,12,200,75,15000,9,80380817,CMA_ES
c1,large_matrix_factorization,large_matrix_factorization_i12_d200,12,200,75,15000,9,80380817,BIPOP_CMA_ES
c1,large_matrix_factorization,large_matrix_factorization_i12_d200,12,200,75,15000,9,80380817,L_SHADE_1_0_1
c1,large_matrix_factorization,large_matrix_factorization_i12_d200,12,200,75,15000,9,80380817,jSO
c1,large_matrix_factorization,large_matrix_factorization_i12_d200,12,200,75,15000,9,80380817,L_SRTDE
c1,large_matrix_factorization,large_matrix_factorization_i12_d200,12,200,75,15000,9,80380817,MS_LBFGSB
c1,large_matrix_factorization,large_matrix_factorization_i13_d320,13,320,75,24000,0,80390808,BasinGraph
c1,large_matrix_factorization,large_matrix_factorization_i13_d320,13,320,75,24000,0,80390808,CMA_ES
c1,large_matrix_factorization,large_matrix_factorization_i13_d320,13,320,75,24000,0,80390808,BIPOP_CMA_ES
c1,large_matrix_factorization,large_matrix_factorization_i13_d320,13,320,75,24000,0,80390808,L_SHADE_1_0_1
c1,large_matrix_factorization,large_matrix_factorization_i13_d320,13,320,75,24000,0,80390808,jSO
c1,large_matrix_factorization,large_matrix_factorization_i13_d320,13,320,75,24000,0,80390808,L_SRTDE
c1,large_matrix_factorization,large_matrix_factorization_i13_d320,13,320,75,24000,0,80390808,MS_LBFGSB
c1,large_matrix_factorization,large_matrix_factorization_i13_d320,13,320,75,24000,1,80390809,BasinGraph
c1,large_matrix_factorization,large_matrix_factorization_i13_d320,13,320,75,24000,1,80390809,CMA_ES
c1,large_matrix_factorization,large_matrix_factorization_i13_d320,13,320,75,24000,1,80390809,BIPOP_CMA_ES
c1,large_matrix_factorization,large_matrix_factorization_i13_d320,13,320,75,24000,1,80390809,L_SHADE_1_0_1
c1,large_matrix_factorization,large_matrix_factorization_i13_d320,13,320,75,24000,1,80390809,jSO
c1,large_matrix_factorization,large_matrix_factorization_i13_d320,13,320,75,24000,1,80390809,L_SRTDE
c1,large_matrix_factorization,large_matrix_factorization_i13_d320,13,320,75,24000,1,80390809,MS_LBFGSB
c1,large_matrix_factorization,large_matrix_factorization_i13_d320,13,320,75,24000,2,80390810,BasinGraph
c1,large_matrix_factorization,large_matrix_factorization_i13_d320,13,320,75,24000,2,80390810,CMA_ES
c1,large_matrix_factorization,large_matrix_factorization_i13_d320,13,320,75,24000,2,80390810,BIPOP_CMA_ES
c1,large_matrix_factorization,large_matrix_factorization_i13_d320,13,320,75,24000,2,80390810,L_SHADE_1_0_1
c1,large_matrix_factorization,large_matrix_factorization_i13_d320,13,320,75,24000,2,80390810,jSO
c1,large_matrix_factorization,large_matrix_factorization_i13_d320,13,320,75,24000,2,80390810,L_SRTDE
c1,large_matrix_factorization,large_matrix_factorization_i13_d320,13,320,75,24000,2,80390810,MS_LBFGSB
c1,large_matrix_factorization,large_matrix_factorization_i13_d320,13,320,75,24000,3,80390811,BasinGraph
c1,large_matrix_factorization,large_matrix_factorization_i13_d320,13,320,75,24000,3,80390811,CMA_ES
c1,large_matrix_factorization,large_matrix_factorization_i13_d320,13,320,75,24000,3,80390811,BIPOP_CMA_ES
c1,large_matrix_factorization,large_matrix_factorization_i13_d320,13,320,75,24000,3,80390811,L_SHADE_1_0_1
c1,large_matrix_factorization,large_matrix_factorization_i13_d320,13,320,75,24000,3,80390811,jSO
c1,large_matrix_factorization,large_matrix_factorization_i13_d320,13,320,75,24000,3,80390811,L_SRTDE
c1,large_matrix_factorization,large_matrix_factorization_i13_d320,13,320,75,24000,3,80390811,MS_LBFGSB
c1,large_matrix_factorization,large_matrix_factorization_i13_d320,13,320,75,24000,4,80390812,BasinGraph
c1,large_matrix_factorization,large_matrix_factorization_i13_d320,13,320,75,24000,4,80390812,CMA_ES
c1,large_matrix_factorization,large_matrix_factorization_i13_d320,13,320,75,24000,4,80390812,BIPOP_CMA_ES
c1,large_matrix_factorization,large_matrix_factorization_i13_d320,13,320,75,24000,4,80390812,L_SHADE_1_0_1
c1,large_matrix_factorization,large_matrix_factorization_i13_d320,13,320,75,24000,4,80390812,jSO
c1,large_matrix_factorization,large_matrix_factorization_i13_d320,13,320,75,24000,4,80390812,L_SRTDE
c1,large_matrix_factorization,large_matrix_factorization_i13_d320,13,320,75,24000,4,80390812,MS_LBFGSB
c1,large_matrix_factorization,large_matrix_factorization_i13_d320,13,320,75,24000,5,80390813,BasinGraph
c1,large_matrix_factorization,large_matrix_factorization_i13_d320,13,320,75,24000,5,80390813,CMA_ES
c1,large_matrix_factorization,large_matrix_factorization_i13_d320,13,320,75,24000,5,80390813,BIPOP_CMA_ES
c1,large_matrix_factorization,large_matrix_factorization_i13_d320,13,320,75,24000,5,80390813,L_SHADE_1_0_1
c1,large_matrix_factorization,large_matrix_factorization_i13_d320,13,320,75,24000,5,80390813,jSO
c1,large_matrix_factorization,large_matrix_factorization_i13_d320,13,320,75,24000,5,80390813,L_SRTDE
c1,large_matrix_factorization,large_matrix_factorization_i13_d320,13,320,75,24000,5,80390813,MS_LBFGSB
c1,large_matrix_factorization,large_matrix_factorization_i13_d320,13,320,75,24000,6,80390814,BasinGraph
c1,large_matrix_factorization,large_matrix_factorization_i13_d320,13,320,75,24000,6,80390814,CMA_ES
c1,large_matrix_factorization,large_matrix_factorization_i13_d320,13,320,75,24000,6,80390814,BIPOP_CMA_ES
c1,large_matrix_factorization,large_matrix_factorization_i13_d320,13,320,75,24000,6,80390814,L_SHADE_1_0_1
c1,large_matrix_factorization,large_matrix_factorization_i13_d320,13,320,75,24000,6,80390814,jSO
c1,large_matrix_factorization,large_matrix_factorization_i13_d320,13,320,75,24000,6,80390814,L_SRTDE
c1,large_matrix_factorization,large_matrix_factorization_i13_d320,13,320,75,24000,6,80390814,MS_LBFGSB
c1,large_matrix_factorization,large_matrix_factorization_i13_d320,13,320,75,24000,7,80390815,BasinGraph
c1,large_matrix_factorization,large_matrix_factorization_i13_d320,13,320,75,24000,7,80390815,CMA_ES
c1,large_matrix_factorization,large_matrix_factorization_i13_d320,13,320,75,24000,7,80390815,BIPOP_CMA_ES
c1,large_matrix_factorization,large_matrix_factorization_i13_d320,13,320,75,24000,7,80390815,L_SHADE_1_0_1
c1,large_matrix_factorization,large_matrix_factorization_i13_d320,13,320,75,24000,7,80390815,jSO
c1,large_matrix_factorization,large_matrix_factorization_i13_d320,13,320,75,24000,7,80390815,L_SRTDE
c1,large_matrix_factorization,large_matrix_factorization_i13_d320,13,320,75,24000,7,80390815,MS_LBFGSB
c1,large_matrix_factorization,large_matrix_factorization_i13_d320,13,320,75,24000,8,80390816,BasinGraph
c1,large_matrix_factorization,large_matrix_factorization_i13_d320,13,320,75,24000,8,80390816,CMA_ES
c1,large_matrix_factorization,large_matrix_factorization_i13_d320,13,320,75,24000,8,80390816,BIPOP_CMA_ES
c1,large_matrix_factorization,large_matrix_factorization_i13_d320,13,320,75,24000,8,80390816,L_SHADE_1_0_1
c1,large_matrix_factorization,large_matrix_factorization_i13_d320,13,320,75,24000,8,80390816,jSO
c1,large_matrix_factorization,large_matrix_factorization_i13_d320,13,320,75,24000,8,80390816,L_SRTDE
c1,large_matrix_factorization,large_matrix_factorization_i13_d320,13,320,75,24000,8,80390816,MS_LBFGSB
c1,large_matrix_factorization,large_matrix_factorization_i13_d320,13,320,75,24000,9,80390817,BasinGraph
c1,large_matrix_factorization,large_matrix_factorization_i13_d320,13,320,75,24000,9,80390817,CMA_ES
c1,large_matrix_factorization,large_matrix_factorization_i13_d320,13,320,75,24000,9,80390817,BIPOP_CMA_ES
c1,large_matrix_factorization,large_matrix_factorization_i13_d320,13,320,75,24000,9,80390817,L_SHADE_1_0_1
c1,large_matrix_factorization,large_matrix_factorization_i13_d320,13,320,75,24000,9,80390817,jSO
c1,large_matrix_factorization,large_matrix_factorization_i13_d320,13,320,75,24000,9,80390817,L_SRTDE
c1,large_matrix_factorization,large_matrix_factorization_i13_d320,13,320,75,24000,9,80390817,MS_LBFGSB
c1,burgers_control,burgers_control_i11_d8,11,8,200,1600,0,90370808,BasinGraph
c1,burgers_control,burgers_control_i11_d8,11,8,200,1600,0,90370808,CMA_ES
c1,burgers_control,burgers_control_i11_d8,11,8,200,1600,0,90370808,BIPOP_CMA_ES
c1,burgers_control,burgers_control_i11_d8,11,8,200,1600,0,90370808,L_SHADE_1_0_1
c1,burgers_control,burgers_control_i11_d8,11,8,200,1600,0,90370808,jSO
c1,burgers_control,burgers_control_i11_d8,11,8,200,1600,0,90370808,L_SRTDE
c1,burgers_control,burgers_control_i11_d8,11,8,200,1600,0,90370808,MS_LBFGSB
c1,burgers_control,burgers_control_i11_d8,11,8,200,1600,1,90370809,BasinGraph
c1,burgers_control,burgers_control_i11_d8,11,8,200,1600,1,90370809,CMA_ES
c1,burgers_control,burgers_control_i11_d8,11,8,200,1600,1,90370809,BIPOP_CMA_ES
c1,burgers_control,burgers_control_i11_d8,11,8,200,1600,1,90370809,L_SHADE_1_0_1
c1,burgers_control,burgers_control_i11_d8,11,8,200,1600,1,90370809,jSO
c1,burgers_control,burgers_control_i11_d8,11,8,200,1600,1,90370809,L_SRTDE
c1,burgers_control,burgers_control_i11_d8,11,8,200,1600,1,90370809,MS_LBFGSB
c1,burgers_control,burgers_control_i11_d8,11,8,200,1600,2,90370810,BasinGraph
c1,burgers_control,burgers_control_i11_d8,11,8,200,1600,2,90370810,CMA_ES
c1,burgers_control,burgers_control_i11_d8,11,8,200,1600,2,90370810,BIPOP_CMA_ES
c1,burgers_control,burgers_control_i11_d8,11,8,200,1600,2,90370810,L_SHADE_1_0_1
c1,burgers_control,burgers_control_i11_d8,11,8,200,1600,2,90370810,jSO
c1,burgers_control,burgers_control_i11_d8,11,8,200,1600,2,90370810,L_SRTDE
c1,burgers_control,burgers_control_i11_d8,11,8,200,1600,2,90370810,MS_LBFGSB
c1,burgers_control,burgers_control_i11_d8,11,8,200,1600,3,90370811,BasinGraph
c1,burgers_control,burgers_control_i11_d8,11,8,200,1600,3,90370811,CMA_ES
c1,burgers_control,burgers_control_i11_d8,11,8,200,1600,3,90370811,BIPOP_CMA_ES
c1,burgers_control,burgers_control_i11_d8,11,8,200,1600,3,90370811,L_SHADE_1_0_1
c1,burgers_control,burgers_control_i11_d8,11,8,200,1600,3,90370811,jSO
c1,burgers_control,burgers_control_i11_d8,11,8,200,1600,3,90370811,L_SRTDE
c1,burgers_control,burgers_control_i11_d8,11,8,200,1600,3,90370811,MS_LBFGSB
c1,burgers_control,burgers_control_i11_d8,11,8,200,1600,4,90370812,BasinGraph
c1,burgers_control,burgers_control_i11_d8,11,8,200,1600,4,90370812,CMA_ES
c1,burgers_control,burgers_control_i11_d8,11,8,200,1600,4,90370812,BIPOP_CMA_ES
c1,burgers_control,burgers_control_i11_d8,11,8,200,1600,4,90370812,L_SHADE_1_0_1
c1,burgers_control,burgers_control_i11_d8,11,8,200,1600,4,90370812,jSO
c1,burgers_control,burgers_control_i11_d8,11,8,200,1600,4,90370812,L_SRTDE
c1,burgers_control,burgers_control_i11_d8,11,8,200,1600,4,90370812,MS_LBFGSB
c1,burgers_control,burgers_control_i11_d8,11,8,200,1600,5,90370813,BasinGraph
c1,burgers_control,burgers_control_i11_d8,11,8,200,1600,5,90370813,CMA_ES
c1,burgers_control,burgers_control_i11_d8,11,8,200,1600,5,90370813,BIPOP_CMA_ES
c1,burgers_control,burgers_control_i11_d8,11,8,200,1600,5,90370813,L_SHADE_1_0_1
c1,burgers_control,burgers_control_i11_d8,11,8,200,1600,5,90370813,jSO
c1,burgers_control,burgers_control_i11_d8,11,8,200,1600,5,90370813,L_SRTDE
c1,burgers_control,burgers_control_i11_d8,11,8,200,1600,5,90370813,MS_LBFGSB
c1,burgers_control,burgers_control_i11_d8,11,8,200,1600,6,90370814,BasinGraph
c1,burgers_control,burgers_control_i11_d8,11,8,200,1600,6,90370814,CMA_ES
c1,burgers_control,burgers_control_i11_d8,11,8,200,1600,6,90370814,BIPOP_CMA_ES
c1,burgers_control,burgers_control_i11_d8,11,8,200,1600,6,90370814,L_SHADE_1_0_1
c1,burgers_control,burgers_control_i11_d8,11,8,200,1600,6,90370814,jSO
c1,burgers_control,burgers_control_i11_d8,11,8,200,1600,6,90370814,L_SRTDE
c1,burgers_control,burgers_control_i11_d8,11,8,200,1600,6,90370814,MS_LBFGSB
c1,burgers_control,burgers_control_i11_d8,11,8,200,1600,7,90370815,BasinGraph
c1,burgers_control,burgers_control_i11_d8,11,8,200,1600,7,90370815,CMA_ES
c1,burgers_control,burgers_control_i11_d8,11,8,200,1600,7,90370815,BIPOP_CMA_ES
c1,burgers_control,burgers_control_i11_d8,11,8,200,1600,7,90370815,L_SHADE_1_0_1
c1,burgers_control,burgers_control_i11_d8,11,8,200,1600,7,90370815,jSO
c1,burgers_control,burgers_control_i11_d8,11,8,200,1600,7,90370815,L_SRTDE
c1,burgers_control,burgers_control_i11_d8,11,8,200,1600,7,90370815,MS_LBFGSB
c1,burgers_control,burgers_control_i11_d8,11,8,200,1600,8,90370816,BasinGraph
c1,burgers_control,burgers_control_i11_d8,11,8,200,1600,8,90370816,CMA_ES
c1,burgers_control,burgers_control_i11_d8,11,8,200,1600,8,90370816,BIPOP_CMA_ES
c1,burgers_control,burgers_control_i11_d8,11,8,200,1600,8,90370816,L_SHADE_1_0_1
c1,burgers_control,burgers_control_i11_d8,11,8,200,1600,8,90370816,jSO
c1,burgers_control,burgers_control_i11_d8,11,8,200,1600,8,90370816,L_SRTDE
c1,burgers_control,burgers_control_i11_d8,11,8,200,1600,8,90370816,MS_LBFGSB
c1,burgers_control,burgers_control_i11_d8,11,8,200,1600,9,90370817,BasinGraph
c1,burgers_control,burgers_control_i11_d8,11,8,200,1600,9,90370817,CMA_ES
c1,burgers_control,burgers_control_i11_d8,11,8,200,1600,9,90370817,BIPOP_CMA_ES
c1,burgers_control,burgers_control_i11_d8,11,8,200,1600,9,90370817,L_SHADE_1_0_1
c1,burgers_control,burgers_control_i11_d8,11,8,200,1600,9,90370817,jSO
c1,burgers_control,burgers_control_i11_d8,11,8,200,1600,9,90370817,L_SRTDE
c1,burgers_control,burgers_control_i11_d8,11,8,200,1600,9,90370817,MS_LBFGSB
c1,burgers_control,burgers_control_i12_d12,12,12,200,2400,0,90380808,BasinGraph
c1,burgers_control,burgers_control_i12_d12,12,12,200,2400,0,90380808,CMA_ES
c1,burgers_control,burgers_control_i12_d12,12,12,200,2400,0,90380808,BIPOP_CMA_ES
c1,burgers_control,burgers_control_i12_d12,12,12,200,2400,0,90380808,L_SHADE_1_0_1
c1,burgers_control,burgers_control_i12_d12,12,12,200,2400,0,90380808,jSO
c1,burgers_control,burgers_control_i12_d12,12,12,200,2400,0,90380808,L_SRTDE
c1,burgers_control,burgers_control_i12_d12,12,12,200,2400,0,90380808,MS_LBFGSB
c1,burgers_control,burgers_control_i12_d12,12,12,200,2400,1,90380809,BasinGraph
c1,burgers_control,burgers_control_i12_d12,12,12,200,2400,1,90380809,CMA_ES
c1,burgers_control,burgers_control_i12_d12,12,12,200,2400,1,90380809,BIPOP_CMA_ES
c1,burgers_control,burgers_control_i12_d12,12,12,200,2400,1,90380809,L_SHADE_1_0_1
c1,burgers_control,burgers_control_i12_d12,12,12,200,2400,1,90380809,jSO
c1,burgers_control,burgers_control_i12_d12,12,12,200,2400,1,90380809,L_SRTDE
c1,burgers_control,burgers_control_i12_d12,12,12,200,2400,1,90380809,MS_LBFGSB
c1,burgers_control,burgers_control_i12_d12,12,12,200,2400,2,90380810,BasinGraph
c1,burgers_control,burgers_control_i12_d12,12,12,200,2400,2,90380810,CMA_ES
c1,burgers_control,burgers_control_i12_d12,12,12,200,2400,2,90380810,BIPOP_CMA_ES
c1,burgers_control,burgers_control_i12_d12,12,12,200,2400,2,90380810,L_SHADE_1_0_1
c1,burgers_control,burgers_control_i12_d12,12,12,200,2400,2,90380810,jSO
c1,burgers_control,burgers_control_i12_d12,12,12,200,2400,2,90380810,L_SRTDE
c1,burgers_control,burgers_control_i12_d12,12,12,200,2400,2,90380810,MS_LBFGSB
c1,burgers_control,burgers_control_i12_d12,12,12,200,2400,3,90380811,BasinGraph
c1,burgers_control,burgers_control_i12_d12,12,12,200,2400,3,90380811,CMA_ES
c1,burgers_control,burgers_control_i12_d12,12,12,200,2400,3,90380811,BIPOP_CMA_ES
c1,burgers_control,burgers_control_i12_d12,12,12,200,2400,3,90380811,L_SHADE_1_0_1
c1,burgers_control,burgers_control_i12_d12,12,12,200,2400,3,90380811,jSO
c1,burgers_control,burgers_control_i12_d12,12,12,200,2400,3,90380811,L_SRTDE
c1,burgers_control,burgers_control_i12_d12,12,12,200,2400,3,90380811,MS_LBFGSB
c1,burgers_control,burgers_control_i12_d12,12,12,200,2400,4,90380812,BasinGraph
c1,burgers_control,burgers_control_i12_d12,12,12,200,2400,4,90380812,CMA_ES
c1,burgers_control,burgers_control_i12_d12,12,12,200,2400,4,90380812,BIPOP_CMA_ES
c1,burgers_control,burgers_control_i12_d12,12,12,200,2400,4,90380812,L_SHADE_1_0_1
c1,burgers_control,burgers_control_i12_d12,12,12,200,2400,4,90380812,jSO
c1,burgers_control,burgers_control_i12_d12,12,12,200,2400,4,90380812,L_SRTDE
c1,burgers_control,burgers_control_i12_d12,12,12,200,2400,4,90380812,MS_LBFGSB
c1,burgers_control,burgers_control_i12_d12,12,12,200,2400,5,90380813,BasinGraph
c1,burgers_control,burgers_control_i12_d12,12,12,200,2400,5,90380813,CMA_ES
c1,burgers_control,burgers_control_i12_d12,12,12,200,2400,5,90380813,BIPOP_CMA_ES
c1,burgers_control,burgers_control_i12_d12,12,12,200,2400,5,90380813,L_SHADE_1_0_1
c1,burgers_control,burgers_control_i12_d12,12,12,200,2400,5,90380813,jSO
c1,burgers_control,burgers_control_i12_d12,12,12,200,2400,5,90380813,L_SRTDE
c1,burgers_control,burgers_control_i12_d12,12,12,200,2400,5,90380813,MS_LBFGSB
c1,burgers_control,burgers_control_i12_d12,12,12,200,2400,6,90380814,BasinGraph
c1,burgers_control,burgers_control_i12_d12,12,12,200,2400,6,90380814,CMA_ES
c1,burgers_control,burgers_control_i12_d12,12,12,200,2400,6,90380814,BIPOP_CMA_ES
c1,burgers_control,burgers_control_i12_d12,12,12,200,2400,6,90380814,L_SHADE_1_0_1
c1,burgers_control,burgers_control_i12_d12,12,12,200,2400,6,90380814,jSO
c1,burgers_control,burgers_control_i12_d12,12,12,200,2400,6,90380814,L_SRTDE
c1,burgers_control,burgers_control_i12_d12,12,12,200,2400,6,90380814,MS_LBFGSB
c1,burgers_control,burgers_control_i12_d12,12,12,200,2400,7,90380815,BasinGraph
c1,burgers_control,burgers_control_i12_d12,12,12,200,2400,7,90380815,CMA_ES
c1,burgers_control,burgers_control_i12_d12,12,12,200,2400,7,90380815,BIPOP_CMA_ES
c1,burgers_control,burgers_control_i12_d12,12,12,200,2400,7,90380815,L_SHADE_1_0_1
c1,burgers_control,burgers_control_i12_d12,12,12,200,2400,7,90380815,jSO
c1,burgers_control,burgers_control_i12_d12,12,12,200,2400,7,90380815,L_SRTDE
c1,burgers_control,burgers_control_i12_d12,12,12,200,2400,7,90380815,MS_LBFGSB
c1,burgers_control,burgers_control_i12_d12,12,12,200,2400,8,90380816,BasinGraph
c1,burgers_control,burgers_control_i12_d12,12,12,200,2400,8,90380816,CMA_ES
c1,burgers_control,burgers_control_i12_d12,12,12,200,2400,8,90380816,BIPOP_CMA_ES
c1,burgers_control,burgers_control_i12_d12,12,12,200,2400,8,90380816,L_SHADE_1_0_1
c1,burgers_control,burgers_control_i12_d12,12,12,200,2400,8,90380816,jSO
c1,burgers_control,burgers_control_i12_d12,12,12,200,2400,8,90380816,L_SRTDE
c1,burgers_control,burgers_control_i12_d12,12,12,200,2400,8,90380816,MS_LBFGSB
c1,burgers_control,burgers_control_i12_d12,12,12,200,2400,9,90380817,BasinGraph
c1,burgers_control,burgers_control_i12_d12,12,12,200,2400,9,90380817,CMA_ES
c1,burgers_control,burgers_control_i12_d12,12,12,200,2400,9,90380817,BIPOP_CMA_ES
c1,burgers_control,burgers_control_i12_d12,12,12,200,2400,9,90380817,L_SHADE_1_0_1
c1,burgers_control,burgers_control_i12_d12,12,12,200,2400,9,90380817,jSO
c1,burgers_control,burgers_control_i12_d12,12,12,200,2400,9,90380817,L_SRTDE
c1,burgers_control,burgers_control_i12_d12,12,12,200,2400,9,90380817,MS_LBFGSB
c1,burgers_control,burgers_control_i13_d16,13,16,200,3200,0,90390808,BasinGraph
c1,burgers_control,burgers_control_i13_d16,13,16,200,3200,0,90390808,CMA_ES
c1,burgers_control,burgers_control_i13_d16,13,16,200,3200,0,90390808,BIPOP_CMA_ES
c1,burgers_control,burgers_control_i13_d16,13,16,200,3200,0,90390808,L_SHADE_1_0_1
c1,burgers_control,burgers_control_i13_d16,13,16,200,3200,0,90390808,jSO
c1,burgers_control,burgers_control_i13_d16,13,16,200,3200,0,90390808,L_SRTDE
c1,burgers_control,burgers_control_i13_d16,13,16,200,3200,0,90390808,MS_LBFGSB
c1,burgers_control,burgers_control_i13_d16,13,16,200,3200,1,90390809,BasinGraph
c1,burgers_control,burgers_control_i13_d16,13,16,200,3200,1,90390809,CMA_ES
c1,burgers_control,burgers_control_i13_d16,13,16,200,3200,1,90390809,BIPOP_CMA_ES
c1,burgers_control,burgers_control_i13_d16,13,16,200,3200,1,90390809,L_SHADE_1_0_1
c1,burgers_control,burgers_control_i13_d16,13,16,200,3200,1,90390809,jSO
c1,burgers_control,burgers_control_i13_d16,13,16,200,3200,1,90390809,L_SRTDE
c1,burgers_control,burgers_control_i13_d16,13,16,200,3200,1,90390809,MS_LBFGSB
c1,burgers_control,burgers_control_i13_d16,13,16,200,3200,2,90390810,BasinGraph
c1,burgers_control,burgers_control_i13_d16,13,16,200,3200,2,90390810,CMA_ES
c1,burgers_control,burgers_control_i13_d16,13,16,200,3200,2,90390810,BIPOP_CMA_ES
c1,burgers_control,burgers_control_i13_d16,13,16,200,3200,2,90390810,L_SHADE_1_0_1
c1,burgers_control,burgers_control_i13_d16,13,16,200,3200,2,90390810,jSO
c1,burgers_control,burgers_control_i13_d16,13,16,200,3200,2,90390810,L_SRTDE
c1,burgers_control,burgers_control_i13_d16,13,16,200,3200,2,90390810,MS_LBFGSB
c1,burgers_control,burgers_control_i13_d16,13,16,200,3200,3,90390811,BasinGraph
c1,burgers_control,burgers_control_i13_d16,13,16,200,3200,3,90390811,CMA_ES
c1,burgers_control,burgers_control_i13_d16,13,16,200,3200,3,90390811,BIPOP_CMA_ES
c1,burgers_control,burgers_control_i13_d16,13,16,200,3200,3,90390811,L_SHADE_1_0_1
c1,burgers_control,burgers_control_i13_d16,13,16,200,3200,3,90390811,jSO
c1,burgers_control,burgers_control_i13_d16,13,16,200,3200,3,90390811,L_SRTDE
c1,burgers_control,burgers_control_i13_d16,13,16,200,3200,3,90390811,MS_LBFGSB
c1,burgers_control,burgers_control_i13_d16,13,16,200,3200,4,90390812,BasinGraph
c1,burgers_control,burgers_control_i13_d16,13,16,200,3200,4,90390812,CMA_ES
c1,burgers_control,burgers_control_i13_d16,13,16,200,3200,4,90390812,BIPOP_CMA_ES
c1,burgers_control,burgers_control_i13_d16,13,16,200,3200,4,90390812,L_SHADE_1_0_1
c1,burgers_control,burgers_control_i13_d16,13,16,200,3200,4,90390812,jSO
c1,burgers_control,burgers_control_i13_d16,13,16,200,3200,4,90390812,L_SRTDE
c1,burgers_control,burgers_control_i13_d16,13,16,200,3200,4,90390812,MS_LBFGSB
c1,burgers_control,burgers_control_i13_d16,13,16,200,3200,5,90390813,BasinGraph
c1,burgers_control,burgers_control_i13_d16,13,16,200,3200,5,90390813,CMA_ES
c1,burgers_control,burgers_control_i13_d16,13,16,200,3200,5,90390813,BIPOP_CMA_ES
c1,burgers_control,burgers_control_i13_d16,13,16,200,3200,5,90390813,L_SHADE_1_0_1
c1,burgers_control,burgers_control_i13_d16,13,16,200,3200,5,90390813,jSO
c1,burgers_control,burgers_control_i13_d16,13,16,200,3200,5,90390813,L_SRTDE
c1,burgers_control,burgers_control_i13_d16,13,16,200,3200,5,90390813,MS_LBFGSB
c1,burgers_control,burgers_control_i13_d16,13,16,200,3200,6,90390814,BasinGraph
c1,burgers_control,burgers_control_i13_d16,13,16,200,3200,6,90390814,CMA_ES
c1,burgers_control,burgers_control_i13_d16,13,16,200,3200,6,90390814,BIPOP_CMA_ES
c1,burgers_control,burgers_control_i13_d16,13,16,200,3200,6,90390814,L_SHADE_1_0_1
c1,burgers_control,burgers_control_i13_d16,13,16,200,3200,6,90390814,jSO
c1,burgers_control,burgers_control_i13_d16,13,16,200,3200,6,90390814,L_SRTDE
c1,burgers_control,burgers_control_i13_d16,13,16,200,3200,6,90390814,MS_LBFGSB
c1,burgers_control,burgers_control_i13_d16,13,16,200,3200,7,90390815,BasinGraph
c1,burgers_control,burgers_control_i13_d16,13,16,200,3200,7,90390815,CMA_ES
c1,burgers_control,burgers_control_i13_d16,13,16,200,3200,7,90390815,BIPOP_CMA_ES
c1,burgers_control,burgers_control_i13_d16,13,16,200,3200,7,90390815,L_SHADE_1_0_1
c1,burgers_control,burgers_control_i13_d16,13,16,200,3200,7,90390815,jSO
c1,burgers_control,burgers_control_i13_d16,13,16,200,3200,7,90390815,L_SRTDE
c1,burgers_control,burgers_control_i13_d16,13,16,200,3200,7,90390815,MS_LBFGSB
c1,burgers_control,burgers_control_i13_d16,13,16,200,3200,8,90390816,BasinGraph
c1,burgers_control,burgers_control_i13_d16,13,16,200,3200,8,90390816,CMA_ES
c1,burgers_control,burgers_control_i13_d16,13,16,200,3200,8,90390816,BIPOP_CMA_ES
c1,burgers_control,burgers_control_i13_d16,13,16,200,3200,8,90390816,L_SHADE_1_0_1
c1,burgers_control,burgers_control_i13_d16,13,16,200,3200,8,90390816,jSO
c1,burgers_control,burgers_control_i13_d16,13,16,200,3200,8,90390816,L_SRTDE
c1,burgers_control,burgers_control_i13_d16,13,16,200,3200,8,90390816,MS_LBFGSB
c1,burgers_control,burgers_control_i13_d16,13,16,200,3200,9,90390817,BasinGraph
c1,burgers_control,burgers_control_i13_d16,13,16,200,3200,9,90390817,CMA_ES
c1,burgers_control,burgers_control_i13_d16,13,16,200,3200,9,90390817,BIPOP_CMA_ES
c1,burgers_control,burgers_control_i13_d16,13,16,200,3200,9,90390817,L_SHADE_1_0_1
c1,burgers_control,burgers_control_i13_d16,13,16,200,3200,9,90390817,jSO
c1,burgers_control,burgers_control_i13_d16,13,16,200,3200,9,90390817,L_SRTDE
c1,burgers_control,burgers_control_i13_d16,13,16,200,3200,9,90390817,MS_LBFGSB
c1,allen_cahn_energy,allen_cahn_energy_i11_d32,11,32,100,3200,0,100370808,BasinGraph
c1,allen_cahn_energy,allen_cahn_energy_i11_d32,11,32,100,3200,0,100370808,CMA_ES
c1,allen_cahn_energy,allen_cahn_energy_i11_d32,11,32,100,3200,0,100370808,BIPOP_CMA_ES
c1,allen_cahn_energy,allen_cahn_energy_i11_d32,11,32,100,3200,0,100370808,L_SHADE_1_0_1
c1,allen_cahn_energy,allen_cahn_energy_i11_d32,11,32,100,3200,0,100370808,jSO
c1,allen_cahn_energy,allen_cahn_energy_i11_d32,11,32,100,3200,0,100370808,L_SRTDE
c1,allen_cahn_energy,allen_cahn_energy_i11_d32,11,32,100,3200,0,100370808,MS_LBFGSB
c1,allen_cahn_energy,allen_cahn_energy_i11_d32,11,32,100,3200,1,100370809,BasinGraph
c1,allen_cahn_energy,allen_cahn_energy_i11_d32,11,32,100,3200,1,100370809,CMA_ES
c1,allen_cahn_energy,allen_cahn_energy_i11_d32,11,32,100,3200,1,100370809,BIPOP_CMA_ES
c1,allen_cahn_energy,allen_cahn_energy_i11_d32,11,32,100,3200,1,100370809,L_SHADE_1_0_1
c1,allen_cahn_energy,allen_cahn_energy_i11_d32,11,32,100,3200,1,100370809,jSO
c1,allen_cahn_energy,allen_cahn_energy_i11_d32,11,32,100,3200,1,100370809,L_SRTDE
c1,allen_cahn_energy,allen_cahn_energy_i11_d32,11,32,100,3200,1,100370809,MS_LBFGSB
c1,allen_cahn_energy,allen_cahn_energy_i11_d32,11,32,100,3200,2,100370810,BasinGraph
c1,allen_cahn_energy,allen_cahn_energy_i11_d32,11,32,100,3200,2,100370810,CMA_ES
c1,allen_cahn_energy,allen_cahn_energy_i11_d32,11,32,100,3200,2,100370810,BIPOP_CMA_ES
c1,allen_cahn_energy,allen_cahn_energy_i11_d32,11,32,100,3200,2,100370810,L_SHADE_1_0_1
c1,allen_cahn_energy,allen_cahn_energy_i11_d32,11,32,100,3200,2,100370810,jSO
c1,allen_cahn_energy,allen_cahn_energy_i11_d32,11,32,100,3200,2,100370810,L_SRTDE
c1,allen_cahn_energy,allen_cahn_energy_i11_d32,11,32,100,3200,2,100370810,MS_LBFGSB
c1,allen_cahn_energy,allen_cahn_energy_i11_d32,11,32,100,3200,3,100370811,BasinGraph
c1,allen_cahn_energy,allen_cahn_energy_i11_d32,11,32,100,3200,3,100370811,CMA_ES
c1,allen_cahn_energy,allen_cahn_energy_i11_d32,11,32,100,3200,3,100370811,BIPOP_CMA_ES
c1,allen_cahn_energy,allen_cahn_energy_i11_d32,11,32,100,3200,3,100370811,L_SHADE_1_0_1
c1,allen_cahn_energy,allen_cahn_energy_i11_d32,11,32,100,3200,3,100370811,jSO
c1,allen_cahn_energy,allen_cahn_energy_i11_d32,11,32,100,3200,3,100370811,L_SRTDE
c1,allen_cahn_energy,allen_cahn_energy_i11_d32,11,32,100,3200,3,100370811,MS_LBFGSB
c1,allen_cahn_energy,allen_cahn_energy_i11_d32,11,32,100,3200,4,100370812,BasinGraph
c1,allen_cahn_energy,allen_cahn_energy_i11_d32,11,32,100,3200,4,100370812,CMA_ES
c1,allen_cahn_energy,allen_cahn_energy_i11_d32,11,32,100,3200,4,100370812,BIPOP_CMA_ES
c1,allen_cahn_energy,allen_cahn_energy_i11_d32,11,32,100,3200,4,100370812,L_SHADE_1_0_1
c1,allen_cahn_energy,allen_cahn_energy_i11_d32,11,32,100,3200,4,100370812,jSO
c1,allen_cahn_energy,allen_cahn_energy_i11_d32,11,32,100,3200,4,100370812,L_SRTDE
c1,allen_cahn_energy,allen_cahn_energy_i11_d32,11,32,100,3200,4,100370812,MS_LBFGSB
c1,allen_cahn_energy,allen_cahn_energy_i11_d32,11,32,100,3200,5,100370813,BasinGraph
c1,allen_cahn_energy,allen_cahn_energy_i11_d32,11,32,100,3200,5,100370813,CMA_ES
c1,allen_cahn_energy,allen_cahn_energy_i11_d32,11,32,100,3200,5,100370813,BIPOP_CMA_ES
c1,allen_cahn_energy,allen_cahn_energy_i11_d32,11,32,100,3200,5,100370813,L_SHADE_1_0_1
c1,allen_cahn_energy,allen_cahn_energy_i11_d32,11,32,100,3200,5,100370813,jSO
c1,allen_cahn_energy,allen_cahn_energy_i11_d32,11,32,100,3200,5,100370813,L_SRTDE
c1,allen_cahn_energy,allen_cahn_energy_i11_d32,11,32,100,3200,5,100370813,MS_LBFGSB
c1,allen_cahn_energy,allen_cahn_energy_i11_d32,11,32,100,3200,6,100370814,BasinGraph
c1,allen_cahn_energy,allen_cahn_energy_i11_d32,11,32,100,3200,6,100370814,CMA_ES
c1,allen_cahn_energy,allen_cahn_energy_i11_d32,11,32,100,3200,6,100370814,BIPOP_CMA_ES
c1,allen_cahn_energy,allen_cahn_energy_i11_d32,11,32,100,3200,6,100370814,L_SHADE_1_0_1
c1,allen_cahn_energy,allen_cahn_energy_i11_d32,11,32,100,3200,6,100370814,jSO
c1,allen_cahn_energy,allen_cahn_energy_i11_d32,11,32,100,3200,6,100370814,L_SRTDE
c1,allen_cahn_energy,allen_cahn_energy_i11_d32,11,32,100,3200,6,100370814,MS_LBFGSB
c1,allen_cahn_energy,allen_cahn_energy_i11_d32,11,32,100,3200,7,100370815,BasinGraph
c1,allen_cahn_energy,allen_cahn_energy_i11_d32,11,32,100,3200,7,100370815,CMA_ES
c1,allen_cahn_energy,allen_cahn_energy_i11_d32,11,32,100,3200,7,100370815,BIPOP_CMA_ES
c1,allen_cahn_energy,allen_cahn_energy_i11_d32,11,32,100,3200,7,100370815,L_SHADE_1_0_1
c1,allen_cahn_energy,allen_cahn_energy_i11_d32,11,32,100,3200,7,100370815,jSO
c1,allen_cahn_energy,allen_cahn_energy_i11_d32,11,32,100,3200,7,100370815,L_SRTDE
c1,allen_cahn_energy,allen_cahn_energy_i11_d32,11,32,100,3200,7,100370815,MS_LBFGSB
c1,allen_cahn_energy,allen_cahn_energy_i11_d32,11,32,100,3200,8,100370816,BasinGraph
c1,allen_cahn_energy,allen_cahn_energy_i11_d32,11,32,100,3200,8,100370816,CMA_ES
c1,allen_cahn_energy,allen_cahn_energy_i11_d32,11,32,100,3200,8,100370816,BIPOP_CMA_ES
c1,allen_cahn_energy,allen_cahn_energy_i11_d32,11,32,100,3200,8,100370816,L_SHADE_1_0_1
c1,allen_cahn_energy,allen_cahn_energy_i11_d32,11,32,100,3200,8,100370816,jSO
c1,allen_cahn_energy,allen_cahn_energy_i11_d32,11,32,100,3200,8,100370816,L_SRTDE
c1,allen_cahn_energy,allen_cahn_energy_i11_d32,11,32,100,3200,8,100370816,MS_LBFGSB
c1,allen_cahn_energy,allen_cahn_energy_i11_d32,11,32,100,3200,9,100370817,BasinGraph
c1,allen_cahn_energy,allen_cahn_energy_i11_d32,11,32,100,3200,9,100370817,CMA_ES
c1,allen_cahn_energy,allen_cahn_energy_i11_d32,11,32,100,3200,9,100370817,BIPOP_CMA_ES
c1,allen_cahn_energy,allen_cahn_energy_i11_d32,11,32,100,3200,9,100370817,L_SHADE_1_0_1
c1,allen_cahn_energy,allen_cahn_energy_i11_d32,11,32,100,3200,9,100370817,jSO
c1,allen_cahn_energy,allen_cahn_energy_i11_d32,11,32,100,3200,9,100370817,L_SRTDE
c1,allen_cahn_energy,allen_cahn_energy_i11_d32,11,32,100,3200,9,100370817,MS_LBFGSB
c1,allen_cahn_energy,allen_cahn_energy_i12_d64,12,64,100,6400,0,100380808,BasinGraph
c1,allen_cahn_energy,allen_cahn_energy_i12_d64,12,64,100,6400,0,100380808,CMA_ES
c1,allen_cahn_energy,allen_cahn_energy_i12_d64,12,64,100,6400,0,100380808,BIPOP_CMA_ES
c1,allen_cahn_energy,allen_cahn_energy_i12_d64,12,64,100,6400,0,100380808,L_SHADE_1_0_1
c1,allen_cahn_energy,allen_cahn_energy_i12_d64,12,64,100,6400,0,100380808,jSO
c1,allen_cahn_energy,allen_cahn_energy_i12_d64,12,64,100,6400,0,100380808,L_SRTDE
c1,allen_cahn_energy,allen_cahn_energy_i12_d64,12,64,100,6400,0,100380808,MS_LBFGSB
c1,allen_cahn_energy,allen_cahn_energy_i12_d64,12,64,100,6400,1,100380809,BasinGraph
c1,allen_cahn_energy,allen_cahn_energy_i12_d64,12,64,100,6400,1,100380809,CMA_ES
c1,allen_cahn_energy,allen_cahn_energy_i12_d64,12,64,100,6400,1,100380809,BIPOP_CMA_ES
c1,allen_cahn_energy,allen_cahn_energy_i12_d64,12,64,100,6400,1,100380809,L_SHADE_1_0_1
c1,allen_cahn_energy,allen_cahn_energy_i12_d64,12,64,100,6400,1,100380809,jSO
c1,allen_cahn_energy,allen_cahn_energy_i12_d64,12,64,100,6400,1,100380809,L_SRTDE
c1,allen_cahn_energy,allen_cahn_energy_i12_d64,12,64,100,6400,1,100380809,MS_LBFGSB
c1,allen_cahn_energy,allen_cahn_energy_i12_d64,12,64,100,6400,2,100380810,BasinGraph
c1,allen_cahn_energy,allen_cahn_energy_i12_d64,12,64,100,6400,2,100380810,CMA_ES
c1,allen_cahn_energy,allen_cahn_energy_i12_d64,12,64,100,6400,2,100380810,BIPOP_CMA_ES
c1,allen_cahn_energy,allen_cahn_energy_i12_d64,12,64,100,6400,2,100380810,L_SHADE_1_0_1
c1,allen_cahn_energy,allen_cahn_energy_i12_d64,12,64,100,6400,2,100380810,jSO
c1,allen_cahn_energy,allen_cahn_energy_i12_d64,12,64,100,6400,2,100380810,L_SRTDE
c1,allen_cahn_energy,allen_cahn_energy_i12_d64,12,64,100,6400,2,100380810,MS_LBFGSB
c1,allen_cahn_energy,allen_cahn_energy_i12_d64,12,64,100,6400,3,100380811,BasinGraph
c1,allen_cahn_energy,allen_cahn_energy_i12_d64,12,64,100,6400,3,100380811,CMA_ES
c1,allen_cahn_energy,allen_cahn_energy_i12_d64,12,64,100,6400,3,100380811,BIPOP_CMA_ES
c1,allen_cahn_energy,allen_cahn_energy_i12_d64,12,64,100,6400,3,100380811,L_SHADE_1_0_1
c1,allen_cahn_energy,allen_cahn_energy_i12_d64,12,64,100,6400,3,100380811,jSO
c1,allen_cahn_energy,allen_cahn_energy_i12_d64,12,64,100,6400,3,100380811,L_SRTDE
c1,allen_cahn_energy,allen_cahn_energy_i12_d64,12,64,100,6400,3,100380811,MS_LBFGSB
c1,allen_cahn_energy,allen_cahn_energy_i12_d64,12,64,100,6400,4,100380812,BasinGraph
c1,allen_cahn_energy,allen_cahn_energy_i12_d64,12,64,100,6400,4,100380812,CMA_ES
c1,allen_cahn_energy,allen_cahn_energy_i12_d64,12,64,100,6400,4,100380812,BIPOP_CMA_ES
c1,allen_cahn_energy,allen_cahn_energy_i12_d64,12,64,100,6400,4,100380812,L_SHADE_1_0_1
c1,allen_cahn_energy,allen_cahn_energy_i12_d64,12,64,100,6400,4,100380812,jSO
c1,allen_cahn_energy,allen_cahn_energy_i12_d64,12,64,100,6400,4,100380812,L_SRTDE
c1,allen_cahn_energy,allen_cahn_energy_i12_d64,12,64,100,6400,4,100380812,MS_LBFGSB
c1,allen_cahn_energy,allen_cahn_energy_i12_d64,12,64,100,6400,5,100380813,BasinGraph
c1,allen_cahn_energy,allen_cahn_energy_i12_d64,12,64,100,6400,5,100380813,CMA_ES
c1,allen_cahn_energy,allen_cahn_energy_i12_d64,12,64,100,6400,5,100380813,BIPOP_CMA_ES
c1,allen_cahn_energy,allen_cahn_energy_i12_d64,12,64,100,6400,5,100380813,L_SHADE_1_0_1
c1,allen_cahn_energy,allen_cahn_energy_i12_d64,12,64,100,6400,5,100380813,jSO
c1,allen_cahn_energy,allen_cahn_energy_i12_d64,12,64,100,6400,5,100380813,L_SRTDE
c1,allen_cahn_energy,allen_cahn_energy_i12_d64,12,64,100,6400,5,100380813,MS_LBFGSB
c1,allen_cahn_energy,allen_cahn_energy_i12_d64,12,64,100,6400,6,100380814,BasinGraph
c1,allen_cahn_energy,allen_cahn_energy_i12_d64,12,64,100,6400,6,100380814,CMA_ES
c1,allen_cahn_energy,allen_cahn_energy_i12_d64,12,64,100,6400,6,100380814,BIPOP_CMA_ES
c1,allen_cahn_energy,allen_cahn_energy_i12_d64,12,64,100,6400,6,100380814,L_SHADE_1_0_1
c1,allen_cahn_energy,allen_cahn_energy_i12_d64,12,64,100,6400,6,100380814,jSO
c1,allen_cahn_energy,allen_cahn_energy_i12_d64,12,64,100,6400,6,100380814,L_SRTDE
c1,allen_cahn_energy,allen_cahn_energy_i12_d64,12,64,100,6400,6,100380814,MS_LBFGSB
c1,allen_cahn_energy,allen_cahn_energy_i12_d64,12,64,100,6400,7,100380815,BasinGraph
c1,allen_cahn_energy,allen_cahn_energy_i12_d64,12,64,100,6400,7,100380815,CMA_ES
c1,allen_cahn_energy,allen_cahn_energy_i12_d64,12,64,100,6400,7,100380815,BIPOP_CMA_ES
c1,allen_cahn_energy,allen_cahn_energy_i12_d64,12,64,100,6400,7,100380815,L_SHADE_1_0_1
c1,allen_cahn_energy,allen_cahn_energy_i12_d64,12,64,100,6400,7,100380815,jSO
c1,allen_cahn_energy,allen_cahn_energy_i12_d64,12,64,100,6400,7,100380815,L_SRTDE
c1,allen_cahn_energy,allen_cahn_energy_i12_d64,12,64,100,6400,7,100380815,MS_LBFGSB
c1,allen_cahn_energy,allen_cahn_energy_i12_d64,12,64,100,6400,8,100380816,BasinGraph
c1,allen_cahn_energy,allen_cahn_energy_i12_d64,12,64,100,6400,8,100380816,CMA_ES
c1,allen_cahn_energy,allen_cahn_energy_i12_d64,12,64,100,6400,8,100380816,BIPOP_CMA_ES
c1,allen_cahn_energy,allen_cahn_energy_i12_d64,12,64,100,6400,8,100380816,L_SHADE_1_0_1
c1,allen_cahn_energy,allen_cahn_energy_i12_d64,12,64,100,6400,8,100380816,jSO
c1,allen_cahn_energy,allen_cahn_energy_i12_d64,12,64,100,6400,8,100380816,L_SRTDE
c1,allen_cahn_energy,allen_cahn_energy_i12_d64,12,64,100,6400,8,100380816,MS_LBFGSB
c1,allen_cahn_energy,allen_cahn_energy_i12_d64,12,64,100,6400,9,100380817,BasinGraph
c1,allen_cahn_energy,allen_cahn_energy_i12_d64,12,64,100,6400,9,100380817,CMA_ES
c1,allen_cahn_energy,allen_cahn_energy_i12_d64,12,64,100,6400,9,100380817,BIPOP_CMA_ES
c1,allen_cahn_energy,allen_cahn_energy_i12_d64,12,64,100,6400,9,100380817,L_SHADE_1_0_1
c1,allen_cahn_energy,allen_cahn_energy_i12_d64,12,64,100,6400,9,100380817,jSO
c1,allen_cahn_energy,allen_cahn_energy_i12_d64,12,64,100,6400,9,100380817,L_SRTDE
c1,allen_cahn_energy,allen_cahn_energy_i12_d64,12,64,100,6400,9,100380817,MS_LBFGSB
c1,allen_cahn_energy,allen_cahn_energy_i13_d96,13,96,100,9600,0,100390808,BasinGraph
c1,allen_cahn_energy,allen_cahn_energy_i13_d96,13,96,100,9600,0,100390808,CMA_ES
c1,allen_cahn_energy,allen_cahn_energy_i13_d96,13,96,100,9600,0,100390808,BIPOP_CMA_ES
c1,allen_cahn_energy,allen_cahn_energy_i13_d96,13,96,100,9600,0,100390808,L_SHADE_1_0_1
c1,allen_cahn_energy,allen_cahn_energy_i13_d96,13,96,100,9600,0,100390808,jSO
c1,allen_cahn_energy,allen_cahn_energy_i13_d96,13,96,100,9600,0,100390808,L_SRTDE
c1,allen_cahn_energy,allen_cahn_energy_i13_d96,13,96,100,9600,0,100390808,MS_LBFGSB
c1,allen_cahn_energy,allen_cahn_energy_i13_d96,13,96,100,9600,1,100390809,BasinGraph
c1,allen_cahn_energy,allen_cahn_energy_i13_d96,13,96,100,9600,1,100390809,CMA_ES
c1,allen_cahn_energy,allen_cahn_energy_i13_d96,13,96,100,9600,1,100390809,BIPOP_CMA_ES
c1,allen_cahn_energy,allen_cahn_energy_i13_d96,13,96,100,9600,1,100390809,L_SHADE_1_0_1
c1,allen_cahn_energy,allen_cahn_energy_i13_d96,13,96,100,9600,1,100390809,jSO
c1,allen_cahn_energy,allen_cahn_energy_i13_d96,13,96,100,9600,1,100390809,L_SRTDE
c1,allen_cahn_energy,allen_cahn_energy_i13_d96,13,96,100,9600,1,100390809,MS_LBFGSB
c1,allen_cahn_energy,allen_cahn_energy_i13_d96,13,96,100,9600,2,100390810,BasinGraph
c1,allen_cahn_energy,allen_cahn_energy_i13_d96,13,96,100,9600,2,100390810,CMA_ES
c1,allen_cahn_energy,allen_cahn_energy_i13_d96,13,96,100,9600,2,100390810,BIPOP_CMA_ES
c1,allen_cahn_energy,allen_cahn_energy_i13_d96,13,96,100,9600,2,100390810,L_SHADE_1_0_1
c1,allen_cahn_energy,allen_cahn_energy_i13_d96,13,96,100,9600,2,100390810,jSO
c1,allen_cahn_energy,allen_cahn_energy_i13_d96,13,96,100,9600,2,100390810,L_SRTDE
c1,allen_cahn_energy,allen_cahn_energy_i13_d96,13,96,100,9600,2,100390810,MS_LBFGSB
c1,allen_cahn_energy,allen_cahn_energy_i13_d96,13,96,100,9600,3,100390811,BasinGraph
c1,allen_cahn_energy,allen_cahn_energy_i13_d96,13,96,100,9600,3,100390811,CMA_ES
c1,allen_cahn_energy,allen_cahn_energy_i13_d96,13,96,100,9600,3,100390811,BIPOP_CMA_ES
c1,allen_cahn_energy,allen_cahn_energy_i13_d96,13,96,100,9600,3,100390811,L_SHADE_1_0_1
c1,allen_cahn_energy,allen_cahn_energy_i13_d96,13,96,100,9600,3,100390811,jSO
c1,allen_cahn_energy,allen_cahn_energy_i13_d96,13,96,100,9600,3,100390811,L_SRTDE
c1,allen_cahn_energy,allen_cahn_energy_i13_d96,13,96,100,9600,3,100390811,MS_LBFGSB
c1,allen_cahn_energy,allen_cahn_energy_i13_d96,13,96,100,9600,4,100390812,BasinGraph
c1,allen_cahn_energy,allen_cahn_energy_i13_d96,13,96,100,9600,4,100390812,CMA_ES
c1,allen_cahn_energy,allen_cahn_energy_i13_d96,13,96,100,9600,4,100390812,BIPOP_CMA_ES
c1,allen_cahn_energy,allen_cahn_energy_i13_d96,13,96,100,9600,4,100390812,L_SHADE_1_0_1
c1,allen_cahn_energy,allen_cahn_energy_i13_d96,13,96,100,9600,4,100390812,jSO
c1,allen_cahn_energy,allen_cahn_energy_i13_d96,13,96,100,9600,4,100390812,L_SRTDE
c1,allen_cahn_energy,allen_cahn_energy_i13_d96,13,96,100,9600,4,100390812,MS_LBFGSB
c1,allen_cahn_energy,allen_cahn_energy_i13_d96,13,96,100,9600,5,100390813,BasinGraph
c1,allen_cahn_energy,allen_cahn_energy_i13_d96,13,96,100,9600,5,100390813,CMA_ES
c1,allen_cahn_energy,allen_cahn_energy_i13_d96,13,96,100,9600,5,100390813,BIPOP_CMA_ES
c1,allen_cahn_energy,allen_cahn_energy_i13_d96,13,96,100,9600,5,100390813,L_SHADE_1_0_1
c1,allen_cahn_energy,allen_cahn_energy_i13_d96,13,96,100,9600,5,100390813,jSO
c1,allen_cahn_energy,allen_cahn_energy_i13_d96,13,96,100,9600,5,100390813,L_SRTDE
c1,allen_cahn_energy,allen_cahn_energy_i13_d96,13,96,100,9600,5,100390813,MS_LBFGSB
c1,allen_cahn_energy,allen_cahn_energy_i13_d96,13,96,100,9600,6,100390814,BasinGraph
c1,allen_cahn_energy,allen_cahn_energy_i13_d96,13,96,100,9600,6,100390814,CMA_ES
c1,allen_cahn_energy,allen_cahn_energy_i13_d96,13,96,100,9600,6,100390814,BIPOP_CMA_ES
c1,allen_cahn_energy,allen_cahn_energy_i13_d96,13,96,100,9600,6,100390814,L_SHADE_1_0_1
c1,allen_cahn_energy,allen_cahn_energy_i13_d96,13,96,100,9600,6,100390814,jSO
c1,allen_cahn_energy,allen_cahn_energy_i13_d96,13,96,100,9600,6,100390814,L_SRTDE
c1,allen_cahn_energy,allen_cahn_energy_i13_d96,13,96,100,9600,6,100390814,MS_LBFGSB
c1,allen_cahn_energy,allen_cahn_energy_i13_d96,13,96,100,9600,7,100390815,BasinGraph
c1,allen_cahn_energy,allen_cahn_energy_i13_d96,13,96,100,9600,7,100390815,CMA_ES
c1,allen_cahn_energy,allen_cahn_energy_i13_d96,13,96,100,9600,7,100390815,BIPOP_CMA_ES
c1,allen_cahn_energy,allen_cahn_energy_i13_d96,13,96,100,9600,7,100390815,L_SHADE_1_0_1
c1,allen_cahn_energy,allen_cahn_energy_i13_d96,13,96,100,9600,7,100390815,jSO
c1,allen_cahn_energy,allen_cahn_energy_i13_d96,13,96,100,9600,7,100390815,L_SRTDE
c1,allen_cahn_energy,allen_cahn_energy_i13_d96,13,96,100,9600,7,100390815,MS_LBFGSB
c1,allen_cahn_energy,allen_cahn_energy_i13_d96,13,96,100,9600,8,100390816,BasinGraph
c1,allen_cahn_energy,allen_cahn_energy_i13_d96,13,96,100,9600,8,100390816,CMA_ES
c1,allen_cahn_energy,allen_cahn_energy_i13_d96,13,96,100,9600,8,100390816,BIPOP_CMA_ES
c1,allen_cahn_energy,allen_cahn_energy_i13_d96,13,96,100,9600,8,100390816,L_SHADE_1_0_1
c1,allen_cahn_energy,allen_cahn_energy_i13_d96,13,96,100,9600,8,100390816,jSO
c1,allen_cahn_energy,allen_cahn_energy_i13_d96,13,96,100,9600,8,100390816,L_SRTDE
c1,allen_cahn_energy,allen_cahn_energy_i13_d96,13,96,100,9600,8,100390816,MS_LBFGSB
c1,allen_cahn_energy,allen_cahn_energy_i13_d96,13,96,100,9600,9,100390817,BasinGraph
c1,allen_cahn_energy,allen_cahn_energy_i13_d96,13,96,100,9600,9,100390817,CMA_ES
c1,allen_cahn_energy,allen_cahn_energy_i13_d96,13,96,100,9600,9,100390817,BIPOP_CMA_ES
c1,allen_cahn_energy,allen_cahn_energy_i13_d96,13,96,100,9600,9,100390817,L_SHADE_1_0_1
c1,allen_cahn_energy,allen_cahn_energy_i13_d96,13,96,100,9600,9,100390817,jSO
c1,allen_cahn_energy,allen_cahn_energy_i13_d96,13,96,100,9600,9,100390817,L_SRTDE
c1,allen_cahn_energy,allen_cahn_energy_i13_d96,13,96,100,9600,9,100390817,MS_LBFGSB
c1,sparse_nonlinear_inverse,sparse_nonlinear_inverse_i11_d20,11,20,150,3000,0,110370808,BasinGraph
c1,sparse_nonlinear_inverse,sparse_nonlinear_inverse_i11_d20,11,20,150,3000,0,110370808,CMA_ES
c1,sparse_nonlinear_inverse,sparse_nonlinear_inverse_i11_d20,11,20,150,3000,0,110370808,BIPOP_CMA_ES
c1,sparse_nonlinear_inverse,sparse_nonlinear_inverse_i11_d20,11,20,150,3000,0,110370808,L_SHADE_1_0_1
c1,sparse_nonlinear_inverse,sparse_nonlinear_inverse_i11_d20,11,20,150,3000,0,110370808,jSO
c1,sparse_nonlinear_inverse,sparse_nonlinear_inverse_i11_d20,11,20,150,3000,0,110370808,L_SRTDE
c1,sparse_nonlinear_inverse,sparse_nonlinear_inverse_i11_d20,11,20,150,3000,0,110370808,MS_LBFGSB
c1,sparse_nonlinear_inverse,sparse_nonlinear_inverse_i11_d20,11,20,150,3000,1,110370809,BasinGraph
c1,sparse_nonlinear_inverse,sparse_nonlinear_inverse_i11_d20,11,20,150,3000,1,110370809,CMA_ES
c1,sparse_nonlinear_inverse,sparse_nonlinear_inverse_i11_d20,11,20,150,3000,1,110370809,BIPOP_CMA_ES
c1,sparse_nonlinear_inverse,sparse_nonlinear_inverse_i11_d20,11,20,150,3000,1,110370809,L_SHADE_1_0_1
c1,sparse_nonlinear_inverse,sparse_nonlinear_inverse_i11_d20,11,20,150,3000,1,110370809,jSO
c1,sparse_nonlinear_inverse,sparse_nonlinear_inverse_i11_d20,11,20,150,3000,1,110370809,L_SRTDE
c1,sparse_nonlinear_inverse,sparse_nonlinear_inverse_i11_d20,11,20,150,3000,1,110370809,MS_LBFGSB
c1,sparse_nonlinear_inverse,sparse_nonlinear_inverse_i11_d20,11,20,150,3000,2,110370810,BasinGraph
c1,sparse_nonlinear_inverse,sparse_nonlinear_inverse_i11_d20,11,20,150,3000,2,110370810,CMA_ES
c1,sparse_nonlinear_inverse,sparse_nonlinear_inverse_i11_d20,11,20,150,3000,2,110370810,BIPOP_CMA_ES
c1,sparse_nonlinear_inverse,sparse_nonlinear_inverse_i11_d20,11,20,150,3000,2,110370810,L_SHADE_1_0_1
c1,sparse_nonlinear_inverse,sparse_nonlinear_inverse_i11_d20,11,20,150,3000,2,110370810,jSO
c1,sparse_nonlinear_inverse,sparse_nonlinear_inverse_i11_d20,11,20,150,3000,2,110370810,L_SRTDE
c1,sparse_nonlinear_inverse,sparse_nonlinear_inverse_i11_d20,11,20,150,3000,2,110370810,MS_LBFGSB
c1,sparse_nonlinear_inverse,sparse_nonlinear_inverse_i11_d20,11,20,150,3000,3,110370811,BasinGraph
c1,sparse_nonlinear_inverse,sparse_nonlinear_inverse_i11_d20,11,20,150,3000,3,110370811,CMA_ES
c1,sparse_nonlinear_inverse,sparse_nonlinear_inverse_i11_d20,11,20,150,3000,3,110370811,BIPOP_CMA_ES
c1,sparse_nonlinear_inverse,sparse_nonlinear_inverse_i11_d20,11,20,150,3000,3,110370811,L_SHADE_1_0_1
c1,sparse_nonlinear_inverse,sparse_nonlinear_inverse_i11_d20,11,20,150,3000,3,110370811,jSO
c1,sparse_nonlinear_inverse,sparse_nonlinear_inverse_i11_d20,11,20,150,3000,3,110370811,L_SRTDE
c1,sparse_nonlinear_inverse,sparse_nonlinear_inverse_i11_d20,11,20,150,3000,3,110370811,MS_LBFGSB
c1,sparse_nonlinear_inverse,sparse_nonlinear_inverse_i11_d20,11,20,150,3000,4,110370812,BasinGraph
c1,sparse_nonlinear_inverse,sparse_nonlinear_inverse_i11_d20,11,20,150,3000,4,110370812,CMA_ES
c1,sparse_nonlinear_inverse,sparse_nonlinear_inverse_i11_d20,11,20,150,3000,4,110370812,BIPOP_CMA_ES
c1,sparse_nonlinear_inverse,sparse_nonlinear_inverse_i11_d20,11,20,150,3000,4,110370812,L_SHADE_1_0_1
c1,sparse_nonlinear_inverse,sparse_nonlinear_inverse_i11_d20,11,20,150,3000,4,110370812,jSO
c1,sparse_nonlinear_inverse,sparse_nonlinear_inverse_i11_d20,11,20,150,3000,4,110370812,L_SRTDE
c1,sparse_nonlinear_inverse,sparse_nonlinear_inverse_i11_d20,11,20,150,3000,4,110370812,MS_LBFGSB
c1,sparse_nonlinear_inverse,sparse_nonlinear_inverse_i11_d20,11,20,150,3000,5,110370813,BasinGraph
c1,sparse_nonlinear_inverse,sparse_nonlinear_inverse_i11_d20,11,20,150,3000,5,110370813,CMA_ES
c1,sparse_nonlinear_inverse,sparse_nonlinear_inverse_i11_d20,11,20,150,3000,5,110370813,BIPOP_CMA_ES
c1,sparse_nonlinear_inverse,sparse_nonlinear_inverse_i11_d20,11,20,150,3000,5,110370813,L_SHADE_1_0_1
c1,sparse_nonlinear_inverse,sparse_nonlinear_inverse_i11_d20,11,20,150,3000,5,110370813,jSO
c1,sparse_nonlinear_inverse,sparse_nonlinear_inverse_i11_d20,11,20,150,3000,5,110370813,L_SRTDE
c1,sparse_nonlinear_inverse,sparse_nonlinear_inverse_i11_d20,11,20,150,3000,5,110370813,MS_LBFGSB
c1,sparse_nonlinear_inverse,sparse_nonlinear_inverse_i11_d20,11,20,150,3000,6,110370814,BasinGraph
c1,sparse_nonlinear_inverse,sparse_nonlinear_inverse_i11_d20,11,20,150,3000,6,110370814,CMA_ES
c1,sparse_nonlinear_inverse,sparse_nonlinear_inverse_i11_d20,11,20,150,3000,6,110370814,BIPOP_CMA_ES
c1,sparse_nonlinear_inverse,sparse_nonlinear_inverse_i11_d20,11,20,150,3000,6,110370814,L_SHADE_1_0_1
c1,sparse_nonlinear_inverse,sparse_nonlinear_inverse_i11_d20,11,20,150,3000,6,110370814,jSO
c1,sparse_nonlinear_inverse,sparse_nonlinear_inverse_i11_d20,11,20,150,3000,6,110370814,L_SRTDE
c1,sparse_nonlinear_inverse,sparse_nonlinear_inverse_i11_d20,11,20,150,3000,6,110370814,MS_LBFGSB
c1,sparse_nonlinear_inverse,sparse_nonlinear_inverse_i11_d20,11,20,150,3000,7,110370815,BasinGraph
c1,sparse_nonlinear_inverse,sparse_nonlinear_inverse_i11_d20,11,20,150,3000,7,110370815,CMA_ES
c1,sparse_nonlinear_inverse,sparse_nonlinear_inverse_i11_d20,11,20,150,3000,7,110370815,BIPOP_CMA_ES
c1,sparse_nonlinear_inverse,sparse_nonlinear_inverse_i11_d20,11,20,150,3000,7,110370815,L_SHADE_1_0_1
c1,sparse_nonlinear_inverse,sparse_nonlinear_inverse_i11_d20,11,20,150,3000,7,110370815,jSO
c1,sparse_nonlinear_inverse,sparse_nonlinear_inverse_i11_d20,11,20,150,3000,7,110370815,L_SRTDE
c1,sparse_nonlinear_inverse,sparse_nonlinear_inverse_i11_d20,11,20,150,3000,7,110370815,MS_LBFGSB
c1,sparse_nonlinear_inverse,sparse_nonlinear_inverse_i11_d20,11,20,150,3000,8,110370816,BasinGraph
c1,sparse_nonlinear_inverse,sparse_nonlinear_inverse_i11_d20,11,20,150,3000,8,110370816,CMA_ES
c1,sparse_nonlinear_inverse,sparse_nonlinear_inverse_i11_d20,11,20,150,3000,8,110370816,BIPOP_CMA_ES
c1,sparse_nonlinear_inverse,sparse_nonlinear_inverse_i11_d20,11,20,150,3000,8,110370816,L_SHADE_1_0_1
c1,sparse_nonlinear_inverse,sparse_nonlinear_inverse_i11_d20,11,20,150,3000,8,110370816,jSO
c1,sparse_nonlinear_inverse,sparse_nonlinear_inverse_i11_d20,11,20,150,3000,8,110370816,L_SRTDE
c1,sparse_nonlinear_inverse,sparse_nonlinear_inverse_i11_d20,11,20,150,3000,8,110370816,MS_LBFGSB
c1,sparse_nonlinear_inverse,sparse_nonlinear_inverse_i11_d20,11,20,150,3000,9,110370817,BasinGraph
c1,sparse_nonlinear_inverse,sparse_nonlinear_inverse_i11_d20,11,20,150,3000,9,110370817,CMA_ES
c1,sparse_nonlinear_inverse,sparse_nonlinear_inverse_i11_d20,11,20,150,3000,9,110370817,BIPOP_CMA_ES
c1,sparse_nonlinear_inverse,sparse_nonlinear_inverse_i11_d20,11,20,150,3000,9,110370817,L_SHADE_1_0_1
c1,sparse_nonlinear_inverse,sparse_nonlinear_inverse_i11_d20,11,20,150,3000,9,110370817,jSO
c1,sparse_nonlinear_inverse,sparse_nonlinear_inverse_i11_d20,11,20,150,3000,9,110370817,L_SRTDE
c1,sparse_nonlinear_inverse,sparse_nonlinear_inverse_i11_d20,11,20,150,3000,9,110370817,MS_LBFGSB
c1,sparse_nonlinear_inverse,sparse_nonlinear_inverse_i12_d40,12,40,150,6000,0,110380808,BasinGraph
c1,sparse_nonlinear_inverse,sparse_nonlinear_inverse_i12_d40,12,40,150,6000,0,110380808,CMA_ES
c1,sparse_nonlinear_inverse,sparse_nonlinear_inverse_i12_d40,12,40,150,6000,0,110380808,BIPOP_CMA_ES
c1,sparse_nonlinear_inverse,sparse_nonlinear_inverse_i12_d40,12,40,150,6000,0,110380808,L_SHADE_1_0_1
c1,sparse_nonlinear_inverse,sparse_nonlinear_inverse_i12_d40,12,40,150,6000,0,110380808,jSO
c1,sparse_nonlinear_inverse,sparse_nonlinear_inverse_i12_d40,12,40,150,6000,0,110380808,L_SRTDE
c1,sparse_nonlinear_inverse,sparse_nonlinear_inverse_i12_d40,12,40,150,6000,0,110380808,MS_LBFGSB
c1,sparse_nonlinear_inverse,sparse_nonlinear_inverse_i12_d40,12,40,150,6000,1,110380809,BasinGraph
c1,sparse_nonlinear_inverse,sparse_nonlinear_inverse_i12_d40,12,40,150,6000,1,110380809,CMA_ES
c1,sparse_nonlinear_inverse,sparse_nonlinear_inverse_i12_d40,12,40,150,6000,1,110380809,BIPOP_CMA_ES
c1,sparse_nonlinear_inverse,sparse_nonlinear_inverse_i12_d40,12,40,150,6000,1,110380809,L_SHADE_1_0_1
c1,sparse_nonlinear_inverse,sparse_nonlinear_inverse_i12_d40,12,40,150,6000,1,110380809,jSO
c1,sparse_nonlinear_inverse,sparse_nonlinear_inverse_i12_d40,12,40,150,6000,1,110380809,L_SRTDE
c1,sparse_nonlinear_inverse,sparse_nonlinear_inverse_i12_d40,12,40,150,6000,1,110380809,MS_LBFGSB
c1,sparse_nonlinear_inverse,sparse_nonlinear_inverse_i12_d40,12,40,150,6000,2,110380810,BasinGraph
c1,sparse_nonlinear_inverse,sparse_nonlinear_inverse_i12_d40,12,40,150,6000,2,110380810,CMA_ES
c1,sparse_nonlinear_inverse,sparse_nonlinear_inverse_i12_d40,12,40,150,6000,2,110380810,BIPOP_CMA_ES
c1,sparse_nonlinear_inverse,sparse_nonlinear_inverse_i12_d40,12,40,150,6000,2,110380810,L_SHADE_1_0_1
c1,sparse_nonlinear_inverse,sparse_nonlinear_inverse_i12_d40,12,40,150,6000,2,110380810,jSO
c1,sparse_nonlinear_inverse,sparse_nonlinear_inverse_i12_d40,12,40,150,6000,2,110380810,L_SRTDE
c1,sparse_nonlinear_inverse,sparse_nonlinear_inverse_i12_d40,12,40,150,6000,2,110380810,MS_LBFGSB
c1,sparse_nonlinear_inverse,sparse_nonlinear_inverse_i12_d40,12,40,150,6000,3,110380811,BasinGraph
c1,sparse_nonlinear_inverse,sparse_nonlinear_inverse_i12_d40,12,40,150,6000,3,110380811,CMA_ES
c1,sparse_nonlinear_inverse,sparse_nonlinear_inverse_i12_d40,12,40,150,6000,3,110380811,BIPOP_CMA_ES
c1,sparse_nonlinear_inverse,sparse_nonlinear_inverse_i12_d40,12,40,150,6000,3,110380811,L_SHADE_1_0_1
c1,sparse_nonlinear_inverse,sparse_nonlinear_inverse_i12_d40,12,40,150,6000,3,110380811,jSO
c1,sparse_nonlinear_inverse,sparse_nonlinear_inverse_i12_d40,12,40,150,6000,3,110380811,L_SRTDE
c1,sparse_nonlinear_inverse,sparse_nonlinear_inverse_i12_d40,12,40,150,6000,3,110380811,MS_LBFGSB
c1,sparse_nonlinear_inverse,sparse_nonlinear_inverse_i12_d40,12,40,150,6000,4,110380812,BasinGraph
c1,sparse_nonlinear_inverse,sparse_nonlinear_inverse_i12_d40,12,40,150,6000,4,110380812,CMA_ES
c1,sparse_nonlinear_inverse,sparse_nonlinear_inverse_i12_d40,12,40,150,6000,4,110380812,BIPOP_CMA_ES
c1,sparse_nonlinear_inverse,sparse_nonlinear_inverse_i12_d40,12,40,150,6000,4,110380812,L_SHADE_1_0_1
c1,sparse_nonlinear_inverse,sparse_nonlinear_inverse_i12_d40,12,40,150,6000,4,110380812,jSO
c1,sparse_nonlinear_inverse,sparse_nonlinear_inverse_i12_d40,12,40,150,6000,4,110380812,L_SRTDE
c1,sparse_nonlinear_inverse,sparse_nonlinear_inverse_i12_d40,12,40,150,6000,4,110380812,MS_LBFGSB
c1,sparse_nonlinear_inverse,sparse_nonlinear_inverse_i12_d40,12,40,150,6000,5,110380813,BasinGraph
c1,sparse_nonlinear_inverse,sparse_nonlinear_inverse_i12_d40,12,40,150,6000,5,110380813,CMA_ES
c1,sparse_nonlinear_inverse,sparse_nonlinear_inverse_i12_d40,12,40,150,6000,5,110380813,BIPOP_CMA_ES
c1,sparse_nonlinear_inverse,sparse_nonlinear_inverse_i12_d40,12,40,150,6000,5,110380813,L_SHADE_1_0_1
c1,sparse_nonlinear_inverse,sparse_nonlinear_inverse_i12_d40,12,40,150,6000,5,110380813,jSO
c1,sparse_nonlinear_inverse,sparse_nonlinear_inverse_i12_d40,12,40,150,6000,5,110380813,L_SRTDE
c1,sparse_nonlinear_inverse,sparse_nonlinear_inverse_i12_d40,12,40,150,6000,5,110380813,MS_LBFGSB
c1,sparse_nonlinear_inverse,sparse_nonlinear_inverse_i12_d40,12,40,150,6000,6,110380814,BasinGraph
c1,sparse_nonlinear_inverse,sparse_nonlinear_inverse_i12_d40,12,40,150,6000,6,110380814,CMA_ES
c1,sparse_nonlinear_inverse,sparse_nonlinear_inverse_i12_d40,12,40,150,6000,6,110380814,BIPOP_CMA_ES
c1,sparse_nonlinear_inverse,sparse_nonlinear_inverse_i12_d40,12,40,150,6000,6,110380814,L_SHADE_1_0_1
c1,sparse_nonlinear_inverse,sparse_nonlinear_inverse_i12_d40,12,40,150,6000,6,110380814,jSO
c1,sparse_nonlinear_inverse,sparse_nonlinear_inverse_i12_d40,12,40,150,6000,6,110380814,L_SRTDE
c1,sparse_nonlinear_inverse,sparse_nonlinear_inverse_i12_d40,12,40,150,6000,6,110380814,MS_LBFGSB
c1,sparse_nonlinear_inverse,sparse_nonlinear_inverse_i12_d40,12,40,150,6000,7,110380815,BasinGraph
c1,sparse_nonlinear_inverse,sparse_nonlinear_inverse_i12_d40,12,40,150,6000,7,110380815,CMA_ES
c1,sparse_nonlinear_inverse,sparse_nonlinear_inverse_i12_d40,12,40,150,6000,7,110380815,BIPOP_CMA_ES
c1,sparse_nonlinear_inverse,sparse_nonlinear_inverse_i12_d40,12,40,150,6000,7,110380815,L_SHADE_1_0_1
c1,sparse_nonlinear_inverse,sparse_nonlinear_inverse_i12_d40,12,40,150,6000,7,110380815,jSO
c1,sparse_nonlinear_inverse,sparse_nonlinear_inverse_i12_d40,12,40,150,6000,7,110380815,L_SRTDE
c1,sparse_nonlinear_inverse,sparse_nonlinear_inverse_i12_d40,12,40,150,6000,7,110380815,MS_LBFGSB
c1,sparse_nonlinear_inverse,sparse_nonlinear_inverse_i12_d40,12,40,150,6000,8,110380816,BasinGraph
c1,sparse_nonlinear_inverse,sparse_nonlinear_inverse_i12_d40,12,40,150,6000,8,110380816,CMA_ES
c1,sparse_nonlinear_inverse,sparse_nonlinear_inverse_i12_d40,12,40,150,6000,8,110380816,BIPOP_CMA_ES
c1,sparse_nonlinear_inverse,sparse_nonlinear_inverse_i12_d40,12,40,150,6000,8,110380816,L_SHADE_1_0_1
c1,sparse_nonlinear_inverse,sparse_nonlinear_inverse_i12_d40,12,40,150,6000,8,110380816,jSO
c1,sparse_nonlinear_inverse,sparse_nonlinear_inverse_i12_d40,12,40,150,6000,8,110380816,L_SRTDE
c1,sparse_nonlinear_inverse,sparse_nonlinear_inverse_i12_d40,12,40,150,6000,8,110380816,MS_LBFGSB
c1,sparse_nonlinear_inverse,sparse_nonlinear_inverse_i12_d40,12,40,150,6000,9,110380817,BasinGraph
c1,sparse_nonlinear_inverse,sparse_nonlinear_inverse_i12_d40,12,40,150,6000,9,110380817,CMA_ES
c1,sparse_nonlinear_inverse,sparse_nonlinear_inverse_i12_d40,12,40,150,6000,9,110380817,BIPOP_CMA_ES
c1,sparse_nonlinear_inverse,sparse_nonlinear_inverse_i12_d40,12,40,150,6000,9,110380817,L_SHADE_1_0_1
c1,sparse_nonlinear_inverse,sparse_nonlinear_inverse_i12_d40,12,40,150,6000,9,110380817,jSO
c1,sparse_nonlinear_inverse,sparse_nonlinear_inverse_i12_d40,12,40,150,6000,9,110380817,L_SRTDE
c1,sparse_nonlinear_inverse,sparse_nonlinear_inverse_i12_d40,12,40,150,6000,9,110380817,MS_LBFGSB
c1,sparse_nonlinear_inverse,sparse_nonlinear_inverse_i13_d80,13,80,150,12000,0,110390808,BasinGraph
c1,sparse_nonlinear_inverse,sparse_nonlinear_inverse_i13_d80,13,80,150,12000,0,110390808,CMA_ES
c1,sparse_nonlinear_inverse,sparse_nonlinear_inverse_i13_d80,13,80,150,12000,0,110390808,BIPOP_CMA_ES
c1,sparse_nonlinear_inverse,sparse_nonlinear_inverse_i13_d80,13,80,150,12000,0,110390808,L_SHADE_1_0_1
c1,sparse_nonlinear_inverse,sparse_nonlinear_inverse_i13_d80,13,80,150,12000,0,110390808,jSO
c1,sparse_nonlinear_inverse,sparse_nonlinear_inverse_i13_d80,13,80,150,12000,0,110390808,L_SRTDE
c1,sparse_nonlinear_inverse,sparse_nonlinear_inverse_i13_d80,13,80,150,12000,0,110390808,MS_LBFGSB
c1,sparse_nonlinear_inverse,sparse_nonlinear_inverse_i13_d80,13,80,150,12000,1,110390809,BasinGraph
c1,sparse_nonlinear_inverse,sparse_nonlinear_inverse_i13_d80,13,80,150,12000,1,110390809,CMA_ES
c1,sparse_nonlinear_inverse,sparse_nonlinear_inverse_i13_d80,13,80,150,12000,1,110390809,BIPOP_CMA_ES
c1,sparse_nonlinear_inverse,sparse_nonlinear_inverse_i13_d80,13,80,150,12000,1,110390809,L_SHADE_1_0_1
c1,sparse_nonlinear_inverse,sparse_nonlinear_inverse_i13_d80,13,80,150,12000,1,110390809,jSO
c1,sparse_nonlinear_inverse,sparse_nonlinear_inverse_i13_d80,13,80,150,12000,1,110390809,L_SRTDE
c1,sparse_nonlinear_inverse,sparse_nonlinear_inverse_i13_d80,13,80,150,12000,1,110390809,MS_LBFGSB
c1,sparse_nonlinear_inverse,sparse_nonlinear_inverse_i13_d80,13,80,150,12000,2,110390810,BasinGraph
c1,sparse_nonlinear_inverse,sparse_nonlinear_inverse_i13_d80,13,80,150,12000,2,110390810,CMA_ES
c1,sparse_nonlinear_inverse,sparse_nonlinear_inverse_i13_d80,13,80,150,12000,2,110390810,BIPOP_CMA_ES
c1,sparse_nonlinear_inverse,sparse_nonlinear_inverse_i13_d80,13,80,150,12000,2,110390810,L_SHADE_1_0_1
c1,sparse_nonlinear_inverse,sparse_nonlinear_inverse_i13_d80,13,80,150,12000,2,110390810,jSO
c1,sparse_nonlinear_inverse,sparse_nonlinear_inverse_i13_d80,13,80,150,12000,2,110390810,L_SRTDE
c1,sparse_nonlinear_inverse,sparse_nonlinear_inverse_i13_d80,13,80,150,12000,2,110390810,MS_LBFGSB
c1,sparse_nonlinear_inverse,sparse_nonlinear_inverse_i13_d80,13,80,150,12000,3,110390811,BasinGraph
c1,sparse_nonlinear_inverse,sparse_nonlinear_inverse_i13_d80,13,80,150,12000,3,110390811,CMA_ES
c1,sparse_nonlinear_inverse,sparse_nonlinear_inverse_i13_d80,13,80,150,12000,3,110390811,BIPOP_CMA_ES
c1,sparse_nonlinear_inverse,sparse_nonlinear_inverse_i13_d80,13,80,150,12000,3,110390811,L_SHADE_1_0_1
c1,sparse_nonlinear_inverse,sparse_nonlinear_inverse_i13_d80,13,80,150,12000,3,110390811,jSO
c1,sparse_nonlinear_inverse,sparse_nonlinear_inverse_i13_d80,13,80,150,12000,3,110390811,L_SRTDE
c1,sparse_nonlinear_inverse,sparse_nonlinear_inverse_i13_d80,13,80,150,12000,3,110390811,MS_LBFGSB
c1,sparse_nonlinear_inverse,sparse_nonlinear_inverse_i13_d80,13,80,150,12000,4,110390812,BasinGraph
c1,sparse_nonlinear_inverse,sparse_nonlinear_inverse_i13_d80,13,80,150,12000,4,110390812,CMA_ES
c1,sparse_nonlinear_inverse,sparse_nonlinear_inverse_i13_d80,13,80,150,12000,4,110390812,BIPOP_CMA_ES
c1,sparse_nonlinear_inverse,sparse_nonlinear_inverse_i13_d80,13,80,150,12000,4,110390812,L_SHADE_1_0_1
c1,sparse_nonlinear_inverse,sparse_nonlinear_inverse_i13_d80,13,80,150,12000,4,110390812,jSO
c1,sparse_nonlinear_inverse,sparse_nonlinear_inverse_i13_d80,13,80,150,12000,4,110390812,L_SRTDE
c1,sparse_nonlinear_inverse,sparse_nonlinear_inverse_i13_d80,13,80,150,12000,4,110390812,MS_LBFGSB
c1,sparse_nonlinear_inverse,sparse_nonlinear_inverse_i13_d80,13,80,150,12000,5,110390813,BasinGraph
c1,sparse_nonlinear_inverse,sparse_nonlinear_inverse_i13_d80,13,80,150,12000,5,110390813,CMA_ES
c1,sparse_nonlinear_inverse,sparse_nonlinear_inverse_i13_d80,13,80,150,12000,5,110390813,BIPOP_CMA_ES
c1,sparse_nonlinear_inverse,sparse_nonlinear_inverse_i13_d80,13,80,150,12000,5,110390813,L_SHADE_1_0_1
c1,sparse_nonlinear_inverse,sparse_nonlinear_inverse_i13_d80,13,80,150,12000,5,110390813,jSO
c1,sparse_nonlinear_inverse,sparse_nonlinear_inverse_i13_d80,13,80,150,12000,5,110390813,L_SRTDE
c1,sparse_nonlinear_inverse,sparse_nonlinear_inverse_i13_d80,13,80,150,12000,5,110390813,MS_LBFGSB
c1,sparse_nonlinear_inverse,sparse_nonlinear_inverse_i13_d80,13,80,150,12000,6,110390814,BasinGraph
c1,sparse_nonlinear_inverse,sparse_nonlinear_inverse_i13_d80,13,80,150,12000,6,110390814,CMA_ES
c1,sparse_nonlinear_inverse,sparse_nonlinear_inverse_i13_d80,13,80,150,12000,6,110390814,BIPOP_CMA_ES
c1,sparse_nonlinear_inverse,sparse_nonlinear_inverse_i13_d80,13,80,150,12000,6,110390814,L_SHADE_1_0_1
c1,sparse_nonlinear_inverse,sparse_nonlinear_inverse_i13_d80,13,80,150,12000,6,110390814,jSO
c1,sparse_nonlinear_inverse,sparse_nonlinear_inverse_i13_d80,13,80,150,12000,6,110390814,L_SRTDE
c1,sparse_nonlinear_inverse,sparse_nonlinear_inverse_i13_d80,13,80,150,12000,6,110390814,MS_LBFGSB
c1,sparse_nonlinear_inverse,sparse_nonlinear_inverse_i13_d80,13,80,150,12000,7,110390815,BasinGraph
c1,sparse_nonlinear_inverse,sparse_nonlinear_inverse_i13_d80,13,80,150,12000,7,110390815,CMA_ES
c1,sparse_nonlinear_inverse,sparse_nonlinear_inverse_i13_d80,13,80,150,12000,7,110390815,BIPOP_CMA_ES
c1,sparse_nonlinear_inverse,sparse_nonlinear_inverse_i13_d80,13,80,150,12000,7,110390815,L_SHADE_1_0_1
c1,sparse_nonlinear_inverse,sparse_nonlinear_inverse_i13_d80,13,80,150,12000,7,110390815,jSO
c1,sparse_nonlinear_inverse,sparse_nonlinear_inverse_i13_d80,13,80,150,12000,7,110390815,L_SRTDE
c1,sparse_nonlinear_inverse,sparse_nonlinear_inverse_i13_d80,13,80,150,12000,7,110390815,MS_LBFGSB
c1,sparse_nonlinear_inverse,sparse_nonlinear_inverse_i13_d80,13,80,150,12000,8,110390816,BasinGraph
c1,sparse_nonlinear_inverse,sparse_nonlinear_inverse_i13_d80,13,80,150,12000,8,110390816,CMA_ES
c1,sparse_nonlinear_inverse,sparse_nonlinear_inverse_i13_d80,13,80,150,12000,8,110390816,BIPOP_CMA_ES
c1,sparse_nonlinear_inverse,sparse_nonlinear_inverse_i13_d80,13,80,150,12000,8,110390816,L_SHADE_1_0_1
c1,sparse_nonlinear_inverse,sparse_nonlinear_inverse_i13_d80,13,80,150,12000,8,110390816,jSO
c1,sparse_nonlinear_inverse,sparse_nonlinear_inverse_i13_d80,13,80,150,12000,8,110390816,L_SRTDE
c1,sparse_nonlinear_inverse,sparse_nonlinear_inverse_i13_d80,13,80,150,12000,8,110390816,MS_LBFGSB
c1,sparse_nonlinear_inverse,sparse_nonlinear_inverse_i13_d80,13,80,150,12000,9,110390817,BasinGraph
c1,sparse_nonlinear_inverse,sparse_nonlinear_inverse_i13_d80,13,80,150,12000,9,110390817,CMA_ES
c1,sparse_nonlinear_inverse,sparse_nonlinear_inverse_i13_d80,13,80,150,12000,9,110390817,BIPOP_CMA_ES
c1,sparse_nonlinear_inverse,sparse_nonlinear_inverse_i13_d80,13,80,150,12000,9,110390817,L_SHADE_1_0_1
c1,sparse_nonlinear_inverse,sparse_nonlinear_inverse_i13_d80,13,80,150,12000,9,110390817,jSO
c1,sparse_nonlinear_inverse,sparse_nonlinear_inverse_i13_d80,13,80,150,12000,9,110390817,L_SRTDE
c1,sparse_nonlinear_inverse,sparse_nonlinear_inverse_i13_d80,13,80,150,12000,9,110390817,MS_LBFGSB
c2,Chwirut1,Chwirut1_i0_d3,0,3,1000,3000,0,530260808,BasinGraph
c2,Chwirut1,Chwirut1_i0_d3,0,3,1000,3000,0,530260808,CMA_ES
c2,Chwirut1,Chwirut1_i0_d3,0,3,1000,3000,0,530260808,BIPOP_CMA_ES
c2,Chwirut1,Chwirut1_i0_d3,0,3,1000,3000,0,530260808,L_SHADE_1_0_1
c2,Chwirut1,Chwirut1_i0_d3,0,3,1000,3000,0,530260808,jSO
c2,Chwirut1,Chwirut1_i0_d3,0,3,1000,3000,0,530260808,L_SRTDE
c2,Chwirut1,Chwirut1_i0_d3,0,3,1000,3000,0,530260808,MS_LBFGSB
c2,Chwirut1,Chwirut1_i0_d3,0,3,1000,3000,1,530260809,BasinGraph
c2,Chwirut1,Chwirut1_i0_d3,0,3,1000,3000,1,530260809,CMA_ES
c2,Chwirut1,Chwirut1_i0_d3,0,3,1000,3000,1,530260809,BIPOP_CMA_ES
c2,Chwirut1,Chwirut1_i0_d3,0,3,1000,3000,1,530260809,L_SHADE_1_0_1
c2,Chwirut1,Chwirut1_i0_d3,0,3,1000,3000,1,530260809,jSO
c2,Chwirut1,Chwirut1_i0_d3,0,3,1000,3000,1,530260809,L_SRTDE
c2,Chwirut1,Chwirut1_i0_d3,0,3,1000,3000,1,530260809,MS_LBFGSB
c2,Chwirut1,Chwirut1_i0_d3,0,3,1000,3000,2,530260810,BasinGraph
c2,Chwirut1,Chwirut1_i0_d3,0,3,1000,3000,2,530260810,CMA_ES
c2,Chwirut1,Chwirut1_i0_d3,0,3,1000,3000,2,530260810,BIPOP_CMA_ES
c2,Chwirut1,Chwirut1_i0_d3,0,3,1000,3000,2,530260810,L_SHADE_1_0_1
c2,Chwirut1,Chwirut1_i0_d3,0,3,1000,3000,2,530260810,jSO
c2,Chwirut1,Chwirut1_i0_d3,0,3,1000,3000,2,530260810,L_SRTDE
c2,Chwirut1,Chwirut1_i0_d3,0,3,1000,3000,2,530260810,MS_LBFGSB
c2,Chwirut1,Chwirut1_i0_d3,0,3,1000,3000,3,530260811,BasinGraph
c2,Chwirut1,Chwirut1_i0_d3,0,3,1000,3000,3,530260811,CMA_ES
c2,Chwirut1,Chwirut1_i0_d3,0,3,1000,3000,3,530260811,BIPOP_CMA_ES
c2,Chwirut1,Chwirut1_i0_d3,0,3,1000,3000,3,530260811,L_SHADE_1_0_1
c2,Chwirut1,Chwirut1_i0_d3,0,3,1000,3000,3,530260811,jSO
c2,Chwirut1,Chwirut1_i0_d3,0,3,1000,3000,3,530260811,L_SRTDE
c2,Chwirut1,Chwirut1_i0_d3,0,3,1000,3000,3,530260811,MS_LBFGSB
c2,Chwirut1,Chwirut1_i0_d3,0,3,1000,3000,4,530260812,BasinGraph
c2,Chwirut1,Chwirut1_i0_d3,0,3,1000,3000,4,530260812,CMA_ES
c2,Chwirut1,Chwirut1_i0_d3,0,3,1000,3000,4,530260812,BIPOP_CMA_ES
c2,Chwirut1,Chwirut1_i0_d3,0,3,1000,3000,4,530260812,L_SHADE_1_0_1
c2,Chwirut1,Chwirut1_i0_d3,0,3,1000,3000,4,530260812,jSO
c2,Chwirut1,Chwirut1_i0_d3,0,3,1000,3000,4,530260812,L_SRTDE
c2,Chwirut1,Chwirut1_i0_d3,0,3,1000,3000,4,530260812,MS_LBFGSB
c2,Chwirut1,Chwirut1_i0_d3,0,3,1000,3000,5,530260813,BasinGraph
c2,Chwirut1,Chwirut1_i0_d3,0,3,1000,3000,5,530260813,CMA_ES
c2,Chwirut1,Chwirut1_i0_d3,0,3,1000,3000,5,530260813,BIPOP_CMA_ES
c2,Chwirut1,Chwirut1_i0_d3,0,3,1000,3000,5,530260813,L_SHADE_1_0_1
c2,Chwirut1,Chwirut1_i0_d3,0,3,1000,3000,5,530260813,jSO
c2,Chwirut1,Chwirut1_i0_d3,0,3,1000,3000,5,530260813,L_SRTDE
c2,Chwirut1,Chwirut1_i0_d3,0,3,1000,3000,5,530260813,MS_LBFGSB
c2,Chwirut1,Chwirut1_i0_d3,0,3,1000,3000,6,530260814,BasinGraph
c2,Chwirut1,Chwirut1_i0_d3,0,3,1000,3000,6,530260814,CMA_ES
c2,Chwirut1,Chwirut1_i0_d3,0,3,1000,3000,6,530260814,BIPOP_CMA_ES
c2,Chwirut1,Chwirut1_i0_d3,0,3,1000,3000,6,530260814,L_SHADE_1_0_1
c2,Chwirut1,Chwirut1_i0_d3,0,3,1000,3000,6,530260814,jSO
c2,Chwirut1,Chwirut1_i0_d3,0,3,1000,3000,6,530260814,L_SRTDE
c2,Chwirut1,Chwirut1_i0_d3,0,3,1000,3000,6,530260814,MS_LBFGSB
c2,Chwirut1,Chwirut1_i0_d3,0,3,1000,3000,7,530260815,BasinGraph
c2,Chwirut1,Chwirut1_i0_d3,0,3,1000,3000,7,530260815,CMA_ES
c2,Chwirut1,Chwirut1_i0_d3,0,3,1000,3000,7,530260815,BIPOP_CMA_ES
c2,Chwirut1,Chwirut1_i0_d3,0,3,1000,3000,7,530260815,L_SHADE_1_0_1
c2,Chwirut1,Chwirut1_i0_d3,0,3,1000,3000,7,530260815,jSO
c2,Chwirut1,Chwirut1_i0_d3,0,3,1000,3000,7,530260815,L_SRTDE
c2,Chwirut1,Chwirut1_i0_d3,0,3,1000,3000,7,530260815,MS_LBFGSB
c2,Chwirut1,Chwirut1_i0_d3,0,3,1000,3000,8,530260816,BasinGraph
c2,Chwirut1,Chwirut1_i0_d3,0,3,1000,3000,8,530260816,CMA_ES
c2,Chwirut1,Chwirut1_i0_d3,0,3,1000,3000,8,530260816,BIPOP_CMA_ES
c2,Chwirut1,Chwirut1_i0_d3,0,3,1000,3000,8,530260816,L_SHADE_1_0_1
c2,Chwirut1,Chwirut1_i0_d3,0,3,1000,3000,8,530260816,jSO
c2,Chwirut1,Chwirut1_i0_d3,0,3,1000,3000,8,530260816,L_SRTDE
c2,Chwirut1,Chwirut1_i0_d3,0,3,1000,3000,8,530260816,MS_LBFGSB
c2,Chwirut1,Chwirut1_i0_d3,0,3,1000,3000,9,530260817,BasinGraph
c2,Chwirut1,Chwirut1_i0_d3,0,3,1000,3000,9,530260817,CMA_ES
c2,Chwirut1,Chwirut1_i0_d3,0,3,1000,3000,9,530260817,BIPOP_CMA_ES
c2,Chwirut1,Chwirut1_i0_d3,0,3,1000,3000,9,530260817,L_SHADE_1_0_1
c2,Chwirut1,Chwirut1_i0_d3,0,3,1000,3000,9,530260817,jSO
c2,Chwirut1,Chwirut1_i0_d3,0,3,1000,3000,9,530260817,L_SRTDE
c2,Chwirut1,Chwirut1_i0_d3,0,3,1000,3000,9,530260817,MS_LBFGSB
c2,Roszman1,Roszman1_i0_d4,0,4,1000,4000,0,540260808,BasinGraph
c2,Roszman1,Roszman1_i0_d4,0,4,1000,4000,0,540260808,CMA_ES
c2,Roszman1,Roszman1_i0_d4,0,4,1000,4000,0,540260808,BIPOP_CMA_ES
c2,Roszman1,Roszman1_i0_d4,0,4,1000,4000,0,540260808,L_SHADE_1_0_1
c2,Roszman1,Roszman1_i0_d4,0,4,1000,4000,0,540260808,jSO
c2,Roszman1,Roszman1_i0_d4,0,4,1000,4000,0,540260808,L_SRTDE
c2,Roszman1,Roszman1_i0_d4,0,4,1000,4000,0,540260808,MS_LBFGSB
c2,Roszman1,Roszman1_i0_d4,0,4,1000,4000,1,540260809,BasinGraph
c2,Roszman1,Roszman1_i0_d4,0,4,1000,4000,1,540260809,CMA_ES
c2,Roszman1,Roszman1_i0_d4,0,4,1000,4000,1,540260809,BIPOP_CMA_ES
c2,Roszman1,Roszman1_i0_d4,0,4,1000,4000,1,540260809,L_SHADE_1_0_1
c2,Roszman1,Roszman1_i0_d4,0,4,1000,4000,1,540260809,jSO
c2,Roszman1,Roszman1_i0_d4,0,4,1000,4000,1,540260809,L_SRTDE
c2,Roszman1,Roszman1_i0_d4,0,4,1000,4000,1,540260809,MS_LBFGSB
c2,Roszman1,Roszman1_i0_d4,0,4,1000,4000,2,540260810,BasinGraph
c2,Roszman1,Roszman1_i0_d4,0,4,1000,4000,2,540260810,CMA_ES
c2,Roszman1,Roszman1_i0_d4,0,4,1000,4000,2,540260810,BIPOP_CMA_ES
c2,Roszman1,Roszman1_i0_d4,0,4,1000,4000,2,540260810,L_SHADE_1_0_1
c2,Roszman1,Roszman1_i0_d4,0,4,1000,4000,2,540260810,jSO
c2,Roszman1,Roszman1_i0_d4,0,4,1000,4000,2,540260810,L_SRTDE
c2,Roszman1,Roszman1_i0_d4,0,4,1000,4000,2,540260810,MS_LBFGSB
c2,Roszman1,Roszman1_i0_d4,0,4,1000,4000,3,540260811,BasinGraph
c2,Roszman1,Roszman1_i0_d4,0,4,1000,4000,3,540260811,CMA_ES
c2,Roszman1,Roszman1_i0_d4,0,4,1000,4000,3,540260811,BIPOP_CMA_ES
c2,Roszman1,Roszman1_i0_d4,0,4,1000,4000,3,540260811,L_SHADE_1_0_1
c2,Roszman1,Roszman1_i0_d4,0,4,1000,4000,3,540260811,jSO
c2,Roszman1,Roszman1_i0_d4,0,4,1000,4000,3,540260811,L_SRTDE
c2,Roszman1,Roszman1_i0_d4,0,4,1000,4000,3,540260811,MS_LBFGSB
c2,Roszman1,Roszman1_i0_d4,0,4,1000,4000,4,540260812,BasinGraph
c2,Roszman1,Roszman1_i0_d4,0,4,1000,4000,4,540260812,CMA_ES
c2,Roszman1,Roszman1_i0_d4,0,4,1000,4000,4,540260812,BIPOP_CMA_ES
c2,Roszman1,Roszman1_i0_d4,0,4,1000,4000,4,540260812,L_SHADE_1_0_1
c2,Roszman1,Roszman1_i0_d4,0,4,1000,4000,4,540260812,jSO
c2,Roszman1,Roszman1_i0_d4,0,4,1000,4000,4,540260812,L_SRTDE
c2,Roszman1,Roszman1_i0_d4,0,4,1000,4000,4,540260812,MS_LBFGSB
c2,Roszman1,Roszman1_i0_d4,0,4,1000,4000,5,540260813,BasinGraph
c2,Roszman1,Roszman1_i0_d4,0,4,1000,4000,5,540260813,CMA_ES
c2,Roszman1,Roszman1_i0_d4,0,4,1000,4000,5,540260813,BIPOP_CMA_ES
c2,Roszman1,Roszman1_i0_d4,0,4,1000,4000,5,540260813,L_SHADE_1_0_1
c2,Roszman1,Roszman1_i0_d4,0,4,1000,4000,5,540260813,jSO
c2,Roszman1,Roszman1_i0_d4,0,4,1000,4000,5,540260813,L_SRTDE
c2,Roszman1,Roszman1_i0_d4,0,4,1000,4000,5,540260813,MS_LBFGSB
c2,Roszman1,Roszman1_i0_d4,0,4,1000,4000,6,540260814,BasinGraph
c2,Roszman1,Roszman1_i0_d4,0,4,1000,4000,6,540260814,CMA_ES
c2,Roszman1,Roszman1_i0_d4,0,4,1000,4000,6,540260814,BIPOP_CMA_ES
c2,Roszman1,Roszman1_i0_d4,0,4,1000,4000,6,540260814,L_SHADE_1_0_1
c2,Roszman1,Roszman1_i0_d4,0,4,1000,4000,6,540260814,jSO
c2,Roszman1,Roszman1_i0_d4,0,4,1000,4000,6,540260814,L_SRTDE
c2,Roszman1,Roszman1_i0_d4,0,4,1000,4000,6,540260814,MS_LBFGSB
c2,Roszman1,Roszman1_i0_d4,0,4,1000,4000,7,540260815,BasinGraph
c2,Roszman1,Roszman1_i0_d4,0,4,1000,4000,7,540260815,CMA_ES
c2,Roszman1,Roszman1_i0_d4,0,4,1000,4000,7,540260815,BIPOP_CMA_ES
c2,Roszman1,Roszman1_i0_d4,0,4,1000,4000,7,540260815,L_SHADE_1_0_1
c2,Roszman1,Roszman1_i0_d4,0,4,1000,4000,7,540260815,jSO
c2,Roszman1,Roszman1_i0_d4,0,4,1000,4000,7,540260815,L_SRTDE
c2,Roszman1,Roszman1_i0_d4,0,4,1000,4000,7,540260815,MS_LBFGSB
c2,Roszman1,Roszman1_i0_d4,0,4,1000,4000,8,540260816,BasinGraph
c2,Roszman1,Roszman1_i0_d4,0,4,1000,4000,8,540260816,CMA_ES
c2,Roszman1,Roszman1_i0_d4,0,4,1000,4000,8,540260816,BIPOP_CMA_ES
c2,Roszman1,Roszman1_i0_d4,0,4,1000,4000,8,540260816,L_SHADE_1_0_1
c2,Roszman1,Roszman1_i0_d4,0,4,1000,4000,8,540260816,jSO
c2,Roszman1,Roszman1_i0_d4,0,4,1000,4000,8,540260816,L_SRTDE
c2,Roszman1,Roszman1_i0_d4,0,4,1000,4000,8,540260816,MS_LBFGSB
c2,Roszman1,Roszman1_i0_d4,0,4,1000,4000,9,540260817,BasinGraph
c2,Roszman1,Roszman1_i0_d4,0,4,1000,4000,9,540260817,CMA_ES
c2,Roszman1,Roszman1_i0_d4,0,4,1000,4000,9,540260817,BIPOP_CMA_ES
c2,Roszman1,Roszman1_i0_d4,0,4,1000,4000,9,540260817,L_SHADE_1_0_1
c2,Roszman1,Roszman1_i0_d4,0,4,1000,4000,9,540260817,jSO
c2,Roszman1,Roszman1_i0_d4,0,4,1000,4000,9,540260817,L_SRTDE
c2,Roszman1,Roszman1_i0_d4,0,4,1000,4000,9,540260817,MS_LBFGSB
c2,ENSO,ENSO_i0_d9,0,9,1000,9000,0,550260808,BasinGraph
c2,ENSO,ENSO_i0_d9,0,9,1000,9000,0,550260808,CMA_ES
c2,ENSO,ENSO_i0_d9,0,9,1000,9000,0,550260808,BIPOP_CMA_ES
c2,ENSO,ENSO_i0_d9,0,9,1000,9000,0,550260808,L_SHADE_1_0_1
c2,ENSO,ENSO_i0_d9,0,9,1000,9000,0,550260808,jSO
c2,ENSO,ENSO_i0_d9,0,9,1000,9000,0,550260808,L_SRTDE
c2,ENSO,ENSO_i0_d9,0,9,1000,9000,0,550260808,MS_LBFGSB
c2,ENSO,ENSO_i0_d9,0,9,1000,9000,1,550260809,BasinGraph
c2,ENSO,ENSO_i0_d9,0,9,1000,9000,1,550260809,CMA_ES
c2,ENSO,ENSO_i0_d9,0,9,1000,9000,1,550260809,BIPOP_CMA_ES
c2,ENSO,ENSO_i0_d9,0,9,1000,9000,1,550260809,L_SHADE_1_0_1
c2,ENSO,ENSO_i0_d9,0,9,1000,9000,1,550260809,jSO
c2,ENSO,ENSO_i0_d9,0,9,1000,9000,1,550260809,L_SRTDE
c2,ENSO,ENSO_i0_d9,0,9,1000,9000,1,550260809,MS_LBFGSB
c2,ENSO,ENSO_i0_d9,0,9,1000,9000,2,550260810,BasinGraph
c2,ENSO,ENSO_i0_d9,0,9,1000,9000,2,550260810,CMA_ES
c2,ENSO,ENSO_i0_d9,0,9,1000,9000,2,550260810,BIPOP_CMA_ES
c2,ENSO,ENSO_i0_d9,0,9,1000,9000,2,550260810,L_SHADE_1_0_1
c2,ENSO,ENSO_i0_d9,0,9,1000,9000,2,550260810,jSO
c2,ENSO,ENSO_i0_d9,0,9,1000,9000,2,550260810,L_SRTDE
c2,ENSO,ENSO_i0_d9,0,9,1000,9000,2,550260810,MS_LBFGSB
c2,ENSO,ENSO_i0_d9,0,9,1000,9000,3,550260811,BasinGraph
c2,ENSO,ENSO_i0_d9,0,9,1000,9000,3,550260811,CMA_ES
c2,ENSO,ENSO_i0_d9,0,9,1000,9000,3,550260811,BIPOP_CMA_ES
c2,ENSO,ENSO_i0_d9,0,9,1000,9000,3,550260811,L_SHADE_1_0_1
c2,ENSO,ENSO_i0_d9,0,9,1000,9000,3,550260811,jSO
c2,ENSO,ENSO_i0_d9,0,9,1000,9000,3,550260811,L_SRTDE
c2,ENSO,ENSO_i0_d9,0,9,1000,9000,3,550260811,MS_LBFGSB
c2,ENSO,ENSO_i0_d9,0,9,1000,9000,4,550260812,BasinGraph
c2,ENSO,ENSO_i0_d9,0,9,1000,9000,4,550260812,CMA_ES
c2,ENSO,ENSO_i0_d9,0,9,1000,9000,4,550260812,BIPOP_CMA_ES
c2,ENSO,ENSO_i0_d9,0,9,1000,9000,4,550260812,L_SHADE_1_0_1
c2,ENSO,ENSO_i0_d9,0,9,1000,9000,4,550260812,jSO
c2,ENSO,ENSO_i0_d9,0,9,1000,9000,4,550260812,L_SRTDE
c2,ENSO,ENSO_i0_d9,0,9,1000,9000,4,550260812,MS_LBFGSB
c2,ENSO,ENSO_i0_d9,0,9,1000,9000,5,550260813,BasinGraph
c2,ENSO,ENSO_i0_d9,0,9,1000,9000,5,550260813,CMA_ES
c2,ENSO,ENSO_i0_d9,0,9,1000,9000,5,550260813,BIPOP_CMA_ES
c2,ENSO,ENSO_i0_d9,0,9,1000,9000,5,550260813,L_SHADE_1_0_1
c2,ENSO,ENSO_i0_d9,0,9,1000,9000,5,550260813,jSO
c2,ENSO,ENSO_i0_d9,0,9,1000,9000,5,550260813,L_SRTDE
c2,ENSO,ENSO_i0_d9,0,9,1000,9000,5,550260813,MS_LBFGSB
c2,ENSO,ENSO_i0_d9,0,9,1000,9000,6,550260814,BasinGraph
c2,ENSO,ENSO_i0_d9,0,9,1000,9000,6,550260814,CMA_ES
c2,ENSO,ENSO_i0_d9,0,9,1000,9000,6,550260814,BIPOP_CMA_ES
c2,ENSO,ENSO_i0_d9,0,9,1000,9000,6,550260814,L_SHADE_1_0_1
c2,ENSO,ENSO_i0_d9,0,9,1000,9000,6,550260814,jSO
c2,ENSO,ENSO_i0_d9,0,9,1000,9000,6,550260814,L_SRTDE
c2,ENSO,ENSO_i0_d9,0,9,1000,9000,6,550260814,MS_LBFGSB
c2,ENSO,ENSO_i0_d9,0,9,1000,9000,7,550260815,BasinGraph
c2,ENSO,ENSO_i0_d9,0,9,1000,9000,7,550260815,CMA_ES
c2,ENSO,ENSO_i0_d9,0,9,1000,9000,7,550260815,BIPOP_CMA_ES
c2,ENSO,ENSO_i0_d9,0,9,1000,9000,7,550260815,L_SHADE_1_0_1
c2,ENSO,ENSO_i0_d9,0,9,1000,9000,7,550260815,jSO
c2,ENSO,ENSO_i0_d9,0,9,1000,9000,7,550260815,L_SRTDE
c2,ENSO,ENSO_i0_d9,0,9,1000,9000,7,550260815,MS_LBFGSB
c2,ENSO,ENSO_i0_d9,0,9,1000,9000,8,550260816,BasinGraph
c2,ENSO,ENSO_i0_d9,0,9,1000,9000,8,550260816,CMA_ES
c2,ENSO,ENSO_i0_d9,0,9,1000,9000,8,550260816,BIPOP_CMA_ES
c2,ENSO,ENSO_i0_d9,0,9,1000,9000,8,550260816,L_SHADE_1_0_1
c2,ENSO,ENSO_i0_d9,0,9,1000,9000,8,550260816,jSO
c2,ENSO,ENSO_i0_d9,0,9,1000,9000,8,550260816,L_SRTDE
c2,ENSO,ENSO_i0_d9,0,9,1000,9000,8,550260816,MS_LBFGSB
c2,ENSO,ENSO_i0_d9,0,9,1000,9000,9,550260817,BasinGraph
c2,ENSO,ENSO_i0_d9,0,9,1000,9000,9,550260817,CMA_ES
c2,ENSO,ENSO_i0_d9,0,9,1000,9000,9,550260817,BIPOP_CMA_ES
c2,ENSO,ENSO_i0_d9,0,9,1000,9000,9,550260817,L_SHADE_1_0_1
c2,ENSO,ENSO_i0_d9,0,9,1000,9000,9,550260817,jSO
c2,ENSO,ENSO_i0_d9,0,9,1000,9000,9,550260817,L_SRTDE
c2,ENSO,ENSO_i0_d9,0,9,1000,9000,9,550260817,MS_LBFGSB
c2,Eckerle4,Eckerle4_i0_d3,0,3,1000,3000,0,560260808,BasinGraph
c2,Eckerle4,Eckerle4_i0_d3,0,3,1000,3000,0,560260808,CMA_ES
c2,Eckerle4,Eckerle4_i0_d3,0,3,1000,3000,0,560260808,BIPOP_CMA_ES
c2,Eckerle4,Eckerle4_i0_d3,0,3,1000,3000,0,560260808,L_SHADE_1_0_1
c2,Eckerle4,Eckerle4_i0_d3,0,3,1000,3000,0,560260808,jSO
c2,Eckerle4,Eckerle4_i0_d3,0,3,1000,3000,0,560260808,L_SRTDE
c2,Eckerle4,Eckerle4_i0_d3,0,3,1000,3000,0,560260808,MS_LBFGSB
c2,Eckerle4,Eckerle4_i0_d3,0,3,1000,3000,1,560260809,BasinGraph
c2,Eckerle4,Eckerle4_i0_d3,0,3,1000,3000,1,560260809,CMA_ES
c2,Eckerle4,Eckerle4_i0_d3,0,3,1000,3000,1,560260809,BIPOP_CMA_ES
c2,Eckerle4,Eckerle4_i0_d3,0,3,1000,3000,1,560260809,L_SHADE_1_0_1
c2,Eckerle4,Eckerle4_i0_d3,0,3,1000,3000,1,560260809,jSO
c2,Eckerle4,Eckerle4_i0_d3,0,3,1000,3000,1,560260809,L_SRTDE
c2,Eckerle4,Eckerle4_i0_d3,0,3,1000,3000,1,560260809,MS_LBFGSB
c2,Eckerle4,Eckerle4_i0_d3,0,3,1000,3000,2,560260810,BasinGraph
c2,Eckerle4,Eckerle4_i0_d3,0,3,1000,3000,2,560260810,CMA_ES
c2,Eckerle4,Eckerle4_i0_d3,0,3,1000,3000,2,560260810,BIPOP_CMA_ES
c2,Eckerle4,Eckerle4_i0_d3,0,3,1000,3000,2,560260810,L_SHADE_1_0_1
c2,Eckerle4,Eckerle4_i0_d3,0,3,1000,3000,2,560260810,jSO
c2,Eckerle4,Eckerle4_i0_d3,0,3,1000,3000,2,560260810,L_SRTDE
c2,Eckerle4,Eckerle4_i0_d3,0,3,1000,3000,2,560260810,MS_LBFGSB
c2,Eckerle4,Eckerle4_i0_d3,0,3,1000,3000,3,560260811,BasinGraph
c2,Eckerle4,Eckerle4_i0_d3,0,3,1000,3000,3,560260811,CMA_ES
c2,Eckerle4,Eckerle4_i0_d3,0,3,1000,3000,3,560260811,BIPOP_CMA_ES
c2,Eckerle4,Eckerle4_i0_d3,0,3,1000,3000,3,560260811,L_SHADE_1_0_1
c2,Eckerle4,Eckerle4_i0_d3,0,3,1000,3000,3,560260811,jSO
c2,Eckerle4,Eckerle4_i0_d3,0,3,1000,3000,3,560260811,L_SRTDE
c2,Eckerle4,Eckerle4_i0_d3,0,3,1000,3000,3,560260811,MS_LBFGSB
c2,Eckerle4,Eckerle4_i0_d3,0,3,1000,3000,4,560260812,BasinGraph
c2,Eckerle4,Eckerle4_i0_d3,0,3,1000,3000,4,560260812,CMA_ES
c2,Eckerle4,Eckerle4_i0_d3,0,3,1000,3000,4,560260812,BIPOP_CMA_ES
c2,Eckerle4,Eckerle4_i0_d3,0,3,1000,3000,4,560260812,L_SHADE_1_0_1
c2,Eckerle4,Eckerle4_i0_d3,0,3,1000,3000,4,560260812,jSO
c2,Eckerle4,Eckerle4_i0_d3,0,3,1000,3000,4,560260812,L_SRTDE
c2,Eckerle4,Eckerle4_i0_d3,0,3,1000,3000,4,560260812,MS_LBFGSB
c2,Eckerle4,Eckerle4_i0_d3,0,3,1000,3000,5,560260813,BasinGraph
c2,Eckerle4,Eckerle4_i0_d3,0,3,1000,3000,5,560260813,CMA_ES
c2,Eckerle4,Eckerle4_i0_d3,0,3,1000,3000,5,560260813,BIPOP_CMA_ES
c2,Eckerle4,Eckerle4_i0_d3,0,3,1000,3000,5,560260813,L_SHADE_1_0_1
c2,Eckerle4,Eckerle4_i0_d3,0,3,1000,3000,5,560260813,jSO
c2,Eckerle4,Eckerle4_i0_d3,0,3,1000,3000,5,560260813,L_SRTDE
c2,Eckerle4,Eckerle4_i0_d3,0,3,1000,3000,5,560260813,MS_LBFGSB
c2,Eckerle4,Eckerle4_i0_d3,0,3,1000,3000,6,560260814,BasinGraph
c2,Eckerle4,Eckerle4_i0_d3,0,3,1000,3000,6,560260814,CMA_ES
c2,Eckerle4,Eckerle4_i0_d3,0,3,1000,3000,6,560260814,BIPOP_CMA_ES
c2,Eckerle4,Eckerle4_i0_d3,0,3,1000,3000,6,560260814,L_SHADE_1_0_1
c2,Eckerle4,Eckerle4_i0_d3,0,3,1000,3000,6,560260814,jSO
c2,Eckerle4,Eckerle4_i0_d3,0,3,1000,3000,6,560260814,L_SRTDE
c2,Eckerle4,Eckerle4_i0_d3,0,3,1000,3000,6,560260814,MS_LBFGSB
c2,Eckerle4,Eckerle4_i0_d3,0,3,1000,3000,7,560260815,BasinGraph
c2,Eckerle4,Eckerle4_i0_d3,0,3,1000,3000,7,560260815,CMA_ES
c2,Eckerle4,Eckerle4_i0_d3,0,3,1000,3000,7,560260815,BIPOP_CMA_ES
c2,Eckerle4,Eckerle4_i0_d3,0,3,1000,3000,7,560260815,L_SHADE_1_0_1
c2,Eckerle4,Eckerle4_i0_d3,0,3,1000,3000,7,560260815,jSO
c2,Eckerle4,Eckerle4_i0_d3,0,3,1000,3000,7,560260815,L_SRTDE
c2,Eckerle4,Eckerle4_i0_d3,0,3,1000,3000,7,560260815,MS_LBFGSB
c2,Eckerle4,Eckerle4_i0_d3,0,3,1000,3000,8,560260816,BasinGraph
c2,Eckerle4,Eckerle4_i0_d3,0,3,1000,3000,8,560260816,CMA_ES
c2,Eckerle4,Eckerle4_i0_d3,0,3,1000,3000,8,560260816,BIPOP_CMA_ES
c2,Eckerle4,Eckerle4_i0_d3,0,3,1000,3000,8,560260816,L_SHADE_1_0_1
c2,Eckerle4,Eckerle4_i0_d3,0,3,1000,3000,8,560260816,jSO
c2,Eckerle4,Eckerle4_i0_d3,0,3,1000,3000,8,560260816,L_SRTDE
c2,Eckerle4,Eckerle4_i0_d3,0,3,1000,3000,8,560260816,MS_LBFGSB
c2,Eckerle4,Eckerle4_i0_d3,0,3,1000,3000,9,560260817,BasinGraph
c2,Eckerle4,Eckerle4_i0_d3,0,3,1000,3000,9,560260817,CMA_ES
c2,Eckerle4,Eckerle4_i0_d3,0,3,1000,3000,9,560260817,BIPOP_CMA_ES
c2,Eckerle4,Eckerle4_i0_d3,0,3,1000,3000,9,560260817,L_SHADE_1_0_1
c2,Eckerle4,Eckerle4_i0_d3,0,3,1000,3000,9,560260817,jSO
c2,Eckerle4,Eckerle4_i0_d3,0,3,1000,3000,9,560260817,L_SRTDE
c2,Eckerle4,Eckerle4_i0_d3,0,3,1000,3000,9,560260817,MS_LBFGSB
c2,Bennett5,Bennett5_i0_d3,0,3,1000,3000,0,570260808,BasinGraph
c2,Bennett5,Bennett5_i0_d3,0,3,1000,3000,0,570260808,CMA_ES
c2,Bennett5,Bennett5_i0_d3,0,3,1000,3000,0,570260808,BIPOP_CMA_ES
c2,Bennett5,Bennett5_i0_d3,0,3,1000,3000,0,570260808,L_SHADE_1_0_1
c2,Bennett5,Bennett5_i0_d3,0,3,1000,3000,0,570260808,jSO
c2,Bennett5,Bennett5_i0_d3,0,3,1000,3000,0,570260808,L_SRTDE
c2,Bennett5,Bennett5_i0_d3,0,3,1000,3000,0,570260808,MS_LBFGSB
c2,Bennett5,Bennett5_i0_d3,0,3,1000,3000,1,570260809,BasinGraph
c2,Bennett5,Bennett5_i0_d3,0,3,1000,3000,1,570260809,CMA_ES
c2,Bennett5,Bennett5_i0_d3,0,3,1000,3000,1,570260809,BIPOP_CMA_ES
c2,Bennett5,Bennett5_i0_d3,0,3,1000,3000,1,570260809,L_SHADE_1_0_1
c2,Bennett5,Bennett5_i0_d3,0,3,1000,3000,1,570260809,jSO
c2,Bennett5,Bennett5_i0_d3,0,3,1000,3000,1,570260809,L_SRTDE
c2,Bennett5,Bennett5_i0_d3,0,3,1000,3000,1,570260809,MS_LBFGSB
c2,Bennett5,Bennett5_i0_d3,0,3,1000,3000,2,570260810,BasinGraph
c2,Bennett5,Bennett5_i0_d3,0,3,1000,3000,2,570260810,CMA_ES
c2,Bennett5,Bennett5_i0_d3,0,3,1000,3000,2,570260810,BIPOP_CMA_ES
c2,Bennett5,Bennett5_i0_d3,0,3,1000,3000,2,570260810,L_SHADE_1_0_1
c2,Bennett5,Bennett5_i0_d3,0,3,1000,3000,2,570260810,jSO
c2,Bennett5,Bennett5_i0_d3,0,3,1000,3000,2,570260810,L_SRTDE
c2,Bennett5,Bennett5_i0_d3,0,3,1000,3000,2,570260810,MS_LBFGSB
c2,Bennett5,Bennett5_i0_d3,0,3,1000,3000,3,570260811,BasinGraph
c2,Bennett5,Bennett5_i0_d3,0,3,1000,3000,3,570260811,CMA_ES
c2,Bennett5,Bennett5_i0_d3,0,3,1000,3000,3,570260811,BIPOP_CMA_ES
c2,Bennett5,Bennett5_i0_d3,0,3,1000,3000,3,570260811,L_SHADE_1_0_1
c2,Bennett5,Bennett5_i0_d3,0,3,1000,3000,3,570260811,jSO
c2,Bennett5,Bennett5_i0_d3,0,3,1000,3000,3,570260811,L_SRTDE
c2,Bennett5,Bennett5_i0_d3,0,3,1000,3000,3,570260811,MS_LBFGSB
c2,Bennett5,Bennett5_i0_d3,0,3,1000,3000,4,570260812,BasinGraph
c2,Bennett5,Bennett5_i0_d3,0,3,1000,3000,4,570260812,CMA_ES
c2,Bennett5,Bennett5_i0_d3,0,3,1000,3000,4,570260812,BIPOP_CMA_ES
c2,Bennett5,Bennett5_i0_d3,0,3,1000,3000,4,570260812,L_SHADE_1_0_1
c2,Bennett5,Bennett5_i0_d3,0,3,1000,3000,4,570260812,jSO
c2,Bennett5,Bennett5_i0_d3,0,3,1000,3000,4,570260812,L_SRTDE
c2,Bennett5,Bennett5_i0_d3,0,3,1000,3000,4,570260812,MS_LBFGSB
c2,Bennett5,Bennett5_i0_d3,0,3,1000,3000,5,570260813,BasinGraph
c2,Bennett5,Bennett5_i0_d3,0,3,1000,3000,5,570260813,CMA_ES
c2,Bennett5,Bennett5_i0_d3,0,3,1000,3000,5,570260813,BIPOP_CMA_ES
c2,Bennett5,Bennett5_i0_d3,0,3,1000,3000,5,570260813,L_SHADE_1_0_1
c2,Bennett5,Bennett5_i0_d3,0,3,1000,3000,5,570260813,jSO
c2,Bennett5,Bennett5_i0_d3,0,3,1000,3000,5,570260813,L_SRTDE
c2,Bennett5,Bennett5_i0_d3,0,3,1000,3000,5,570260813,MS_LBFGSB
c2,Bennett5,Bennett5_i0_d3,0,3,1000,3000,6,570260814,BasinGraph
c2,Bennett5,Bennett5_i0_d3,0,3,1000,3000,6,570260814,CMA_ES
c2,Bennett5,Bennett5_i0_d3,0,3,1000,3000,6,570260814,BIPOP_CMA_ES
c2,Bennett5,Bennett5_i0_d3,0,3,1000,3000,6,570260814,L_SHADE_1_0_1
c2,Bennett5,Bennett5_i0_d3,0,3,1000,3000,6,570260814,jSO
c2,Bennett5,Bennett5_i0_d3,0,3,1000,3000,6,570260814,L_SRTDE
c2,Bennett5,Bennett5_i0_d3,0,3,1000,3000,6,570260814,MS_LBFGSB
c2,Bennett5,Bennett5_i0_d3,0,3,1000,3000,7,570260815,BasinGraph
c2,Bennett5,Bennett5_i0_d3,0,3,1000,3000,7,570260815,CMA_ES
c2,Bennett5,Bennett5_i0_d3,0,3,1000,3000,7,570260815,BIPOP_CMA_ES
c2,Bennett5,Bennett5_i0_d3,0,3,1000,3000,7,570260815,L_SHADE_1_0_1
c2,Bennett5,Bennett5_i0_d3,0,3,1000,3000,7,570260815,jSO
c2,Bennett5,Bennett5_i0_d3,0,3,1000,3000,7,570260815,L_SRTDE
c2,Bennett5,Bennett5_i0_d3,0,3,1000,3000,7,570260815,MS_LBFGSB
c2,Bennett5,Bennett5_i0_d3,0,3,1000,3000,8,570260816,BasinGraph
c2,Bennett5,Bennett5_i0_d3,0,3,1000,3000,8,570260816,CMA_ES
c2,Bennett5,Bennett5_i0_d3,0,3,1000,3000,8,570260816,BIPOP_CMA_ES
c2,Bennett5,Bennett5_i0_d3,0,3,1000,3000,8,570260816,L_SHADE_1_0_1
c2,Bennett5,Bennett5_i0_d3,0,3,1000,3000,8,570260816,jSO
c2,Bennett5,Bennett5_i0_d3,0,3,1000,3000,8,570260816,L_SRTDE
c2,Bennett5,Bennett5_i0_d3,0,3,1000,3000,8,570260816,MS_LBFGSB
c2,Bennett5,Bennett5_i0_d3,0,3,1000,3000,9,570260817,BasinGraph
c2,Bennett5,Bennett5_i0_d3,0,3,1000,3000,9,570260817,CMA_ES
c2,Bennett5,Bennett5_i0_d3,0,3,1000,3000,9,570260817,BIPOP_CMA_ES
c2,Bennett5,Bennett5_i0_d3,0,3,1000,3000,9,570260817,L_SHADE_1_0_1
c2,Bennett5,Bennett5_i0_d3,0,3,1000,3000,9,570260817,jSO
c2,Bennett5,Bennett5_i0_d3,0,3,1000,3000,9,570260817,L_SRTDE
c2,Bennett5,Bennett5_i0_d3,0,3,1000,3000,9,570260817,MS_LBFGSB
c2,BoxBOD,BoxBOD_i0_d2,0,2,1000,2000,0,580260808,BasinGraph
c2,BoxBOD,BoxBOD_i0_d2,0,2,1000,2000,0,580260808,CMA_ES
c2,BoxBOD,BoxBOD_i0_d2,0,2,1000,2000,0,580260808,BIPOP_CMA_ES
c2,BoxBOD,BoxBOD_i0_d2,0,2,1000,2000,0,580260808,L_SHADE_1_0_1
c2,BoxBOD,BoxBOD_i0_d2,0,2,1000,2000,0,580260808,jSO
c2,BoxBOD,BoxBOD_i0_d2,0,2,1000,2000,0,580260808,L_SRTDE
c2,BoxBOD,BoxBOD_i0_d2,0,2,1000,2000,0,580260808,MS_LBFGSB
c2,BoxBOD,BoxBOD_i0_d2,0,2,1000,2000,1,580260809,BasinGraph
c2,BoxBOD,BoxBOD_i0_d2,0,2,1000,2000,1,580260809,CMA_ES
c2,BoxBOD,BoxBOD_i0_d2,0,2,1000,2000,1,580260809,BIPOP_CMA_ES
c2,BoxBOD,BoxBOD_i0_d2,0,2,1000,2000,1,580260809,L_SHADE_1_0_1
c2,BoxBOD,BoxBOD_i0_d2,0,2,1000,2000,1,580260809,jSO
c2,BoxBOD,BoxBOD_i0_d2,0,2,1000,2000,1,580260809,L_SRTDE
c2,BoxBOD,BoxBOD_i0_d2,0,2,1000,2000,1,580260809,MS_LBFGSB
c2,BoxBOD,BoxBOD_i0_d2,0,2,1000,2000,2,580260810,BasinGraph
c2,BoxBOD,BoxBOD_i0_d2,0,2,1000,2000,2,580260810,CMA_ES
c2,BoxBOD,BoxBOD_i0_d2,0,2,1000,2000,2,580260810,BIPOP_CMA_ES
c2,BoxBOD,BoxBOD_i0_d2,0,2,1000,2000,2,580260810,L_SHADE_1_0_1
c2,BoxBOD,BoxBOD_i0_d2,0,2,1000,2000,2,580260810,jSO
c2,BoxBOD,BoxBOD_i0_d2,0,2,1000,2000,2,580260810,L_SRTDE
c2,BoxBOD,BoxBOD_i0_d2,0,2,1000,2000,2,580260810,MS_LBFGSB
c2,BoxBOD,BoxBOD_i0_d2,0,2,1000,2000,3,580260811,BasinGraph
c2,BoxBOD,BoxBOD_i0_d2,0,2,1000,2000,3,580260811,CMA_ES
c2,BoxBOD,BoxBOD_i0_d2,0,2,1000,2000,3,580260811,BIPOP_CMA_ES
c2,BoxBOD,BoxBOD_i0_d2,0,2,1000,2000,3,580260811,L_SHADE_1_0_1
c2,BoxBOD,BoxBOD_i0_d2,0,2,1000,2000,3,580260811,jSO
c2,BoxBOD,BoxBOD_i0_d2,0,2,1000,2000,3,580260811,L_SRTDE
c2,BoxBOD,BoxBOD_i0_d2,0,2,1000,2000,3,580260811,MS_LBFGSB
c2,BoxBOD,BoxBOD_i0_d2,0,2,1000,2000,4,580260812,BasinGraph
c2,BoxBOD,BoxBOD_i0_d2,0,2,1000,2000,4,580260812,CMA_ES
c2,BoxBOD,BoxBOD_i0_d2,0,2,1000,2000,4,580260812,BIPOP_CMA_ES
c2,BoxBOD,BoxBOD_i0_d2,0,2,1000,2000,4,580260812,L_SHADE_1_0_1
c2,BoxBOD,BoxBOD_i0_d2,0,2,1000,2000,4,580260812,jSO
c2,BoxBOD,BoxBOD_i0_d2,0,2,1000,2000,4,580260812,L_SRTDE
c2,BoxBOD,BoxBOD_i0_d2,0,2,1000,2000,4,580260812,MS_LBFGSB
c2,BoxBOD,BoxBOD_i0_d2,0,2,1000,2000,5,580260813,BasinGraph
c2,BoxBOD,BoxBOD_i0_d2,0,2,1000,2000,5,580260813,CMA_ES
c2,BoxBOD,BoxBOD_i0_d2,0,2,1000,2000,5,580260813,BIPOP_CMA_ES
c2,BoxBOD,BoxBOD_i0_d2,0,2,1000,2000,5,580260813,L_SHADE_1_0_1
c2,BoxBOD,BoxBOD_i0_d2,0,2,1000,2000,5,580260813,jSO
c2,BoxBOD,BoxBOD_i0_d2,0,2,1000,2000,5,580260813,L_SRTDE
c2,BoxBOD,BoxBOD_i0_d2,0,2,1000,2000,5,580260813,MS_LBFGSB
c2,BoxBOD,BoxBOD_i0_d2,0,2,1000,2000,6,580260814,BasinGraph
c2,BoxBOD,BoxBOD_i0_d2,0,2,1000,2000,6,580260814,CMA_ES
c2,BoxBOD,BoxBOD_i0_d2,0,2,1000,2000,6,580260814,BIPOP_CMA_ES
c2,BoxBOD,BoxBOD_i0_d2,0,2,1000,2000,6,580260814,L_SHADE_1_0_1
c2,BoxBOD,BoxBOD_i0_d2,0,2,1000,2000,6,580260814,jSO
c2,BoxBOD,BoxBOD_i0_d2,0,2,1000,2000,6,580260814,L_SRTDE
c2,BoxBOD,BoxBOD_i0_d2,0,2,1000,2000,6,580260814,MS_LBFGSB
c2,BoxBOD,BoxBOD_i0_d2,0,2,1000,2000,7,580260815,BasinGraph
c2,BoxBOD,BoxBOD_i0_d2,0,2,1000,2000,7,580260815,CMA_ES
c2,BoxBOD,BoxBOD_i0_d2,0,2,1000,2000,7,580260815,BIPOP_CMA_ES
c2,BoxBOD,BoxBOD_i0_d2,0,2,1000,2000,7,580260815,L_SHADE_1_0_1
c2,BoxBOD,BoxBOD_i0_d2,0,2,1000,2000,7,580260815,jSO
c2,BoxBOD,BoxBOD_i0_d2,0,2,1000,2000,7,580260815,L_SRTDE
c2,BoxBOD,BoxBOD_i0_d2,0,2,1000,2000,7,580260815,MS_LBFGSB
c2,BoxBOD,BoxBOD_i0_d2,0,2,1000,2000,8,580260816,BasinGraph
c2,BoxBOD,BoxBOD_i0_d2,0,2,1000,2000,8,580260816,CMA_ES
c2,BoxBOD,BoxBOD_i0_d2,0,2,1000,2000,8,580260816,BIPOP_CMA_ES
c2,BoxBOD,BoxBOD_i0_d2,0,2,1000,2000,8,580260816,L_SHADE_1_0_1
c2,BoxBOD,BoxBOD_i0_d2,0,2,1000,2000,8,580260816,jSO
c2,BoxBOD,BoxBOD_i0_d2,0,2,1000,2000,8,580260816,L_SRTDE
c2,BoxBOD,BoxBOD_i0_d2,0,2,1000,2000,8,580260816,MS_LBFGSB
c2,BoxBOD,BoxBOD_i0_d2,0,2,1000,2000,9,580260817,BasinGraph
c2,BoxBOD,BoxBOD_i0_d2,0,2,1000,2000,9,580260817,CMA_ES
c2,BoxBOD,BoxBOD_i0_d2,0,2,1000,2000,9,580260817,BIPOP_CMA_ES
c2,BoxBOD,BoxBOD_i0_d2,0,2,1000,2000,9,580260817,L_SHADE_1_0_1
c2,BoxBOD,BoxBOD_i0_d2,0,2,1000,2000,9,580260817,jSO
c2,BoxBOD,BoxBOD_i0_d2,0,2,1000,2000,9,580260817,L_SRTDE
c2,BoxBOD,BoxBOD_i0_d2,0,2,1000,2000,9,580260817,MS_LBFGSB
